:020000022000DC
:1060000000000420A1F20300E1F20300E3F2030028
:10601000E5F20300E7F20300E9F2030000000000EC
:1060200000000000000000000000000029F1030053
:10603000EDF203000000000049F10300F1F203005B
:1060400061F40300F3F20300F3F2030019640300A8
:10605000F3F20300F3F20300D5C80300F3F20300E8
:10606000F3F20300F3F20300F3F20300F3F2030090
:10607000F3F20300F3F20300F3F20300F3F2030080
:10608000F3F2030079EE0300F3F20300F3F20300EE
:10609000F3F20300F3F20300F3F20300F3F2030060
:1060A000F3F20300F3F20300F3F20300F3F2030050
:1060B000F3F203009D8303000000000000000000D5
:1060C000F3F20300F3F20300F3F2030075F90300A7
:1060D000F3F20300F3F20300F3F2030099D202009B
:1060E000F3F20300F3F20300F3F2030000000000F8
:1060F00000000000F3F2030000000000EDF90300CF
:10610000000000000000000000000000000000008F
:10611000000000000000000000000000000000007F
:10612000000000000000000000000000000000006F
:10613000000000000000000000000000000000005F
:10614000000000000000000000000000000000004F
:10615000000000000000000000000000000000003F
:10616000000000000000000000000000000000002F
:10617000000000000000000000000000000000001F
:10618000000000000000000000000000000000000F
:1061900000000000000000000000000000000000FF
:1061A00000000000000000000000000000000000EF
:1061B00000000000000000000000000000000000DF
:1061C00000000000000000000000000000000000CF
:1061D00000000000000000000000000000000000BF
:1061E00000000000000000000000000000000000AF
:1061F000000000000000000000000000000000009F
:10620000F1EE103A43F08073E1EE103A704700BFB0
:1062100010B5054C237833B9044B13B10448AFF3E0
:1062200000800123237010BDA8630020000000003F
:1062300010B6040008B5034B1BB103490348AFF384
:10624000008008BD00000000AC63002010B6040010
:10625000154B002B08BF134B9D46A3F5803A002138
:106260008B460F461348144A121A1BF01BFB0F4BA8
:10627000002B00D098470E4B002B00D098470020F1
:10628000002104000D000D48002802D00C48AFF397
:1062900000801BF0ABFA2000290019F059F81BF020
:1062A00091FA00BF00000800000004200000000078
:1062B00000000000A863002094E10020000000001E
:1062C00000000000704700BF704700BF704700BF6C
:1062D00038B5054CA4F15405204616F05BFCAC42E1
:1062E000A4F10C04F8D138BD186400202DE9F04366
:1062F0006C4D83B016F04CFD6B4A2B681278C01AB7
:10630000904270D3694C217800296FD001F1FF3C95
:1063100001295FFA8CFC40F2BF808E1E0329F6B281
:1063200040F291800F1F0729FFB240F2B280A1F125
:1063300008085FFA88F8DFF87C91002B60D119F823
:1063400001205B484FF6FF7C66315300CDF800C05A
:10635000C2F162020EF0D6FB2178C80739D42B684F
:10636000002B5DD119F80120514856004FF6FF73FC
:10637000DD31C2F162020193009602230EF00AFAA7
:1063800021788A0725D12B68002B60D119F80120CC
:10639000474856004FF6FF73663101930096042379
:1063A000C2F19E020EF0F6F921784B0711D12B684D
:1063B000002B5DD119F801203D4856004FF6FF73C0
:1063C000663101930096C2F1DB0208230EF0E2F978
:1063D00021780131C9B24F298ABF0023217023706F
:1063E00016F0D6FC286003B0BDE8F083DFF8C49057
:1063F0004C274E264FF04F0C4FF04808002B9ED0F4
:1064000019F80C202A4848F21E4E0CF16601530080
:10641000CDF800E0C2F162020EF074FB21788EE745
:1064200019F8062022484FEA420C4EF6316306F175
:10643000DD010193CDF800C0C2F1620202230EF02B
:10644000A9F921788EE74C274FF0480873E719F82F
:106450000720174856004CF2D25307F1660101930A
:106460000096C2F19E0204230EF094F921788DE784
:1064700019F808200E4856004CF67B5308F16601C7
:1064800001930096C2F1DB0208230EF083F9217814
:1064900090E74FF048084EE74C274E264FF048084B
:1064A00049E700BF4071002074600020E4700020C4
:1064B000B4A00020404E04002DE9F04F4D4FDFF80E
:1064C00058814D4E4D4CDFF85491ADF2A46D02252C
:1064D00007A9332012F0CAFBD7ED000AF5EE400AF7
:1064E000F1EE10FA3246214607A807D098ED000ACF
:1064F00012F0FAFC012D16D00125E9E712F02CFC70
:10650000F2EE000A70EE600AF0EE407A324698ED44
:10651000000AC9ED007A214607A8C7ED000A12F06B
:10652000E3FC012DE8D1364B0493DFF8F4B0DFF83B
:10653000F4A0DFF8F490334EDFF8F08000230593E9
:10654000049DBDF8147003950024DBF80020039B24
:10655000DAF80010F3EC016A2B4D039307EE902A52
:10656000F8EEE77A07EE101AF4EEE67AB8EEC77A9C
:10657000F1EE10FA88BFF0EE667AF4EEC77AF1EE2B
:1065800010FAB8BFF0EE477AFDEEE77A40F2171343
:1065900017EE900A0093002316F0DEF91B4AB9F8B3
:1065A0000030117895F800C0194D3288C0B213FB45
:1065B000071135F8100001901BB214FB02C20093C2
:1065C000B6F9003009B212B2013440460EF0E2F8DA
:1065D000182CBAD1059B049A01338032182B0593ED
:1065E0000492ADD116F0D4FB0A4B18600DF2A46DE5
:1065F000BDE8F08FB8640020C06400204C73002018
:10660000D0640020786000203560002034600020D5
:10661000A44E0400F47000201C600020B46400202C
:10662000046000200C60002076600020B4A00020F0
:10663000F0B5414B4148424F424D83B00126002105
:106640001E700CF0D5FF31463C4810F01DF9314664
:106650000920002419F0B2FE00210D2019F0AEFE31
:106660002146042019F0AAFE234622462146384638
:10667000009405F0CDFF384605F034FD214610208A
:1066800019F0BCFC2146112019F0B8FC214612205B
:1066900019F0B4FC2146132019F0B0FC284606F08E
:1066A0005DF8294F29492A4A2A482B4B00940E703D
:1066B000147004601C603C702849294A29482A4B00
:1066C0002A4FDFF8DCC00C7014703146224604708B
:1066D0001C7028463C6080238CF8004005F098FF31
:1066E0002246284600948023022105F091FF22468D
:1066F000284680230321009405F08AFF284605F0F0
:10670000F1FC1B4D1B481C491C4A1D4B2C7004708E
:106710000C7014601C601B4F1B4E1C4D1C481D4907
:106720001D4A1E4B3C6034602C6004600C70147079
:106730001C7003B0F0BD00BFA9640020B4A000200D
:10674000246400203C640020A86400209F64002092
:10675000A264002038710020D4700020AA640020B8
:10676000AD640020AF640020A564002040710020CB
:1067700097640020986400209964002048710020EC
:1067800044710020EC700020E8700020C8700020E8
:10679000C4700020A0640020AB640020946400203A
:1067A000E470002000000000F0B583B0044616F04D
:1067B000EFFA0A2C05461FD0082C01D003B0F0BD1B
:1067C000A74B1B78002BF9D1A64CA74A2368126867
:1067D000C31A9342F2D9A54B1B78002B00F07E819F
:1067E000A34E3368013B032B00F24982DFE813F02C
:1067F000F601EC01E201D1019E4C236893B39E4A5D
:106800001268C31A93422DD89C4C23682BB19C4A22
:106810001268EB1A934240F29D800E2019F01CFD85
:1068200080B26D2862D9DB2840F2C580B0F5A57F23
:10683000C0F00F81B0F5DC7FC0F0FB8140F2252372
:10684000984240F2FC81B0F5257FC0F0FB818D4974
:1068500040F201329042A1F10C0396BF194607267F
:10686000062645E0884B1B784BB1884E3368013BC8
:10687000032B00F2FA81DFE803F0C4BAB0A11420C0
:1068800019F0EAFC07EE900AF8EE677A17EE900A24
:106890001AF01CF970A3D3E900231AF06FF91AF06B
:1068A00045FC9FED7B7A07EE900AF4EEC77AF1EE95
:1068B00010FA80F2B3804FF4A070642300934FF479
:1068C000D27200234FF4A07116F046F8714AC3B299
:1068D000A2FB03231B09013B042B00F2BE81DFE86E
:1068E00013F0500148014001AF00AF006A49002693
:1068F0006A486B4F16F056F96A4B6B4953F82630CD
:106900006A4EC3F3C42003F01F0200EB0010C3F370
:106910004513C0EB401002EB021200F1170CC2EB62
:10692000421203EBC31003EB4000173292092130EF
:106930004FEA9C1380093A60D2B20092DAB20B603F
:106940003060C3B204215A4805F062FE584805F091
:10695000C9FB2560574C584B22681B68AA1A9A42FB
:106960007FF62CAF554A5649564E0968176832686B
:10697000002BB8BF07339142A1EB07004FEAE303B6
:1069800090FBF3F301DD974245DB4F48017881F03E
:106990000101017001B95B42D0180023C2B200931B
:1069A00005213060424805F033FE414805F09AFB6E
:1069B000256003B0F0BD4549012699E700238022F8
:1069C000009219461A463A4805F022FE0323336026
:1069D0003748256005F086FB16E7002280233448FF
:1069E0000092114605F014FE02233360F0E7002107
:1069F00080232F480091702205F00AFE01233360A6
:106A0000E6E700272A48009739466023802205F0F0
:106A1000FFFD3760DCE72C490978BBE7DFED2C6A26
:106A20009FED2C7A67EEA67AF4EEC77AF1EE10FAB3
:106A300088BFF0EE477AFDEEE77A17EE900A3CE762
:106A40000023802200921A481A46194605F0E0FDFC
:106A5000BEE7214902264BE7CDCCCCCCCCCC1C40A8
:106A6000A8640020107100202C6000209C6400208D
:106A7000286000202C710020686000202471002014
:106A800050600020186400209D6400206460002095
:106A9000CDCC4C45CDCCCCCCC4630020BC9D0020DB
:106AA000D8700020EC420400E0700020DC70002070
:106AB0003C6400201C7100204060002048600020E1
:106AC000446000203C6000209E640020D0630020D1
:106AD0000000C83D0000D243DC630020142019F000
:106AE000BBFB07EE900AF8EE677A17EE900A19F0F2
:106AF000EDFF72A3D3E900231AF040F81AF016FB59
:106B00009FED657A07EE900AF4EEC77AF1EE10FA7F
:106B1000C0F29280DFED616A9FED617A67EEA67A3E
:106B2000F4EEC77AF1EE10FA88BFF0EE477AFDEE88
:106B3000E77A17EE900A642300934FF4D272002391
:106B40004FF4A07115F008FF564AC3B2A2FB03230D
:106B50001B09013B042B78D8DFE803F0635B534A41
:106B60004A000022504800921146802305F050FD53
:106B70002EE700214C4800918023702205F048FD4B
:106B800026E70021484800916023802205F040FD5F
:106B90001EE700238022009219461A46434805F05A
:106BA00037FD032333604148256003B0BDE8F04062
:106BB00005F098BA002280233C480092114605F067
:106BC00027FD02233360EEE7002180233748009140
:106BD000702205F01DFD01233360E4E700273348F0
:106BE000009739466023802205F012FD3760DAE70E
:106BF0000023802200922D481A46194605F008FD10
:106C0000D1E70022294800921146802305F000FDBB
:106C1000C9E70021254800918023702205F0F8FC87
:106C2000C1E70021214800916023802205F0F0FC9B
:106C3000B9E71F4903265BE64FF4A0707BE71D49C7
:106C4000042655E61C49052652E600231748009302
:106C50001946802205F0DCFCA5E7002312480093CA
:106C60001946802205F0D4FCB2E6002300931946B1
:106C70000D48802205F0CCFC04233360A8E60023F5
:106C8000009319460948802205F0C2FC04233360B2
:106C900089E700BFAFF30080CDCC4C450000C83D74
:106CA0000000D243CDCCCCCC3C6400202464002036
:106CB000E8630020F463002000640020CDCCCCCC3D
:106CC000CCCC1C4038B5194D16F062F8184A2B6828
:106CD0001268C31A9342044609D9164B197881F0F9
:106CE00001011970E1B90D2019F068FB2C60124DFB
:106CF000124A2B681268E31A93420BD9104A0D49C5
:106D00001378097883F00103137021B9042019F076
:106D100055FB2C6038BD0121042019F04FFBF8E72A
:106D200001210D2019F04AFBE0E700BF1871002097
:106D30003060002096640020147100202460002040
:106D40009564002070B516F023F83D4B1978D1B941
:106D50003C4D3D4A2B681268C31A9342044611D930
:106D60003A4E3368022B5FD0032B53D0012B47D010
:106D7000132019F043F92021122019F03FF90323C1
:106D800033602C6070BD324B1B68013B032B55D820
:106D9000DFE803F002141A242021102019F02EF944
:106DA0000021112019F02AF90021122019F026F9EA
:106DB000BDE870400021132019F020B920211020D7
:106DC00019F01CF92021ECE72021102019F016F908
:106DD0002021112019F012F92021E6E720211020AE
:106DE00019F00CF92021112019F008F920211220A6
:106DF00019F004F9BDE870402021132019F0FEB805
:106E0000102019F0FBF82021132019F0F7F80423C3
:106E10003360B6E7122019F0F1F82021112019F0A3
:106E2000EDF802233360ACE7112019F0E7F82021D8
:106E3000102019F0E3F801233360A2E70021ACE74A
:106E4000A8640020287100205460002030710020C8
:106E5000387100200000000070B588B005460C466F
:106E600002A8374915F086FD142019F0F5F907EE50
:106E7000900AF8EE677A17EE900A19F027FE2EA313
:106E8000D3E9002319F07AFE1AF050F99FED2D7A1C
:106E900007EE900AF4EEC77AF1EE10FA45DBDFED6B
:106EA0002A6A9FED2A7A67EEA67AF4EEC77AF1EEA7
:106EB00010FA88BFF0EE477AFDEEE77A17EE900AF7
:106EC000642300934FF4D27200234FF4A07115F0A5
:106ED00043FDC6B20A22314605A815F0B3FD05A947
:106EE00002A815F085FE05A815F054FE092E1FDD39
:106EF000642EB4BF0823002302A905A81D4415F081
:106F000053FD1348134A42610123EDB2E4B205A9CF
:106F1000C3760582448215F047FC05A815F03AFEB9
:106F200002A815F037FE08B070BD4FF4A070C7E797
:106F30000E23E1E7AFF30080CDCCCCCCCCCC1C4011
:106F4000983B0400CDCC4C450000C83D0000D24326
:106F5000B4A000207F9E7F9E2DE9F04FDFF8849340
:106F6000A7B015F015FFCA4AD9F800301268C31A45
:106F70009342044640F27E81C64DC74BC74EC84F70
:106F8000C84AA5FB0015AD0903FB05F3A6FB0516D2
:106F9000A7FB0517B2EB730F4FEA56164FEAD72738
:106FA00080F00982C04B9C4280F0A9814EF65F239D
:106FB0009C4200F23D82BD491DA815F0DBFC0A226F
:106FC00039461AA815F03EFD1AA91DA815F056FE5F
:106FD0000DF1800A0146504615F0E6FC4FF0010B1A
:106FE000514623A815F0E0FCB14923A815F072FE24
:106FF000092E804640F3CB8117AF314638460A222E
:1070000015F020FD00264046394615F037FEA94907
:1070100015F060FE092D804600F38A81A3490BA874
:1070200015F0A8FC0A22294608A815F00BFD08A9AE
:107030000BA815F023FE01460EA815F0B5FC0EA90D
:10704000404615F01BFE0DF114080146404615F0B0
:10705000ABFC0EA815F09EFD08A815F09BFD0BA833
:1070600015F098FD384615F095FD002E40F078811A
:1070700023A815F08FFD504615F08CFDBBF1000FD5
:1070800040F07E818C4DDFF860A23A230021192266
:10709000CDE9002128461A46B4210DF07BFB41467C
:1070A00023A815F081FC854B854A2B6101236A6179
:1070B000EB7623A9284615F077FB23A815F06AFD87
:1070C000DAF8000019F0F0FC7E4B002219F056FDB2
:1070D0006DA3D3E9002306460F4619F0CBFF10B984
:1070E00069A7D7E900673946304619F0F7FF7649B6
:1070F000764B024603EA02230868039319F0D4FC96
:10710000704B002219F03AFD5FA3D3E90023064635
:107110000F4619F0AFFF10B95BA7D7E900673946F2
:10712000304619F0DBFFDFF8C4B1039AC00000F469
:10713000FC631A43DBF80000039219F0B5FC614BC5
:10714000002219F01BFD50A3D3E9002306460F4689
:1071500019F090FF10B94CA7D7E9006739463046BF
:1071600019F0BCFF039B43EAE00080B24C23CDE959
:10717000003027223A23504801210DF00BFBDAF8AA
:10718000000019F091FC4F4B002219F0F7FC3EA3D0
:10719000D3E9002306460F4619F06CFF10B93AA751
:1071A000D7E900673946304619F098FF464A474B01
:1071B0008246106803EA0A2A19F076FC414B002245
:1071C00019F0DCFC30A3D3E9002306460F4619F082
:1071D00051FF10B92CA7D7E900673946304619F09E
:1071E0007DFFC00000F4FC63DBF800004AEA030AFC
:1071F00019F05AFC334B002219F0C0FC22A3D3E94A
:10720000002306460F4619F035FF10B91EA7D7E92F
:1072100000673946304619F061FF4AEAE00080B263
:107220003723CDE90030932223483A2301210DF082
:10723000B1FA18234FF2B372CDE900321E483A2357
:10724000772201210DF0A6FA214923A815F0ACFB05
:10725000204B2B610022012323A96A61EB7616489B
:1072600015F0A2FA23A815F095FC4046C9F8004095
:1072700015F090FC184B1B78002B3DD0174D184A89
:107280002B6835E0AFF300800000000000E06F40A5
:107290004C600020D34D6210CDCCCCCC898888883E
:1072A000C5B3A2919999991980EE3600CCB2040029
:1072B000EC3A0400F03A0400B4A00020B9004B00FE
:1072C0007F9E7F9E0000FC3FDC70002000F8FFFFE7
:1072D000BC9D002006008A00A364002000710020ED
:1072E0005860002020710020E0700020D87000203D
:1072F0001268E31A934275D827B0BDE8F08F4F4A61
:10730000A7EB071306EB83039442A6EB061605EBE7
:10731000860598BF1E467FF64EAE0DF1800A3946AF
:1073200050460A221E464FF0000B15F08BFB57E625
:107330000A2229460EA815F085FB0EA9404615F035
:107340009DFC0DF114080146404615F02DFB0EA8DA
:1073500015F020FC384615F01DFC002E3FF488AED9
:1073600011A815F017FC14A815F014FC23A815F0AB
:1073700011FC504615F00EFCBBF1000F3FF482AE3D
:107380001AA815F007FC1DA815F004FC7AE62C4994
:1073900014A815F0EFFA31460A2211A815F052FB95
:1073A00011A914A815F06AFC17AF0146384615F06C
:1073B000FBFA012627E618230022CDE900322148F6
:1073C0001E232322CD210DF0E5F949F67F6348F213
:1073D0001E423221D520FFF73FFD1B4B9C42FFF49C
:1073E000E5AD8CE7194F174E384613F001F900222E
:1073F0002323CDE90032304628232D22FA210DF037
:10740000C9F9B7F9061023A80A2215F01BFB104B87
:10741000104A3361012323A97261F376304615F0D7
:10742000C3F923A815F0B6FB2C6027B0BDE8F08F98
:107430006FF03B0303FB0655BDE500BFFF5025027F
:10744000CCB20400B4A0002080EE36004CA0002096
:10745000FA004B007F9E7F9E194B1B78002B2ED08D
:1074600010B5184B1B7886B063B115F091FC164A25
:10747000164B12681B78801A984201D9FFF71CF846
:1074800006B010BD124C01932823204600935022D1
:10749000462396210DF07EF90E4903A815F06AFAED
:1074A0000D4B0E4A236103A9012320466261E37656
:1074B00015F07AF903A815F06DFB06B010BD704702
:1074C000AD640020AE640020F470002075600020E0
:1074D000B4A00020F43A04006E00A900C8FEC8FE63
:1074E0002DE9F04F2DED088B83B0824692A3D3E9AE
:1074F000002351EC100B55EC124B57EC116BCDF8EF
:1075000004A019F03BFB8CA3D3E9002380468946F5
:107510003046394619F032FB87A3D3E9002382466F
:107520008B462046294619F029FB04460D46504655
:10753000594622462B4649EC188B45EC194B19F05D
:10754000A3FD002840F09280A046A94655EC184BB8
:1075500018EE102A2B464046494619F095FD10B901
:1075600018EE108AA94657EC196B19EE102A3B4603
:107570005046594619F07EFD54465D4610B919EE45
:10758000104A3D4657EC186B18EE102A3B46204631
:10759000294619F06FFD10B918EE104A3D464246D3
:1075A0004B462046294619F033F9424606460F4617
:1075B0004B462046294619F049FD002859D122465C
:1075C0002B464046494619F021F9554B0022044606
:1075D0000D463046394619F061FD32463B460028DB
:1075E0005ED000204FF0804119F010F902460B46A2
:1075F0002046294619F0ECFB424641EC1B0B4B465A
:1076000051EC180B19F022FD002857D059EC198BBA
:1076100019EE102A4B465046594619F0F7F8224603
:107620002B4619F0D5FB19EE102A04460D464B46A1
:107630005046594645EC1A4B19F012FD38B1394BFA
:1076400020462946002219F0E3F841EC1A0B51ECD0
:107650001A0B354B002219F091FA344B04460D46B3
:10766000002251EC1B0B19F089FA06E0D046D946EE
:107670006CE70020002104460D46019B0022C3E96F
:107680000045C3E902011C463046294B394619F032
:1076900075FAC4E9040103B0BDEC088BBDE8F08FB6
:1076A0002046294619F094FB424641EC1B0B4B4601
:1076B00051EC180B19F0CAFC0028A7D142464B46E2
:1076C0005046594619F0C2FCC0B951EC190B42465C
:1076D0004B4619F0BBFC0028B9D052465B4651EC32
:1076E000180B19F093F822462B4619F071FB114B39
:1076F000002219F08DF841EC1A0BA8E753EC182B77
:1077000051EC190B19F082F822462B4619F060FB58
:1077100000224FF0804319F07BF841EC1A0B96E7FA
:107720000000F03F0000184000004E4000005940AB
:107730000000494000001040101010101010703F61
:107740002DE9F04F2DED0A8BDFF888B01D4D99B073
:1077500015F01EFBDBF800302C68C01AA0423BD8A5
:1077600015F016FBDBF80020174B184E801A83FB30
:107770000412E417C4EBA214A3FB00103268A4EBBC
:107780009014944208D02A6883FB0213D217C2EBEC
:10779000A3139C42C0F2F6830D48002104F05EFF63
:1077A00020B919B0BDEC0A8BBDE8F08F084804F091
:1077B000D5FF074804F096FC19B0BDEC0A8BBDE874
:1077C000F08F00BF6C600020D34D62103871002034
:1077D000246400200871002000242C23CDE900340B
:1077E000CC48CD4E3B238722AF2146250CF0D2FF5B
:1077F000C8481C231F22C621CDE900540CF0CAFF43
:10780000C4481E231F224A21CDE900540CF0C2FFB8
:107810005F23CDE90034BF481B2387224A210CF0A7
:10782000B9FFFF23BD48009321461A4604F0F0FE3D
:10783000BA4804F057FC30460FF0EAFA322015F04F
:10784000B3FA30460FF0E4FA0028F7D00DF11E032A
:1078500000930DF11A0207AB06A9AF480FF004FB25
:10786000BDF81810BDF81A20BDF81C30FF2940F2F1
:1078700082839A4238BF1A468A424FF0FF044FF083
:10788000000338BF0A46084600941946059215F0D1
:1078900063F8002305461946059ABDF81A000094BE
:1078A000ADF8185015F058F8002305461946059A0A
:1078B000BDF81C000094ADF81A5015F04DF8BDF855
:1078C0001810ADF81C00092940F2CA8363298CBF47
:1078D0004E2556258F4C0A2214A815F0B3F8904A6D
:1078E00062610123302014A96082E376258220465C
:1078F00014F05AFF14A815F04DF9BDF81A10092913
:1079000040F2AC8363298CBF4E2656260A2214A867
:1079100015F098F84A25824A6261012314A9E3769A
:107920007C482682658214F03FFF14A815F032F9D6
:10793000BDF81C10092940F2A78363298CBF4E268D
:1079400056260A2214A815F07DF86325744A626150
:107950000123E37614A9268265826E4814F024FF81
:1079600014A815F017F9BDF81860304619F08CF816
:10797000BDF81A5002460B46284643EC182B19F066
:1079800083F8BDF81C70024638469046894619F0C7
:107990007BF8B0EE480AF0EE680A14AB41EC120B2B
:1079A00041EC1A0B49EC118B1846FFF799FD49EC95
:1079B000198BDDE914895B4B00224046494619F0DA
:1079C0004FFB002840F05D83574B0022404649465C
:1079D00019F046FB002814BF4FF0D30A4FF0CB0A32
:1079E0004946404619F07AFB0A22014611A815F0D3
:1079F00029F84B4A1199626101234FF0300CE3766C
:107A0000A4F812C04348A4F810A014F0F1FE11A885
:107A100015F0C0F8DDE91689424B00224046494680
:107A200019F01EFB002840F029833F4B00224046FE
:107A3000494619F015FB002814BF4FF0D30A4FF048
:107A4000CB0A4946404619F049FB0A22014611A8D3
:107A500014F0F8FF324A1199626101234FF04A0C89
:107A6000E376A4F812C02B48A4F810A014F0C0FECE
:107A700011A815F08FF8DDE918892A4B002240463D
:107A8000494619F0EDFA002840F0F582264B002215
:107A90004046494619F0E4FA002814BF4FF0D30AD3
:107AA0004FF0CB0A4046494619F018FB0A2201461E
:107AB00011A814F0C7FF4FF0630C194AA4F812C0C4
:107AC000012311996261E376A4F810A0114814F023
:107AD0008FFE11A815F05EF8144A1549EB0002EA72
:107AE000062203F4FC63134343EAD70308A81FFAF2
:107AF00083FA14F03FFF1022314611A814F0A2FFC0
:107B0000DDF84C8011A815F045F8B8F1010F00F030
:107B10008D820FE0B4A0002024A000202464002067
:107B20007F9E7F9E000024400000594000F8FFFF28
:107B3000983B04003146102211A814F083FF11A9CC
:107B400008A815F077F811A815F024F81022294696
:107B500011A814F077FF139E11A815F01BF8012E41
:107B600000F04C822946102211A814F06BFF11A9D5
:107B700008A815F05FF811A815F00CF81022394686
:107B800011A814F05FFF139D11A815F003F8012D43
:107B900000F01C823946102211A814F053FF11A9DD
:107BA00008A815F047F811A814F0F4FF08A815F07C
:107BB000C9F8C94EC94B2361012508996661C848B7
:107BC000E57614F015FE1022514611A814F03AFF84
:107BD00011A908A815F00CF811A814F0DBFF08A8EB
:107BE00015F0B0F8BF4911A814F0C4FE08A911A8F7
:107BF00015F044F8014608A814F0D4FF11A814F0B9
:107C0000C9FFB94B089966612361B548E57614F060
:107C1000EFFDABA3D3E9002351EC180B18F0AEFF36
:107C2000A7A3D3E9002306460F4651EC190B18F021
:107C3000A5FFA3A3D3E9002341EC180B51EC1A0BC9
:107C400018F09CFFB046B94606460F4653EC182B79
:107C50004046494619F018FA47EC1A6B49EC198B63
:107C600046464F46002800F0838159EC1A8B1AEEE5
:107C7000102A4B463046394619F006FA002800F023
:107C8000738132463B469949002018F0BFFD984B5E
:107C9000002218F073FF8CA3D3E9002380468946A5
:107CA0003046394619F0FAF9002840F0DE8100220A
:107CB00000233046394619F0F1F9002814BF562543
:107CC0004E254946404619F009FA0A22014611A8F4
:107CD00014F0B8FE4FF0E40C7F4AA4F812C0012360
:107CE00011996261E3767E48258214F081FD11A826
:107CF00014F050FF32463B467C49002019F068F8EA
:107D000053EC182B41EC180B3046394618F07EFD29
:107D100053EC182B18F032FF754B00228046894631
:107D200018F02CFF49EC1B8B53EC192B804689462D
:107D30003046394618F06AFD53EC182B18F01EFF38
:107D40006B4B002249EC1C8B8046894618F016FFCD
:107D500049EC198B53EC1A2B80468946304639463C
:107D600018F054FD53EC182B18F008FF604B00225C
:107D700049EC1A8B8046894618F000FF54A3D3E9DA
:107D8000002306460F4651EC190B19F069F900283B
:107D900040F06F8151EC190B544B002219F060F93F
:107DA000002814BF56254E2551EC1A0B19F096F9F0
:107DB0000A22014611A814F045FE474A1199626152
:107DC00001234FF0960CE376A4F812C044482582B4
:107DD00014F00EFD11A814F0DDFE3DA3D3E900233D
:107DE00051EC1B0B19F03CF9002840F0408151EC9C
:107DF0001B0B3E4B002219F033F9002814BF562507
:107E00004E2551EC1C0B19F069F90A22014611A804
:107E100014F018FE304A1199626101234FF0B00C42
:107E2000E376A4F812C02E48258214F0E1FC11A8D4
:107E300014F0B0FE26A3D3E900234046494619F0CA
:107E40000FF9002840F00E814046284B4946002299
:107E500019F006F9002814BF4FF056084FF04E08ED
:107E60003946304619F03AF90A22014611A814F0B1
:107E7000E9FDCA25184A119962610123E376184881
:107E8000A4F81080658214F0B3FC11A814F082FEEF
:107E900015222A23CDE9012A11480093BD2271231E
:107EA000BA210BF075FD13480EF09CFD002848D058
:107EB000092840F3EB806328CCBFF025F8251BE0B0
:107EC000101010101010703FCDCCCCCCCCCCEC3FAF
:107ED0009A9999999999B93F7F9E7F9EB900B00070
:107EE000B4A000200C3B0400B90096000000F03F55
:107EF0000000594024A000200A2201460BA814F0DB
:107F00006DFD0BA90EA814F04FFD61490EA814F0E9
:107F1000E1FE014611A814F047FD00220123E120F3
:107F200011A96261E376608225825A4814F03CFC14
:107F300011A814F02FFE0EA814F02CFE0BA814F0BC
:107F400029FE554804F00AFC534804F0CBF814F01D
:107F50001FFF034608A8CBF8003014F01BFE19B031
:107F6000BDEC0A8BBDE8F08F1AEE106A4F4688E62A
:107F700057EC186B79E6FF2A3FF67BACFF2B7FF6B8
:107F8000A2AC76E4434D34604FF6C8621223CDE9CB
:107F9000003225212846072337220CF0FBFB3168ED
:107FA00000297FF7F9AB14A80A2214F04BFD3B4BD4
:107FB0002B610022012314996A612846EB7614F0A4
:107FC00017FC14A814F0E6FDFFF7E6BB344911A82E
:107FD00014F0D0FC102239460EA814F033FD0EA97F
:107FE00011A814F04BFE014608A814F023FE0EA8B9
:107FF00014F0D0FD11A814F0CDFDD7E5284911A843
:1080000014F0B8FC102229460EA814F01BFD0EA98E
:1080100011A814F033FE014608A814F00BFE0EA8B8
:1080200014F0B8FD11A814F0B5FDA7E51C4911A87E
:1080300014F0A0FC102231460EA814F003FD0EA986
:1080400011A814F01BFE014608A814F0F3FD0EA8B9
:1080500014F0A0FD11A814F09DFD77E55C2655E411
:108060005C2537E44FF05C08FAE65C2529E65C25E0
:10807000C7E65C2598E64FF0D90A13E54FF0D90A18
:10808000DFE44FF0D90AABE45C265AE4FE2533E77F
:10809000103B0400B4A00020246400202500470009
:1080A000CCB204002DE9F04784B04B2ABDF8307003
:1080B00004460D461E4600F061822ADC322A00F397
:1080C000DC80132A40F3C580143A1E2A00F257813F
:1080D000DFE812F0580155015501550155017301B2
:1080E00055015501550155015501550155015501E0
:1080F000550155015501550155015501B001550175
:1081000055015501550155015501550155015501BF
:108110002701B2F57A7F00F0B48155DD40F24C437F
:108120009A4200F0ED81B2F5966F40F028810FFA87
:1081300081F884B201B24246BD48009603230CF098
:10814000E1FC4FF00309A11C09B2B948019642466F
:108150004B46CDF800900391ADB20CF01BFB039998
:10816000B3483B4642460CF0B5FEAA1C211DB04860
:1081700012B209B23B460CF0ADFEA11DAC4809B2EB
:108180004B464246CDE9009601350CF003FB2DB27B
:10819000E11DA7482A4609B23B460CF09BFE04F1BC
:1081A0000A014246A248CDF800904B46019609B21A
:1081B0000CF0F0FA0B342A4621B29D483B4604B03D
:1081C000BDE8F0470CF086BEB2F5487F00F0FC81B8
:1081D000B2F5617F76D10FFA81F8009301B2424681
:1081E000022384B292480CF08DFC611C009609B207
:1081F000424602238E480CF085FCA11C8C48009658
:1082000009B2424603230CF07DFC4FF00309211D07
:108210008748019609B242464B46CDF80090013599
:108220000CF0B8FA2DB2611D2A4609B23B468048CF
:108230000CF050FE04F10801CDF800904B46424688
:1082400009B27B48019609340CF0A4FA2A4621B2FF
:10825000B3E712F1140F00F05B81002A40F08F8029
:1082600003230AB2CDE9003601B271480CF092FA4C
:108270006A1C611C12B209B29FE73C2A7FD101F14E
:1082800001080FFA88F8022301B22DB26848009362
:108290004246032301960391A4B20CF07BFA0399A2
:1082A00063482A4633460CF015FE611D03232A4617
:1082B0005F48019609B200930CF06CFA063442460E
:1082C00021B27AE7642A5AD10FFA81F984B24FF0C9
:1082D000030801B2009356484A4603230CF012FCEF
:1082E00004EB08015248019609B24A464346CDF8CC
:1082F000008001350CF04EFA2DB2211D4C482A4663
:1083000009B23B460CF0E6FDE11D4A464848CDF86F
:1083100000804346019609B20CF03CFA08342A4624
:108320004AE70FFA80FA0FFA81F94FF0030884B296
:1083300051463F4801964A464346CDF800800CF02E
:1083400029FAA11C09B24A463948ADB23B460CF0A5
:10835000C1FDAA1C514612B235483B460CF0BAFD8D
:10836000611D4A4609B23248CDF800804346019665
:108370000CF010FA0135A11D2AB209B21DE704B0B4
:10838000BDE8F0870FFA85F94FF0030801B24A46BD
:10839000274801964346CDF800800391A4B20CF023
:1083A000F9F9ADB2039922484A463B460CF092FDDA
:1083B000AA1CA11C12B209B2CEE70FFA85F94FF040
:1083C000030A01B24A461A4801965346CDF800A066
:1083D0000391A4B20CF0DEF90235039914483B4630
:1083E0004A460CF077FD2DB2A11C04F104082A4680
:1083F00009B23B460E480FFA88F80CF06BFDCDF839
:1084000000A05346019641464A4609480CF0C2F97D
:10841000A11D4A463B46064809B20CF05BFD0448E4
:108420003B462A46414604B0BDE8F0470CF052BD39
:10843000B4A000200FFA81F884B201B24246764817
:10844000009602230CF05EFBA11C7348009609B253
:108450004246032301350CF055FB2DB2611C6E48DA
:108460002A4609B233460CF035FD611D032342460E
:108470006948019609B200930CF08CF906342A463B
:108480009AE60FFA81F984B24FF0030801B2009323
:1084900061484A4603230CF035FB04EB08015E48B3
:1084A000019609B24A464346CDF8008001350CF0EA
:1084B00071F92DB2211D58482A4609B23B460CF0ED
:1084C00009FDE11D544809B243464A46CDE90086FC
:1084D0000CF060F904F108014F482A4609B23B4606
:1084E0000CF0F8FC04F10B014A464B48CDF8008033
:1084F0004346019609B20CF04DF90C342A465BE66E
:108500000FFA81F800964246032301B284B271E665
:108510001FFA81F909F101080FFA88F884B201B253
:1085200000933D48424602230CF02CFA0FFA85FADC
:10853000E11C032509B23848019652462B460095A6
:1085400003910CF027F9039933483B4652460CF04F
:10855000C1FC611D09F102022F4812B209B23B466B
:108560000CF0B8FCE11D52462B4800952B460196B5
:1085700009B20CF00FF908344246A1E60FFA81F96E
:1085800084B28DB2009301B24A46234803230CF013
:10859000F9F96A1CA11C204812B209B2334602350F
:1085A0000CF098FC2DB2611C2A4609B233461A48D9
:1085B00004F104080CF08EFC0FFA88F803230196EE
:1085C00041464A46009320E74FF003080FFA81F92D
:1085D00084B201B201931048CDF800804A46434668
:1085E0000CF0D8F8211D0C4809B243464A46CDE9A3
:1085F000008601350CF0CEF82DB2611C2A4609B276
:108600003B4605480CF066FC04F10801CDF80080FB
:1086100043464A4614E600BFB4A000202DE9F047C7
:10862000012882B004460D4607D0022800F0AE8033
:10863000002858D002B0BDE8F087BC4E3378002B3C
:10864000F8D1DFF8148314F0A3FBB94BD8F800205D
:108650001B68801A9842EDD3DFF80093B54BD9F828
:1086600000701B689F4207F13D0AC0F27D8140F314
:10867000F680B14C236853450FFA8AF100F08E81E1
:108680006368534500F08A81A2684FF6C86352457B
:1086900018BF00230093A9480F239F220CF032FA41
:1086A00023683E370AF101019F4209B200F073814D
:1086B00063689F4200F06F81A2684FF6C8639742DB
:1086C0000CBF1F4600270F239C4800979F220CF0E9
:1086D00019FAD9F80030013BC9F8003014F058FB02
:1086E000C8F80000A6E7964C2378002BA2D1954F3E
:1086F00014F04EFB8E4B3A681B68801A984299D34F
:10870000DFF85C92904BD9F800601B689E4206F13E
:108710003D08C0F2FC8040F38280874C23684345CB
:108720000FFA88F100F040816368434500F03C8116
:10873000A2684FF6C863424518BF002300937F48E4
:108740000F2371220CF0DEF923683E3608F1010197
:108750009E4209B200F0258163689E4200F02181AB
:10876000A2684FF6C86396420CBF1E4600260096CC
:108770000F23712271480CF0C5F9D9F80030013B84
:10878000C9F8003014F004FB386053E76F4C2378CD
:10879000002B7FF44FAF6E4F14F0FAFA644B3A6837
:1087A0001B68801A9842FFF445AFDFF8B891694B17
:1087B000D9F800601B689E4206F13D08C0F2908027
:1087C0006DDD5D4C236843450FFA88F100F0F280BF
:1087D0006368434500F0EE80A2684FF6C8634245E7
:1087E00018BF0023009355480F23CD220CF08AF9BF
:1087F00023683E3608F101019E4209B200F0D7809D
:1088000063689E4200F0D380A2684FF6C863964228
:108810000CBF1E46002600960F23CD22AAE7B1D139
:108820001FFA88F54FF6FF76691E4448009609B294
:108830000F2371220CF066F9404800960FFA88F178
:108840000F2371220CF05EF9691C0F233B48009640
:1088500009B271220CF056F90123237092E77FF4DC
:108860003DAF1FFA8AF54FF6FF77691E3348009730
:1088700009B20F239F220CF045F9304800970FFAF8
:108880008AF10F239F220CF03DF9691C2B480097B9
:1088900009B20F239F220CF035F934701EE77FF4E4
:1088A00071AF1FFA88F54FF6FF76691E23480096D0
:1088B00009B20F23CD220CF025F9204800960FFABB
:1088C00088F10F23CD220CF01DF9691C0F231B48E2
:1088D000009609B2CD220CF015F90123237051E75F
:1088E0000FFA88F10F23CD22144800950CF00AF9F5
:1088F00006F13C0109B200950F23CD220F480CF080
:1089000001F9D9F800300133C9F800303AE70FFA1D
:1089100088F10F237122094800950CF0F3F806F155
:108920003C0109B200950F237122E7E7A064002003
:1089300020600020EC70002010600020B4A0002017
:10894000AB6400200C71002048710020946400206A
:10895000F0700020C8700020FC700020E87000203B
:1089600044710020C4700020144800950FFA8AF169
:108970000F239F220CF0C6F807F13C010F230F488C
:10898000009509B29F220CF0BDF8D9F800300133F0
:10899000C9F80030A2E64FF6C86794E64FF6C86300
:1089A00078E64FF6C866E2E64FF6C863C6E64FF6CD
:1089B000C86630E74FF6C86314E700BFB4A00020D4
:1089C000CB4B1B7803B970472DE9F04F2DED028B8F
:1089D000DFF86C8389B014F0DBF9C64BD8F80020BF
:1089E0001B68801A984240F23381C34B1D78002DDA
:1089F00040F04281C14BDFEDC28A1B78002B40F072
:108A000054819FEDBF8ABF4ED6ED007AF4EE687AAE
:108A1000F1EE10FA71D0F2EE047A68EEA77AF5EE74
:108A2000C07AF1EE10FA17EE900AC0F2448118F005
:108A30004DF8B54B002217F0EBFE18F04FFB18F085
:108A400033F8A5A3D3E9002318F098F818F06EFBCB
:108A5000AE4CDFF8F092844600272A231F22CDE98E
:108A600000372046C6F800C0212350210BF092FEAB
:108A700096ED000A022102A814F018F8049902A841
:108A8000013914F057F90126A14B23610299C4F86A
:108A900014902046E67613F0ABFE18EE900A18F01C
:108AA00015F88FA3D3E9002317F0B2FE18F016FBD8
:108AB0000A22014605A813F0C5FF964B05992361CC
:108AC000C4F814902046E67613F092FE05A814F040
:108AD00061F8FDEEE87AF7223B4600926FF0130151
:108AE0003C2217EE900A13F037FF8B498B4B0F7027
:108AF000024602A81A6014F04DF8894FDFF8489238
:108B0000D7ED007AF4EE487AF1EE10FA0CD1D9F8EC
:108B10000030AB4208D114F03BF9C8F8000009B0AE
:108B2000BDEC028BBDE8F08FB2EE040A28EE008A9D
:108B3000C9F80050B5EEC08AF1EE10FA18EE100A2E
:108B400076DB17F0C3FF704B002217F061FE18F0C0
:108B5000C5FA17F0A9FF60A3D3E9002318F00EF8B7
:108B600018F0E4FA694CDFF8DCB1844600262A23C9
:108B7000CDE900361F22C7F800C02046C3210BF004
:108B800009FE97ED000A02A8022113F08FFF049955
:108B900002A8013914F0CEF84FF0010A614B029996
:108BA0002361C4F814B084F81BA0204613F020FE03
:108BB000D9F800302946B3F57A7F4FF00A0205A8AC
:108BC000B4BFD225CA2513F03DFF4823059963821F
:108BD0002582C4F814B084F81BA0204613F008FEC8
:108BE00005A813F0D7FFD7ED007AFDEEE77AF7245A
:108BF00017EE900A334631460094642213F0ACFE1F
:108C0000494B009402461A60D9F8000033464FF4ED
:108C100096624FF4487113F09FFE01464348444A60
:108C2000444B067002A811601E7013F0B3FF72E788
:108C300017F04CFF344B002217F0E8FD18F04EFA05
:108C400017F032FF24A3D3E9002317F097FF87E73B
:108C50004CF2D2510020FFF7E1FC48F21E41012006
:108C6000FFF7DCFC4CF67B510220FFF7D7FC09B084
:108C7000BDEC028BBDE8F08F2F480EF0BBFF2E48F5
:108C8000F0EE408A0FF00CF810EE100A17F01EFFFD
:108C900015A3D3E9002317F071FF18F01FFA174B43
:108CA0001B780546002B3FF4ACAE24480FF038FA91
:108CB000B0EE408AA7E617F009FF134B002217F029
:108CC000A5FD18F00BFA17F0EFFE03A3D3E900237C
:108CD00017F054FFBAE600BF9A9999999999B93F4C
:108CE00066666666661271407B14AE47E17A843F21
:108CF000AA64002038600020AC640020A164002039
:108D000000000000BC6400200000E03FB4A0002090
:108D100056002E005A004800AB6400204871002025
:108D2000B0640020CC002E00EC700020A064002075
:108D3000C87000209464002074A000203CA0002093
:108D4000F87000207F9E7F9EC07000202DE9F04FBC
:108D500085B0344EDFF8D880DFF8D8A003914227E1
:108D6000834611E0039B2AB2CDE900C30D230BF02B
:108D700011FD3388A8F800302B4B02360F37B34271
:108D8000BFB208F1020846D0BBF1000FB6F90040AF
:108D900009DD94FBFBF4A40124B2402CA8BF4024BD
:108DA00024EAE4743480B8F90050A542E4D0AAB2B1
:108DB0001FFA84FE1546A2EB0404AEEB020C23B2AC
:108DC0000FFA87F9C2F1A30205F1A3054FEA4C0C93
:108DD000029312B24FF00D0349465046A5EB0E0523
:108DE0000FFA8CFCA4B2BDDB00250195029D009515
:108DF0000BF0D0FC32880134002324B2A33201935B
:108E000000940D23494612B250460BF0C3FC338840
:108E1000A8F80030B0E7054B00221A7005B0BDE895
:108E2000F08F00BF7464002094640020A6640020CA
:108E300054640020B4A000202DE9F043A44D2B6819
:108E4000002B87B00ADCA34B1C78002C74D0A24CFA
:108E50002378002B66D107B0BDE8F0839F4F13F055
:108E600097FF9F4B3A681B68801A98427BD89D48B1
:108E70004FF480710FF09CFD00284ED199489A4C18
:108E8000012303F00702012A4FEAE30130F9022F20
:108E900035D0002A34F81160B8BF52420133324451
:108EA000802B24F81120ECD18F4F00264FF0400882
:108EB00012E0B7F90000CDF800800CFB000013F0C1
:108EC0004BFD002825DB4028A8BF402000B20F2E14
:108ED000388022D00136023700234FEA660C322256
:108EE0001946002EE5D1CDF80080B4F900003346D4
:108EF000314613F031FD0028E5DA3E80EAE7002A2A
:108F000003F10103B8BF5242802B24F81120B8D1DD
:108F1000CAE700200F2E3880DCD16F4C01220023DD
:108F200022702B604DF6B5610020FFF70FFF002384
:108F3000237007B0BDE8F0836C4903A813F01AFD55
:108F40006B486C4B43614FF07812012303A9026117
:108F5000C37613F029FC03A813F01CFE5E4B1C70B3
:108F600007B0BDE8F083644E47F230544FF47A699D
:108F70004FF0000804E016F08BFEB9F1000F21DD80
:108F80002B68002BF7D02B68002BF4D02B68002B1C
:108F900040F38F80534909F1FF39002331F9022B47
:108FA00028689442A9EB030CA8BF144601339642EB
:108FB000B8BF16469842F1DCE146B9F1000FC5F89A
:108FC0000080DDDC301B17F06FFD41EC100B11F061
:108FD0002BFD3DA3D3E9002351EC100B17F0CEFD80
:108FE00018F07CF800221223CDE900320446162343
:108FF0003F48202256210BF0CDFB092C5BDD642C71
:10900000B4BF4FF05E094FF05609394EDFF8F080DB
:109010000A22214603A813F015FD3023354A738236
:109020000123F37603A97261A6F81090304613F07D
:10903000BBFB03A813F0AEFDD8F800309C4202DC65
:109040002E4B1B788BB312230022CDE90032284827
:1090500016232022C9210BF09DFB3B682BB3DFF8C0
:109060009C9099F800304BB3D8F80040092C28DDCB
:10907000642CB4BF4FF0D1084FF0C90821460A2232
:1090800003A813F0DFFC302401231A4AF37603A966
:1090900072611748A6F81080748213F085FB03A84C
:1090A00013F078FD002389F8003013F071FE38606A
:1090B000DDE6CC4680E74FF06409A6E7C8F800403B
:1090C000D4E74FF0D708D9E7CDCCCCCCCCCC3540C9
:1090D0003C710020A7640020A664002004710020D9
:1090E000606000204C71002074640020143B040078
:1090F000B4A000207F9E7F9ED08AFFFFA464002042
:109100003471002010B5044616F052F9204610BD07
:109110002DE9F84FDFF808B3A44CDFF808A3DFF817
:109120000893DFF80883A24EA24FA34D522358465E
:109130000A22062102F086FF22465146584618F0C0
:109140001FFB522348460822012102F07BFF2246E2
:109150005146484618F014FB4FF0FF3340460522B5
:1091600006210DF021FA22469449DFF8C4924046C8
:1091700018F006FB924893494FF000082246C0F8C9
:10918000008018F0FDFA314638460EF091FA22467A
:109190008D49384618F0F4FA31468C480EF066FFD7
:1091A00022468B49894818F0EBFA8A498A4813F01D
:1091B000E1FB22468949884818F0E2FA88492846A6
:1091C00013F0D8FB874905F10C0013F0D3FB864957
:1091D00005F1180013F0CEFB844905F1240013F0CB
:1091E000C9FB834905F1300013F0C4FB814905F147
:1091F0003C0013F0BFFB804905F1480013F0BAFBB7
:109200007E4905F1540013F0B5FB22467C494046E7
:1092100018F0B6FA7B487C4BA0F8048000260027A3
:109220004FF0010A4FF0230B40F201152246494648
:10923000C0E90267C0E90667C0E90A67C0E90E67CE
:10924000C0E91267C0F81080A0F81480C0F8208030
:10925000A0F82480C0F83080A0F83480C0F84080A6
:10926000A0F84480C0F8508080F879A080F889A0E8
:109270000360C0F88CB0A0F8905018F081FA6348F1
:10928000614BA0F8048022464946C0E90267C0E964
:109290000667C0E90A67C0E90E67C0E91267C0F84F
:1092A0001080A0F81480C0F82080A0F82480C0F8B6
:1092B0003080A0F83480C0F84080A0F84480C0F826
:1092C000508080F879A0036080F88980C0F88CB065
:1092D000A0F8905018F054FA4D484B4BA0F8048079
:1092E0004FF0020C22464946C0E90267C0E9066712
:1092F000C0E90A67C0E90E67C0E91267C0F81080CC
:10930000A0F81480C0F82080A0F82480C0F8308035
:10931000A0F83480C0F84080A0F84480C0F85080A5
:1093200080F879A00360C0F88CB0A0F8905080F865
:1093300089C018F025FA3748334B80F879A04FF0F0
:10934000070C49462246C0E90267C0E90667C0E942
:109350000A67C0E90E67C0E91267A0F80480C0F888
:109360001080A0F81480C0F82080A0F82480C0F8F5
:109370003080A0F83480C0F84080A0F84480C0F865
:1093800050800360C0F88CB0A0F8905080F889C07D
:1093900018F0F6F9204B184611F0ECF81E4B1F4957
:1093A00022461846BDE8F84F18F0EAB900600020E0
:1093B0009CB5002074A00020C4630020C962020094
:1093C00024A000209D680300017703003CA000203A
:1093D00085800300983B0400BC9D002095CB0300D2
:1093E000343B04003C3B0400443B04004C3B040081
:1093F000543B04005C3B0400643B0400683B0400F5
:10940000D1620200C89D0020A8590400609E00207F
:10941000F89E0020909F00204CA00020CD6202000A
:109420003C640020A1C0020024640020B4A00020FD
:10943000C5620200000000002DE9F04FCE48DFF8C1
:109440008893CE4FCE4CDFF884838FB00CF010FEA3
:10945000CC49C9480CF0C2FE0121092016F0AEFF2C
:10946000DFF86CE3DFF86CC3C749C84BC848002578
:10947000012600952A468EF80050CCF800503E7028
:109480000D601D6031468023057089F80050C14889
:10949000DFF84493C04F03F0BBF8BE4800952A465E
:1094A0008023022103F0B4F82A4680230321B9481F
:1094B000009503F0ADF8B74802F014FEDFF81CE3A6
:1094C000DFF81CC3B54AB64BB648B74989F8005017
:1094D0008EF800508CF80050DFF808E3DFF808C37E
:1094E0003D6015601D60B14AB14BDFF80093B14F8C
:1094F00005600D602046B0498EF800508CF8005091
:1095000015701D704FF0160AC9F800503D704FF0ED
:109510000B090AF0B5FF4FF2B377294620460AF04F
:1095200067F83246CDE901972046CDF800A040F219
:1095300021131A210AF02CFA4FF0200BCDE90197E4
:10954000CDF800A0204640F22113D8221A214FF076
:10955000420A0AF01DFA3246314602972046442359
:10956000CDE900AB0AF014FA3146CDE901B7204647
:109570004423AB22CDF800A00AF00AFAC123172237
:10958000204600933B211823CDE901950AF000FA0B
:10959000D8F8000017F088FA884B002217F0EEFA8E
:1095A00073A3D3E9002306460F4617F063FD10B9F5
:1095B0006FA7D7E900673946304617F08FFD804D19
:1095C000804B8246286803EA0A2A17F06DFA7B4B23
:1095D000002217F0D3FA66A3D3E9002306460F460C
:1095E00017F048FD10B962A7D7E900673946304641
:1095F00017F074FDDFF8F891C00000F4FC63D9F8AF
:1096000000004AEA030A17F04FFA6C4B002217F0E9
:10961000B5FA57A3D3E9002306460F4617F02AFDF3
:1096200010B953A7D7E900673946304617F056FD01
:109630004AEAE00080B24C23CDE9003027223A23E9
:109640004F4801210BF0A6F8D8F8000017F02CFACB
:109650005A4B002217F092FA45A3D3E9002306469D
:109660000F4617F007FD10B941A7D7E90067394643
:10967000304617F033FD534B0246286803EA0225B3
:1096800017F012FA4D4B002217F078FA38A3D3E9FD
:10969000002306460F4617F0EDFC10B934A7D7E9B2
:1096A00000673946304617F019FDC00000F4FC632E
:1096B000D9F800001D4317F0F7F9404B002217F0CE
:1096C0005DFA2BA3D3E9002306460F4617F0D2FC20
:1096D00010B927A7D7E900673946304617F0FEFCD6
:1096E00045EAE00080B23723CDE9003093222448D8
:1096F000DFF800A13A2301210BF04CF818234FF2B8
:10970000B3720025CDE900321D483A2377220121AA
:109710000BF040F81A4800953A23232201210BF060
:1097200031F9174800953A23242201210BF02AF938
:10973000134800953A23252201210BF023F9104804
:1097400000953A23262201210BF01CF90C480095C4
:109750003A23272201210BF015F9094800953A23F5
:10976000282201210BF00EF90548009544E000BFC6
:109770000000000000E06F409CB500209F640020C6
:10978000B4A00020A086010038710020D470002011
:10979000A86400203C64002048710020447100202F
:1097A000EC700020E8700020C8700020AD6400203C
:1097B000AF64002094640020EC3C04000000FC3FF7
:1097C000DC70002000F8FFFFAA640020E070002099
:1097D000E47000204071002097640020986400200D
:1097E00099640020A0640020AB640020C4700020B5
:1097F000D87000207F9E7F9E3A23C92201210BF062
:10980000C1F8BF4800953A23CA2201210BF0BAF8EB
:10981000BB4800953A23CB2201210BF0B3F8B8489E
:1098200000953A23CC2201210BF0ACF8B448009506
:109830003A23CD2201210BF0A5F8B14800953A2337
:10984000CE2201210BF09EF8AD4800951623D822B8
:109850004FF494710BF056F9A94800951623D822BD
:1098600040F229110BF04EF9A54800951623D82295
:109870004FF495710BF046F9A14800951623D822B4
:1098800040F22B110BF03EF99D4800951623D8228B
:109890004FF496710BF036F9994800951623D822AB
:1098A00040F22D110BF02EF916230122CDE90035DF
:1098B00093484523E8210AF06DFF92490BA813F065
:1098C00059F8914B8E4801260BA94FF005080B273C
:1098D00048F21E4BC4E9043AE67612F065FF0BA885
:1098E00013F058F9864800970E2327224C21CDE922
:1098F000018B0AF04DF8824800970E233F224C213D
:10990000CDE9018B0AF044F849F67F697C4800975D
:109910000E2357224C21CDE9018B0AF039F8784803
:10992000CDF808900E232722A221CDE900780AF075
:109930002FF8734800970E233F22A221CDE9018919
:109940000AF026F86E4800970E235722A221CDE98F
:1099500001890AF01DF857220E2369480097FC215F
:10996000CDE901890AF014F8684965480AF088FDD4
:1099700067490BA813F018F8664B614823610BA9DF
:109980006561E67612F010FF0BA813F003F9624947
:10999000624D0BA812F0EEFF614B594823610BA9F1
:1099A000E676656112F000FF0BA813F0F3F85D494D
:1099B0000BA812F0DFFF5C4B514823610BA96561D6
:1099C000E67612F0F1FE0BA813F0E4F857490BA865
:1099D00012F0D0FF564B4A4823610BA96561E67629
:1099E00012F0E2FE0BA813F0D5F85A464B4632218E
:1099F000D520FDF731FA4F490BA812F0BBFF4E4BB3
:109A00003F4823610BA9C4F814A0E67612F0CCFEFF
:109A10000BA813F0BFF89FED380B02210BA813F031
:109A200083F8464B364823610BA9C4F814A0E676A8
:109A300012F0BAFE0BA813F0ADF8414908A812F0D5
:109A400099FF404905A812F095FF05A908A813F051
:109A500015F901460BA812F0A7FF3B4B28482361DC
:109A60000BA9C4F814A0E67612F09EFE0BA813F022
:109A700091F805A813F08EF808A813F08BF8334B73
:109A80001B78002B00F05781DFF8CC801C4898F839
:109A900000304EF631654CF67B56002B14BF2B463A
:109AA000334611222227CDE9012300977123772223
:109AB000462109F06DFF98F800300097002B08BF91
:109AC000354601950E481223772246210AF062FEA0
:109AD0001F490BA812F04EFF1E4B236100220123E9
:109AE0000BA90748E376626112F05EFE0BA813F043
:109AF00051F833E0AFF30080000000000000504058
:109B0000B4A00020703B0400E5001500DC3C04001C
:109B1000BC9D002006008A007C3B04001E841E843D
:109B200065003200843B040065004B008C3B040060
:109B300065006400903B0400B9004B00CC00640059
:109B40009C3B0400A83B0400EB006400AC640020D4
:109B5000B03B04004E008E00A1640020974B1B78A0
:109B6000002B00F013814EF6316611232225CDE93A
:109B70000136934800957123A822462109F008FF79
:109B8000CDE900568E481223A82246210AF002FE93
:109B90008C490BA812F0EEFE8B4B236100220123AF
:109BA0000BA98748E376626112F0FEFD0BA812F064
:109BB000F1FF864B1B78002B00F0DC804EF63166FF
:109BC00011232225CDE901367D48009571237722A6
:109BD000C02109F0DDFECDE9005679481223772235
:109BE000C0210AF0D7FD7A490BA812F0C3FE794BC9
:109BF0002361002201230BA97148E376626112F010
:109C0000D3FD0BA812F0C6FF734B1B78002B00F09E
:109C1000A5804EF6316611232225CDE9013668482C
:109C200000957123A822C02109F0B2FECDE90056AB
:109C300063481223A822C0210AF0ACFD67490BA893
:109C400012F098FE664B2361002501230BA95C48A6
:109C5000E376656112F0A8FD0BA812F09BFF58484F
:109C600000955423772298210AF04CFF5448009520
:109C70005423772299210AF045FF51480095542337
:109C800077229A210AF03EFF4D480095542377220F
:109C90009B210AF037FF4A480095542377229C21E4
:109CA0000AF030FF46480095542377229D210AF0A0
:109CB00029FF43480095542377229E210AF022FF72
:109CC0003F4800955423772240F213110AF01AFFFF
:109CD0003B480095542377224FF48A710AF012FF13
:109CE000374800955423772240F215110AF00AFFF5
:109CF00033480095542377224FF48B710AF002FF0A
:109D00002F4800955423772240F217110AF0FAFEEB
:109D10002B480095542377224FF48C710AF0F2FE01
:109D2000274800955423772240F219110AF0EAFEE1
:109D30000FB0BDE8F08F2B4B1B789BB34CF67B56D6
:109D400011232225CDE901361D4800957123772284
:109D5000462109F01DFECDE90056B3E622234CF260
:109D6000D252CDE9003216485223A822C0210AF06F
:109D700011FD63E722234CF2D252CDE900321048A4
:109D800052237722C0210AF005FD2CE722234CF252
:109D9000D252CDE900320A485223A82246210AF0C5
:109DA000F9FCF5E622234CF2D252CDE90032044808
:109DB0005123772246210AF0EDFC89E69B640020BE
:109DC000B4A00020B83B04004E00BF00A7640020F0
:109DD000C43B0400C8008E00AE640020CC3B0400ED
:109DE000C800BF00A1640020424B1B7870B5002B57
:109DF00050D1414C2378002B3ED140480DF02EF934
:109E00003F480DF02BF93F480DF028F93E480DF082
:109E100025F90A20FCF7C8FC0820FCF7C5FCFCF774
:109E200091FF3A4B1B78D3B9FCF74CFF384B1B78AA
:109E300063B9FEF7C5FD374B1B780BB1FEF7FCFF8E
:109E4000FDF70AFB344B1B7893B970BDFDF778FC26
:109E5000FEF7B6FD2F4B1B78002BEFD1F0E7FDF797
:109E60007BF8FCF72FFF2A4B1B78002BE1D0EDE7A6
:109E7000BDE87040FCF73ABA2848012102F0EEFB39
:109E80000028E2D0254802F069FCBDE87040234874
:109E900002F028B9224D12F07BFF224B2A681B6882
:109EA000801A9842A5D9204E134C304610F0A0FBE2
:109EB0002378B6F906203BB11C4B1B6893420ADBA2
:109EC00012F066FF286095E7184B1B689342F7DD98
:109ED000FCF7AEFBF4E700263146154826700CF07F
:109EE000D3FC1449144A154B0E6016601E60FFF730
:109EF000A3FAE5E7A3640020A9640020C89D002020
:109F0000609E0020F89E0020909F00209F6400200B
:109F1000A8640020A5640020AF6400203C640020F9
:109F200000710020586000204CA000205C600020E0
:109F3000B4A000202C710020247100201C7100208E
:109F40002DE9F04F1448154C154F164E164D89B09B
:109F50000CF08EF8154910480CF040F9144B1548D8
:109F60001A78154982F001021A70002323700370D9
:109F70000B70124C124813493B6033602B702370F6
:109F800003700B60002A00F010840F4E3578EDB19D
:109F900009B0BDE8F08F00BF9CB50020A864002088
:109FA00038710020D4700020AD640020A08601002C
:109FB00097640020A56400209F640020AF64002007
:109FC000E470002040710020AA640020D74800956A
:109FD00060238022012102F01BFB2A46D348009512
:109FE0008023022102F014FB2A4680230321CF485C
:109FF0000095CF4C02F00CFBCC4802F073F82946D8
:10A00000092016F0DBF94FF001092046294686F8B1
:10A01000009019274FF2B37609F0EAFA7123CDE9DF
:10A02000017620460093294655236FF0180209F067
:10A03000AFFCAC23CDE90176204600932946552399
:10A040005D2209F0A5FC009620464FF4947354223B
:10A0500018210AF097FC009620464FF4947355227D
:10A0600018210AF08FFC009620464FF49473562274
:10A0700018210AF087FC009620464FF4947357226B
:10A0800018210AF07FFC009620464FF494735D225D
:10A0900018210AF077FC009620464FF494735E2254
:10A0A00018210AF06FFC009620464FF494735F224B
:10A0B00018210AF067FC009620464FF49473602242
:10A0C00018210AF05FFC05265723CDE9003620460B
:10A0D000029528236FF00202322109F059FC9423E3
:10A0E000CDE901652046009361222823322109F041
:10A0F0004FFC204600951023532279210AF002FDDF
:10A1000020460095102353227A210AF0FBFC2046BA
:10A11000009510235322F1210AF0F4FC204600950B
:10A1200010235322F2210AF0EDFC20462946009527
:10A1300032230C220AF026FC2046294600953223C1
:10A140000D220AF01FFC20462946009532230E22DC
:10A150004FF6C8660AF016FC2D23CDE900362046DE
:10A16000294632230F220AF015FB20462946009586
:10A17000322339220AF006FC204629460095322374
:10A180003A220AF0FFFB4FF00808204629460095C6
:10A1900032233B220AF0F6FB1E2356222046CDF83E
:10A1A000008001957B210AF0F5FA204661490AF00A
:10A1B00067F9614905A812F0DDFB604A604B84F83D
:10A1C0001B90C4E9042305A9204612F0EDFA05A866
:10A1D000102712F0DFFC4CF2D25B204659490AF0FE
:10A1E0004FF9CDF80480204600973B46CDF808B0E3
:10A1F0001F22462109F0CCFB4FF02A0ACDE9018B42
:10A2000000973B4620463922462109F0C1FB4346D0
:10A2100020460195CDF800A01F2250210AF0BAFA7D
:10A2200048F21E42CDE900783B4620460292B92111
:10A230001F2209F0ADFB4CF67B52CDE900783B467E
:10A2400020460292B921392209F0A2FB1F2243467F
:10A250002046CDF800A00195C3210AF09BFA3A49A7
:10A260003A4F05A812F086FB394B236105A96761B7
:10A2700084F81B90204612F097FA05A812F08AFC89
:10A28000344905A812F076FB334B236105A96761B9
:10A29000204684F81B9012F087FA05A812F07AFC89
:10A2A0002E4905A812F066FB2D4A2E4B84F81B9010
:10A2B000C4E9042305A9204612F076FA05A812F095
:10A2C00069FC294905A812F055FB284A284B84F857
:10A2D0001B90C4E9042305A9204612F065FA05A8DD
:10A2E00012F058FC00962046F8236C223D210AF01B
:10A2F00049FB00962046F82384223D210AF042FBC8
:10A3000000962046F8239A223D210AF03BFB009656
:10A310002046F823B2223D210AF034FB0096204665
:10A32000F823C8223D210AF02DFB23E03C640020E5
:10A33000B4A00020EC3C0400B03B0400F400140086
:10A34000C8FEC8FEDC3C0400D43B0400D2C5D2C524
:10A3500078002E00DC3B040078004800E43B040059
:10A36000F0002E001E841E84F03B0400F000480024
:10A370007BCD7BCD00962046F823E0223D210AF0DC
:10A3800001FB0096204618236C223D210AF0BAFBFF
:10A390000096204618239A223D210AF0B3FB00962E
:10A3A00020461823C8223D210AF0ACFB0096204627
:10A3B00018236C224FF49A710AF0A4FB00962046F1
:10A3C00018239A224FF49A710AF09CFB00962046BB
:10A3D0001823C8224FF49A710AF094FB0096204685
:10A3E00018236C227B210AF08DFB0096204618234F
:10A3F0009A227B210AF086FB009620461823C82269
:10A400007B210AF07FFB0096204618236C22B9219D
:10A410000AF078FB0096204618239A22B9210AF008
:10A4200071FB009620461823C822B9210AF06AFB66
:10A430000096204618236C22F7210AF063FB009651
:10A44000204618239A22F7210AF05CFB46F6622880
:10A45000009620461823C822F7210AF053FB204615
:10A46000CDF80080F8238A223D210AF08BFA20469D
:10A47000CDF80080F823B8223D214FF6FF770AF08F
:10A4800081FA2046CDF80080F823E6223D210326FC
:10A490000AF078FA20460097022390223A210AF027
:10A4A00071FA20463346019700968F223D210AF02B
:10A4B00071F92B4620468F223D210AF00BFD2B46D9
:10A4C000204691223F210AF005FD33462046CDE982
:10A4D00000678F2241210AF05DF92B462046902229
:10A4E00042210AF0F7FC33462046CDE900678F226F
:10A4F0007A210AF04FF92B46204690227B210AF060
:10A50000E9FC33462046CDE900678F22B7210AF0E7
:10A5100041F92B4620468F22B7210AF0DBFC2B465F
:10A5200020469122B9210AF0D5FC33462046CDE9D8
:10A5300000678F22BC210AF02DF92B46204690227D
:10A54000BD210AF0C7FC2046009702238F22F52187
:10A550000AF0D8FA3346204600978F22F7210AF0F6
:10A56000D1FA3B4620469022F6210AF0B3FC33464E
:10A570002046CDE900678F22FA210AF00BF92B461D
:10A5800020469022FB210AF0A5FC022233462046F9
:10A590000092019790224FF499710AF0FBF83B4624
:10A5A00020468F224FF499710AF094FC33462046DE
:10A5B000CDE900678F2240F237110AF0EBF82B4605
:10A5C000204690224FF49C710AF084FC33462046CA
:10A5D000CDE90067BD223E210AF0DCF82B4620467B
:10A5E000BE223F210AF076FC33462046CDE90067C3
:10A5F000BD2278210AF0CEF82B462046BD227821D4
:10A600000AF068FC2B462046BF227A210AF062FC41
:10A6100033462046CDE90067BD227C210AF0BAF816
:10A620002B462046BD227E210AF054FC2B462046B4
:10A63000BF227C210AF04EFC33462046CDE900675C
:10A64000BD22B7210AF0A6F82B462046BD22B9212B
:10A650000AF040FC2B462046BF22B7210AF03AFC04
:10A6600033462046CDE90067BD22BC210AF092F8AE
:10A670002B462046BE22BD210AF02CFC3346204644
:10A680000097BD22F5210AF07DF93B462046BE2207
:10A69000F7210AF01FFC3B462046BF22F6210AF0B4
:10A6A00019FC33462046CDE90067BD22F9210AF0A6
:10A6B00071F82B462046BD22FB210AF00BFC2B46ED
:10A6C0002046BF22F9210AF005FC334620460097B8
:10A6D000BD224FF498710AF015FA33462046CDE9B1
:10A6E0000067BD2240F233110AF054F82B46204691
:10A6F000BE224FF49A710AF0EDFB33462046CDE9B5
:10A700000067BD2240F237110AF044F82B4620467C
:10A71000BE224FF49C710AF0DDFB33462046CDE9A2
:10A720000067EB2239210AF035F833462046CDE99F
:10A730000067EB223D210AF02DF82B462046EC2243
:10A740003A210AF0C7FB33462046CDE90067EB22E9
:10A7500041210AF01FF82B462046EC2242210AF044
:10A76000B9FB3B4600954FF46172EB217520FDF774
:10A7700099FC3B4600954FF47A72EB21B320FDF72C
:10A7800091FC3B46009540F24C42EB21F320FDF753
:10A7900089FC3B4600954FF49662EB214FF497708D
:10A7A000FDF780FC09B0BDE8F08FFEF745FE09B06B
:10A7B000BDE8F08F2DE9F04FDFF8CCC3DFF8CCE334
:10A7C000D74AD849DFF8C8B3DFF8C8A3DFF8C89381
:10A7D000DFF8C883D448D54FD54C89B000258026F2
:10A7E00000962B468EF800508CF8005015600D60D6
:10A7F0002A468BF800508AF8005089F8005088F8F3
:10A800000050012101F004FF00962B462A46C6485D
:10A81000DFF88CA3DFF88C93DFF88C83022101F042
:10A82000F7FE2B462A4600960321BF48C14E01F091
:10A83000EFFEBD4801F056FCBF48DFF870E3DFF8DB
:10A8400070C3BE4ABE4BBF4905603846CEF80050C3
:10A85000CCF8005015701D70CAF80050C9F80050AF
:10A86000C8F8005035700D700BF002FC3846B64940
:10A870000BF0B4FC2946204608F0BAFE4FF6C86932
:10A880001527ED23CDE901792046009303224623C5
:10A89000012109F07DF80826ED23009320463B4670
:10A8A000019602950B22332109F072F849F67F6276
:10A8B00038234FF00408CDE90032204632233E22EF
:10A8C000012109F067FF2046CDF800800195332370
:10A8D0003A22012109F05EFFCDE9008520463323AD
:10A8E0007622012109F056FFCDE900852046332369
:10A8F000B322012109F04EFFCDE90069204637233C
:10A9000003221A2109F046FFCDE90069204695236C
:10A910000322592109F03EFFCDE9006920464A2370
:10A920000322F62109F036FF282348F2B7370D2617
:10A9300020460093CDF804901923C822012109F084
:10A9400029FFCDE90067204620233E22432109F05C
:10A9500021FFCDE90067204620237A22432109F018
:10A9600019FFCDE9006720462023B722432109F0D3
:10A9700011FFCDE90067204620233E22BA2109F0CD
:10A9800009FF4CF67B5BCDE90067204620237A2245
:10A99000BA2109F0FFFE00962046CDF804B05023FE
:10A9A0003E22662109F0F6FECDE9006B20465023D9
:10A9B0007A22662109F0EEFECDE9006B2046502395
:10A9C000B722662109F0E6FECDE9006B20465F2341
:10A9D0003E22DD2109F0DEFECDE9006B20465F233B
:10A9E0007A22DD2109F0D6FE4FF6186A2723204689
:10A9F000CDF804A000934F222023432109F0CAFE82
:10AA00002723CDF804A00093204620238B22432146
:10AA100009F0C0FE2823CDF804A00093204620238F
:10AA2000C822432109F0B6FE2723CDF804A00093E5
:10AA3000204620234F22BA2109F0ACFE65238B2249
:10AA4000CDF804A020460093BA21202309F0A2FEED
:10AA500020463E4909F014FD3D4905A811F08AFF42
:10AA60003C4B23614FF0010A4FF0FF3305A920460C
:10AA7000636184F81BA011F097FE05A812F08AF814
:10AA80002046354909F0FCFC344905A811F072FF55
:10AA9000334B236105A9204684F81BA0656111F0A2
:10AAA00083FE05A812F076F82E4905A811F062FF82
:10AAB0002D4B236105A9204684F81BA0656111F088
:10AAC00073FE05A812F066F8284905A811F052FF98
:10AAD000274B236105A9204684F81BA0656111F06E
:10AAE00063FE05A812F056F8224905A811F042FFAE
:10AAF000214B236105A9204684F81BA0656111F054
:10AB000053FE05A812F046F81C4905A811F032FFC3
:10AB10001B4B236105A91B4B636120464AE000BF24
:10AB200038710020D47000203C6400209CB50020C7
:10AB3000B4A00020A064002048710020946400208C
:10AB4000AD640020AB640020A0860100EC3C040052
:10AB5000FC3B0400DC002B00DC3C04000C3C04004B
:10AB60000900CC00143C040004004F001C3C04000D
:10AB700004006000243C0400040072002C3C04002B
:10AB8000460023001E841E849964002098640020DF
:10AB90009F640020A8640020AA640020976400201D
:10ABA00044710020EC700020E8700020C870002084
:10ABB000C470002084F81BA011F0F6FD05A811F068
:10ABC000E9FFA04905A811F0D5FE9F4B9F4A62619D
:10ABD00005A92046236184F81BA011F0E5FD4FF084
:10ABE000030A05A811F0D6FF204653460195CDF87B
:10ABF00000A04622562109F0CDFD53462046CDE95E
:10AC000000A546225A2109F0C5FD3B4620464722B1
:10AC100057210AF05FF953462046CDE900A54622A8
:10AC20005E2109F0B7FD3B46204647225F210AF02E
:10AC300051F900972B464FF4617282215620FDF79F
:10AC400031FA00972B464FF47A72BE215320FDF75C
:10AC500029FA00972B4640F24C424621CD20FDF7C1
:10AC600021FA00972B464FF496628221CB20FDF704
:10AC700019FA2B46CDF800904FF4966206217F20FA
:10AC8000FDF710FA4FF6FF772B46CDF800904FF402
:10AC90007A7206219620FDF705FA204600970B23CD
:10ACA0009A2240F2111108F0ABFD4346204600976E
:10ACB000CE22F92108F0A4FD434620460097CE227B
:10ACC0004FF4957108F09CFDCDE9006720462E23D6
:10ACD000B222FA2109F05EFD4FF478463523CDE922
:10ACE000003620460A23A5224FF4867109F052FD52
:10ACF000CDE9008620460A238D224FF4867109F0A3
:10AD000049FD28230196009320460623B2224FF4E2
:10AD1000837109F03FFD2823019600932046062306
:10AD2000B2224FF48B7109F035FD0F2320460093BA
:10AD300001970623C0224FF4877108F095FBCDE9F7
:10AD4000008743462046A92240F20F1109F022FD58
:10AD5000CA23BE264FF0CB08204600930197F82364
:10AD6000BF22FA2108F08AFA20464246019700964F
:10AD70004FF48173FB2108F081FA32462046019797
:10AD8000CDF800804FF494734FF48F7108F076FA89
:10AD900032462046CDE9008740F22B1340F22711BE
:10ADA00008F06CFA14232046009301971A23DA2244
:10ADB0004FF4827109F0EEFC40F20313ED21FE2204
:10ADC000029100912046019219460397DA2208F079
:10ADD00065FF4FF48F73ED2140F223120291009131
:10ADE0002046019219460397DA2208F057FF48F2ED
:10ADF0001E432046009362225023662109F0C2FDC3
:10AE00004CF2D253204600939E225023662109F033
:10AE1000B9FD2046CDF800B05023DB22662109F0B1
:10AE2000B1FD4EF63163009320465E236222DD21A0
:10AE300009F0A8FD064A074B15701D6009B0BDE872
:10AE4000F08F00BF403C0400460036001E841E8484
:10AE5000E4700020407100202DE9F04F464889B091
:10AE60000BF006F9454944480BF0B8F911F090FF92
:10AE7000434B444A1B6812684349C31A002BB8BFAE
:10AE80005B429342086038DB404B41481A784149A5
:10AE9000414D424C424F434E82F001021A70002352
:10AEA00003700B70404841492B70237003600B60A6
:10AEB0003F4D404C404841492B60236003600B608C
:10AEC0003F4D404C404841493B7033602B702370EC
:10AED00003700B7062B13E4B1C78CCB1DFF8189157
:10AEE00099F80050002D00F0898009B0BDE8F08F7E
:10AEF000FEF7A2FA09B0BDE8F08F344B012109201A
:10AF0000197015F05BFAFFF755FC09B0BDE8F08F3A
:10AF1000304E11F03DFF304B32681B68801A98426A
:10AF2000E3D92E4D2146284608F062FB2C4905A89E
:10AF300011F020FD01242B4A2B4B2A616B6105A9DE
:10AF40002846EC7611F030FC05A811F023FE2749C5
:10AF500005A811F00FFD264A264BEC76C5E904231F
:10AF600005A9284611F020FC05A811F013FE11F0E8
:10AF70000FFF3060B9E700BF9CB50020A08601003C
:10AF8000D070002070600020CC70002098640020F9
:10AF9000AA6400209F640020A5640020AD64002006
:10AFA000E4700020407100204871002044710020AE
:10AFB000EC700020E8700020C8700020C4700020F1
:10AFC000A0640020AB64002094640020AF640020E3
:10AFD0009B640020087100206C600020B4A0002059
:10AFE000B83B0400D3001500C8FEC8FE543C040062
:10AFF0006E00A9007F9E7F9EA86400202A46CE484E
:10B0000000958023012101F003FBCB4800956023CC
:10B010008022022101F0FCFA2A4680230321C6483F
:10B020000095C64CC64F01F0F3FAC34801F05AF838
:10B030002946092001264FF2B37815F0BFF94FF0E9
:10B04000190B204629464FF08C0A89F8006008F059
:10B05000CFFACDE901B820462946CDF800A06423F7
:10B060006FF0180208F094FCCDE901B8204629469B
:10B07000CDF800A06423782208F08AFCCDF8008087
:10B0800020464FF494737022182109F07BFCCDF810
:10B09000008020464FF494737122182109F072FC4D
:10B0A000CDF8008020464FF494737222182109F0E5
:10B0B00069FCCDF8008020464FF494737322182168
:10B0C00009F060FCCDF8008020464FF4947378229C
:10B0D000182109F057FCCDF8008020464FF49473F6
:10B0E0007922182109F04EFCCDF8008020464FF45B
:10B0F00094737A22182109F045FCCDF8008020468F
:10B100004FF494737B22182109F03CFC4FF00508A2
:10B110007323CDE90038204602953C236FF00202EC
:10B12000322108F035FC7D2320460093CDE90185CE
:10B130003C237C22322108F02BFC20460095102372
:10B140006E22792109F0DEFC2046009510236E2244
:10B150007A2109F0D7FC2046009510236E22F121B8
:10B1600009F0D0FC2046009510236E22F22109F050
:10B17000C9FC20462946009532231C2209F002FC16
:10B1800020462946009532231D2209F0FBFB20466C
:10B190002946009532231E2209F0F4FB4FF6C862BF
:10B1A0002E23CDE900322046294632231F2209F002
:10B1B000F1FA20462946009532234D2209F0E2FBA0
:10B1C00020462946009532234E2209F0DBFB20461B
:10B1D0002946009532234F2209F0D4FB082372221E
:10B1E0002046009301951E237B2109F0D3FA2046C7
:10B1F000544909F045F9544905A811F0BBFB534ADD
:10B20000534BE676C4E9042305A9204611F0CCFA95
:10B2100005A811F0BFFC20464E4909F031F94E490E
:10B2200005A811F0A7FB4D4BE676C4E9043705A944
:10B23000204611F0B9FA05A811F0ACFC484905A860
:10B2400011F098FB474B236105A967612046E6761C
:10B2500011F0AAFA05A811F09DFC434905A811F0C8
:10B2600089FB424B236105A967612046E67611F010
:10B270009BFA05A811F08EFC3D4905A811F07AFB58
:10B280003C4B236105A967612046E67611F08CFAF4
:10B2900005A811F07FFC384905A811F06BFB374B6E
:10B2A000236105A967612046E67611F07DFA05A8BD
:10B2B00011F070FC324905A811F05CFB314B2361A1
:10B2C00005A967612046E67611F06EFA05A811F02F
:10B2D00061FC2D4905A811F04DFB2C4B236105A9FC
:10B2E00067612046E67611F05FFA05A811F052FC7E
:10B2F000274905A811F03EFB264B236105A967618C
:10B300002046E67611F050FA05A811F043FC2249D8
:10B3100005A811F02FFB214B236105A96761204689
:10B32000E67611F041FA05A811F034FC1C4905A895
:10B3300011F020FB36E000BF3C640020B4A00020E8
:10B340001E841E84EC3C0400B83B0400D3001500AE
:10B35000C8FEC8FEDC3C0400643C04007000300001
:10B36000683C040070004A00703C040070006300F8
:10B37000783C040070009600803C04007000B0002F
:10B38000883C04007000CA00903C04007000E40097
:10B39000943C0400ED003000983C0400ED004A00AD
:10B3A000A43C0400154B236105A967612046E6769D
:10B3B00011F0FAF905A811F0EDFB114905A811F0FB
:10B3C000D9FA104B236105A967612046E67611F092
:10B3D000EBF905A811F0DEFB0B4905A811F0CAFA3C
:10B3E0000A4B236105A967612046E67611F0DCF976
:10B3F00005A811F0CFFB09B0BDE8F08FED006300A8
:10B40000B03C0400ED009600B83C0400ED00B00034
:10B410002DE9F043294889B00AF02AFE2849274837
:10B420000AF0DCFE11F0B4FC264B274A1B681268B8
:10B4300026491B1A002BB8BF5B4293420860C0F23A
:10B44000B382234A234C137823482449DFF8D0C021
:10B45000234F244EDFF8CC80002583F001031370C6
:10B46000256005600D70204C20482149214A257037
:10B4700005600D601560204C20482149214A256057
:10B4800005600D601570204C20482149214A8CF838
:10B4900000503D603570257005700D70157088F88E
:10B4A0000050002B40D11C480CF042FF1B4B0122E6
:10B4B0001A70FDF7C1FF09B0BDE8F0839CB500200C
:10B4C000A0860100CC70002070600020D0700020A9
:10B4D0009964002038710020D4700020AD640020F1
:10B4E000407100209F640020AA6400204871002061
:10B4F00044710020EC700020E8700020C87000202B
:10B50000C4700020A0640020AB640020946400207C
:10B51000AF640020A864002058B60020A464002076
:10B52000E4700020A56400200121092014F046FFEA
:10B5300000952A46D448D54CD54F8023012101F0EF
:10B5400067F800952A46D0488023022101F060F870
:10B550006023802200950321CB4801F059F8CA48A6
:10B5600000F0C0FD204629464FF2B37608F040F8BF
:10B570004FF019095B23CDE9019620460093294637
:10B5800055236FF0180208F003FAC223CDE90196A3
:10B590002046009329465523472208F0F9F90096E2
:10B5A000204660233F22182109F0ECF9009620463E
:10B5B00061233F227B2109F0E5F9009620466123B3
:10B5C0003F22DF2109F0DEF9009620466023402269
:10B5D000182109F0D7F900962046612340227B21EB
:10B5E00009F0D0F90096204661234022DF2109F0BE
:10B5F000C9F90096204660234122182109F0C2F9BA
:10B6000000962046612341227B2109F0BBF9009678
:10B61000204661234122DF2109F0B4F9009620463B
:10B6200060234222182109F0ADF9009620464323F9
:10B630004222992109F0A6F9009620466123422270
:10B64000DF2109F09FF90096204660234722182148
:10B6500009F098F90096204643234722992109F0E2
:10B6600091F90096204661234722DF2109F08AF9EB
:10B670000096204660234822182109F083F900969D
:10B680002046612348227B2109F07CF90096204660
:10B6900061234822DF2109F075F9009620466023D6
:10B6A0004922182109F06EF90096204661234922AB
:10B6B0007B2109F067F90096204661234922DF21AA
:10B6C00009F060F90096204660234A22182109F00B
:10B6D00059F90096204661234A227B2109F052F94C
:10B6E0000096204661234A22DF2109F04BF90A2601
:10B6F0004723CDE900360295204628236FF0070244
:10B70000322108F045F9AD23CDE9016520460093CB
:10B710004B222823322108F03BF900952046294688
:10B7200032238D2209F02EF9009520462946322336
:10B730008E2209F027F900952046294632238F22D0
:10B7400009F020F90095204629463223B02209F05D
:10B7500019F90095204629463223B12209F012F941
:10B760000095204629463223B22209F00BF94FF604
:10B77000C8622023CDE90032204632239022294698
:10B7800009F008F82046434908F07AFE424905A826
:10B7900011F0F0F80126414A414B2261636105A98D
:10B7A000E676204611F000F805A811F0F3F92046DE
:10B7B0003C4908F065FE3C4905A811F0DBF83B4B1D
:10B7C000E676C4E9043705A9204610F0EDFF05A888
:10B7D00011F0E0F9364905A811F0CCF8354A364B9E
:10B7E000E676C4E9042305A9204610F0DDFF05A88C
:10B7F00011F0D0F92C4905A811F0BCF82F4B2361AA
:10B8000005A96761E676204610F0CEFF05A811F085
:10B81000C1F92B4905A811F0ADF82A4A2A4BE67662
:10B82000C4E9042305A9204610F0BEFF05A811F0C5
:10B83000B1F91D4905A811F09DF8244B236105A914
:10B840006561E676204610F0AFFF05A811F0A2F979
:10B8500010274FF0080948F21E43CDE90193204616
:10B8600000973B462122492108F092F8CDE9007566
:10B870004B4620462122532108F08CFF4CF67B5288
:10B88000CDE9007924E000BF3C640020B4A0002092
:10B890007F9E7F9EEC3C0400BC3C0400B900140079
:10B8A000C8FEC8FEDC3C0400CCB2040064003000DA
:10B8B000CC3C0400740030001E841E84D70030008D
:10B8C000D43C0400E60030007BCD7BCD2600A700F1
:10B8D0003B4620460292B921212208F059F84B46F6
:10B8E0002122009701952046C32108F053FF3448D8
:10B8F000344F96210CF048FD334931480CF042FD9D
:10B90000324B2F481A6831460CF054FC88F800601E
:10B91000061E18BF012646F66225204600958023A4
:10B9200061223C213E7009F0EDF82046009580230D
:10B9300061223D2109F0E6F82046009504236022AB
:10B940003C2109F01FF8204600950423E1223C2108
:10B9500009F018F8204600950423A1223C2109F0A3
:10B9600011F8204600958023612240F2371109F03A
:10B97000C9F820460095802361224FF49C7109F09C
:10B98000C1F820460095042360224FF49A7108F014
:10B99000F9FF009520460423E1224FF49A7108F044
:10B9A000F1FF09B0BDE8F083094B012109201970AE
:10B9B00014F004FDFEF7FEFE09B0BDE8F08300BF01
:10B9C00058B60020A764002015C0020008600020BF
:10B9D000AF64002030B58B488B4DADF2946D00F014
:10B9E0006DFB8A4800F06AFB00234FF4A0722846E2
:10B9F000F0210AF0F1FD284601210AF08DFD84496D
:10BA00002846002408F03CFD7E48EC7600F0A6FEB7
:10BA10007E4800F0A3FE7B48402100F077FE7B4883
:10BA2000402100F073FE0121102014F043FC01219D
:10BA3000112014F03FFC0121122014F03BFC0121E5
:10BA4000132014F037FC01210D2014F033FC0121E8
:10BA5000042014F02FFC0121092014F02BFC0121FB
:10BA6000092014F0ABFC0121084614F023FC204609
:10BA7000012114F01FFC0121022014F01BFC012104
:10BA8000084614F09BFC2046012114F097FC01218C
:10BA9000022014F093FC0A2011F086F921460E20B2
:10BAA00014F008FC2146012014F004FC2146204635
:10BAB00014F000FC2146022014F0FCFB2146142067
:10BAC00014F0F8FB2146072014F0F4FB514B0093CF
:10BAD0005148392301220A210AF0E6FF4F4B187022
:10BAE00000286AD1582277214D480BF0EDFF4D4BCD
:10BAF000024644214C481A700CF0CCFA4B4B4C498E
:10BB000002464C481A700CF03DFC4B4B49481A68F1
:10BB100001210CF04FFB0346003B484A454818BF43
:10BB2000012313700CF004FC3A4A45481C210EF026
:10BB30006FFE444B0246012141481A700EF0DCFDB5
:10BB40003F4800210EF0A0FE01213D480EF0B8FE56
:10BB500030480AF08DFA3C492E480AF03FFB03A911
:10BB600033200DF07BF8002840D02A480AF080FAF4
:10BB7000364928480AF032FB35480BF03BFA354984
:10BB800033480BF0DBFA34480BF034FA33493248CF
:10BB90000BF0D4FA32480BF02DFA324930480BF052
:10BBA000CDFA31480BF026FA30492F480BF0C6FA8F
:10BBB000FDF742FC0DF2946D30BDFF222146164880
:10BBC0000BF0CAF9144801210BF0F6F812480121D4
:10BBD0000AF0DCFE022110480AF0B6FE0E480BF017
:10BBE0009BF90D4832210AF063FE7BE7204B214987
:10BBF000012403A81C700EF0DBFA214633200DF05F
:10BC00008DF8B2E73C640020B4A00020246400203A
:10BC1000DC3C04009CB5002024A000209B64002094
:10BC200074A00020AC6400203CA00020A16400208F
:10BC300015C0020058B6002008600020A76400204C
:10BC40004CA00020A3640020801A0600A0860100FA
:10BC5000609E002059AE0200C89D0020419F020056
:10BC6000F89E002011B40200909F002079BC0200D1
:10BC7000AE6400204C7300202DE9F04FD24AD34926
:10BC80001378D348097883F00103002489B0137036
:10BC90000470002900F07981002B00F06481CD4808
:10BCA000009423468022012100F0B2FCC948009490
:10BCB00023468022022100F0ABFC23468022032190
:10BCC000C448009400F0A4FCC248C34DC34FC44E06
:10BCD000DFF838B300F006FAC248214607F088FCC6
:10BCE000DFF82CC3C04AC14BC149C2482C700125A2
:10BCF0008CF8004014701C603D7034700C700AF0B9
:10BD0000B7F9BD49BB480AF069FA042133200DF0A8
:10BD100005F8294609204FF2B37514F04FFB4FF098
:10BD20000B081E2606221627CDE901851146AD48CF
:10BD30000096162307F02CFECDE901853B46A94865
:10BD40000096CC22062107F023FECDE900753B4684
:10BD5000A448CC22062108F01DFDCDE90075A148BC
:10BD60000C230E22062108F015FDCDE901853B4686
:10BD70009C48009606224FF4927107F009FECDE927
:10BD800001853B4697480096CC224FF4927107F00C
:10BD9000FFFDCDE9007593480C230E224FF49771F7
:10BDA000062608F0F7FC4FF02009CDE900758D4814
:10BDB0000C23CC224FF4977108F0ECFC8948CDF8A5
:10BDC00000900C2309221221CDE9016407F0E0FD67
:10BDD0004FF00308834802940C23C7221221CDE9B7
:10BDE000009607F0D5FD7F4801953246CDF80080DA
:10BDF0000E23102108F0CEFCCDE9008579483246AB
:10BE000010234FF4917108F0C5FCCDE90085754809
:10BE10000E23E722102108F0BDFC2127CDE9008583
:10BE200070481023E7224FF4917108F0B3FC6D487D
:10BE300001953346009724220C2108F0ABFCCDE994
:10BE4000007568483346AB220C2108F0A3FCCDE90D
:10BE500000756448334624224FF4977108F09AFC29
:10BE60006048CDE9007580463346AB224FF49771A8
:10BE700008F090FC142309224FF48D714046CDE95F
:10BE80000096029407F084FD30254CF2D25714231B
:10BE9000C7224FF48D714046CDE90096029407F019
:10BEA00077FDCDE90057334647220C21404608F084
:10BEB00071FCCDE90057334679220C21404608F049
:10BEC00069FCCDE90057334647224FF4977140464D
:10BED00008F060FCCDE90057334679224FF49771A2
:10BEE000404608F057FC26254FF0150A19E01FB20E
:10BEF0003BF8146004233A4606214046CDE900A6EB
:10BF000008F048FCCDE900A63A4604234FF49B71A3
:10BF1000404608F03FFCB9F1060F33D01735ADB2FB
:10BF20000134032C5FFA84F905F105032FB2DED842
:10BF3000B9F1030F4FF01A063A4640464FF004039A
:10BF40004FF00601D4D13BF81490CDE9006908F018
:10BF500021FCCDE900693A4604234FF49B71404629
:10BF600008F018FCDAE71D4A0121332013700CF0A9
:10BF7000D5FE20480AF07CF820491E480AF02EF928
:10BF8000FDF75AFA09B0BDE8F08F164C019128234D
:10BF90002046009350224623962108F0FBFB1849C7
:10BFA00005A810F0E7FC174B174A2361012305A9E8
:10BFB0006261E376204610F0F7FB05A810F0EAFD79
:10BFC00009B0BDE8F08F00BF9A640020AE64002085
:10BFD000AF6400203C6400209F640020AD6400201A
:10BFE000A5640020B4A00020E4700020407100206F
:10BFF000AA6400209CB50020801A0600A0860100DB
:10C00000F43A04006E00A900C8FEC8FE944E040075
:10C01000A864002038B5084D28460CF0A7F804465F
:10C020002246064928460CF0B3F804EBD474044BBE
:10C0300064101C6038BD00BF58B600204C71002051
:10C040003C71002070B50446C3F38100C3F3811630
:10C05000FF2B0D466074C3F3011103F00300A074BD
:10C060008CBF002301238E420CBF0320042015FB4C
:10C0700000F080B223700023E6742174A080637006
:10C08000237263610121164610F0FAFEE06018B1D8
:10C090006580E680204670BDC4F80200F9E700BF65
:10C0A00010B50446C06810F0B5FEB4F906000028CB
:10C0B00002DB002114F0FEF8204610BD10B5044646
:10C0C000B0F9060000280ADB012114F0F3F8B4F9F6
:10C0D0000600002114F072F90120607010BD0020EC
:10C0E000607010BDC368002B00F07E822DE9F04F18
:10C0F000854C864D864E91B08346E368DB010FD5B3
:10C100003368D8070CD57368DBF814209B099A4272
:10C11000A3EB020111D9CBF81430E368DB01EFD4B3
:10C1200012F038F8A0FB0501DBF81420830A43EA7B
:10C1300081539A42A3EB0201EDD8B1F5967FDCD38F
:10C14000744BBBF804400FCB10AD05E90F00DDF8D0
:10C1500030A0DAF8003523B9DAF86035002BC0F2E8
:10C16000A580DDF834A0DAF8003523B9DAF86035B7
:10C17000002BC0F2F381DDF838A0DAF8003523B9DE
:10C18000DAF86035002BC0F2F981DDF83CA0DAF86E
:10C19000003523B9DAF86035002BC0F2FF8112F0C8
:10C1A00053FE5D4BBBF9062053F822301F2B76D986
:10C1B000203B4FF00109DFF8688109FA03F9524981
:10C1C000534CCB689BF80000544A43F08073CB601B
:10C1D0002368002843F00103236014BF5823C323BE
:10C1E000039342F0010315BF12271A27292646267A
:10C1F00014BF47259C250493CDF804B0019BB3F8E8
:10C2000004B0D3F80CE063680293BBF1000F00F0B8
:10C21000D5810BF1FF3A1FFA8AFA0AF1010AF244BA
:10C2200000221EF801CB0820802163689B1AAB42D4
:10C23000FBD36268D8F808351CEA010F43EA09030A
:10C24000C8F8083522D063689B1AB342FBD3D8F8EC
:10C250000C35013843EA09034FEA5101C8F80C359F
:10C26000E3D1D645DDD1039B03FB0BF1C900636825
:10C270009B1AAB42FBD36368029A9B1A8B42C0F0B5
:10C28000A081049B4FF496409847B7E763689B1AD8
:10C29000BB42DCD263689B1ABB42F7D3D7E74FF0AF
:10C2A000010909FA03F94FF0A04888E7DAF8643584
:10C2B000002BBFF656AFDAF86835002BBFF651AF4A
:10C2C000DAF86C35002BBFF64CAF23010433184667
:10C2D000099310F085FD814600283FF460AF002CE3
:10C2E00000F08781DBF80C309BF800200192013CC4
:10C2F00013FA84F2013BCDF828A0069200249A4656
:10C30000CDF82CB056E000BFF0ED00E040420F0049
:10C31000001000E0D450040030B20400F0500400DB
:10C320000003005048F2080E48F2130810F0800F86
:10C330000CBF7646464610F0400F0CBF754645468A
:10C3400010F0200F0CBF7746474610F0100F0CBFBF
:10C35000F446C44610F0080F29F8146029F811506B
:10C3600008BF764629F8127018BF4646039F29F881
:10C3700013C010F0040F0CBF7146414610F0020FBD
:10C3800029F81760059B029E049D29F816100CBF22
:10C390007246424610F0010F744618BF444629F811
:10C3A000152029F81340069B9A451FFA8BF01FFAB7
:10C3B0008BF478D0A51DADB2E01D0495A51D80B20B
:10C3C000ADB2271D661DBFB2B6B205900795E01D40
:10C3D000019D039780B2611CA21CE31C029604F12C
:10C3E000010804F1020E04F1030C271D661D0890DC
:10C3F00089B21AF8010F92B29BB204F1080B1FFA2E
:10C4000088F81FFA8EFE1FFA8CFCBFB2B6B2002D60
:10C4100088D010F0800F48F20D0548F2060B0CBFD3
:10C420005A462A4610F0400F0CBF5B462B4610F0D0
:10C43000200F0CBF5946294610F0100F29F8142080
:10C4400008BF5D4629F8183010F0080F48F20608BA
:10C4500004F1080B48F20D0414BF2246424610F0C6
:10C46000040F14BF2346434629F81E1010F0020F94
:10C4700029F81C5029F8172029F81630079B14BFFB
:10C480002146414629F8131010F0010F089B14BFF4
:10C490002046404629F81300069B9A451FFA8BF068
:10C4A0001FFA8BF486D1431CDDE90AAB9BB25B001B
:10C4B00009EB40004FF40041018029F80310019B73
:10C4C0000022CAF80425CAF80C25002B40F08D8004
:10C4D0002823CAF80835099BBBF90610484A5808B2
:10C4E0000023CAF81435CAF81035CAF82095CAF8DE
:10C4F0002405CAF82835CAF82C3552F82120CAF884
:10C5000060250122CAF80025CAF81031CAF80820AF
:10C51000DAF810312BB913F0BBFBDAF81031002B2D
:10C52000F9D000234FF0FF32CAF810314846CAF85C
:10C530000035CAF8602510F06DFC324BDB68D9017C
:10C5400047D411F027FE304BA0FB0301830A43EAD6
:10C550008153CBF8143011B0BDE8F08FDAF86435B0
:10C56000002BBFF608AEDAF86835002BBFF603AE35
:10C57000DAF86C35002BBFF6FEADA6E6DAF86435C6
:10C58000002BBFF602AEDAF86835002BBFF6FDAD22
:10C59000DAF86C35002BBFF6F8AD96E6DAF86435BC
:10C5A000002BBFF6FCADDAF86835002BBFF6F7AD0F
:10C5B000DAF86C35002BBFF6F2AD86E659465A46DE
:10C5C00055E6DDF804B012F049FC0E4BDB68D901EA
:10C5D000B7D50E4B1A68D207B3D55B689B09CBF869
:10C5E000143011B0BDE8F08F70471423CAF8083535
:10C5F00071E79BF800300193484602235AE700BFD9
:10C6000030B20400F0ED00E040420F00001000E006
:10C61000F0B445889DF810608D4219D9047A44B170
:10C6200012FB04F214FB03F314FB06F4120A1B0AB8
:10C63000260AC77C057CC468AF420BD004EB81019D
:10C640000024CC55057C4A55427C8B54837CCE54C7
:10C65000F0BC704701EB41012144F4E743888B4271
:10C660003DD930B4C57C037C9D421ED0C468027A9B
:10C6700004EB8101847CCB5C4D5D92B3407C0C5D0E
:10C68000095C1802B0FBF2F000042B02B3FBF2F3DA
:10C6900040EA03602302B3FBF2F3184330BC0B0201
:10C6A000B3FBF2F240EA02207047C368027A447C8E
:10C6B00001EB410119444B5DF2B1807C0C5D095CDA
:10C6C0001802B0FBF2F000042302B3FBF2F340EADD
:10C6D000032030BC0B02B3FBF2F210437047002082
:10C6E0007047427C0C5D8A5C180440EA0560204378
:10C6F00040EA022030BC7047827C0C5D8A5C1804E2
:10C7000040EA0420104330BC704700BF30B4037AC5
:10C710004D1CEDB2AB421CD0013B13F0FF03C468CB
:10C7200019D0FF2916BF29024FF6FF7101F1FF3121
:10C73000B1FBF3F18388002253B1237801FB03F3AB
:10C740001B1204F8013B0132838892B29342F4D861
:10C75000057230BC70471946ECE700BF8288C0689C
:10C76000002115F09FB800BF0146014800F00EBB44
:10C7700020A1002038B5064B1D783DB1002420468D
:10C78000013400F07BFEE0B28542F9D838BD00BF2D
:10C790001CA10020407DFF280AD010B500F008FE43
:10C7A000044608B1204610BD13F072FA204610BDB1
:10C7B00000207047407DFF280ED000B583B00DF1FA
:10C7C000070100F051FE20B19DF8070003B05DF8AD
:10C7D00004FB4FF0FF30F9E74FF0FF30704700BF28
:10C7E000407DFF280FD000B583B001220DF1070175
:10C7F00000F0EAFD20B19DF8070003B05DF804FBEE
:10C800004FF0FF30F9E74FF0FF307047407DFF28D1
:10C8100001D000F033BE7047407DFF2801D000F00A
:10C820009BBE0020704700BFF8B50646407DFF283C
:10C830001CD017465AB10D46144600F095FD294606
:10C84000224680B1707D00F063FE241A01D1384683
:10C85000F8BD054413F01CFA707D00F085FD2946F3
:10C8600022460028EED13F1B3846F1E70020F8BDF4
:10C87000002A00F097802DE9F0434B4991F81C9174
:10C8800091F81D7191F81E8193B01D46064608F17E
:10C89000010309F102001446BA1C81F81C0181F859
:10C8A0001D2181F81E3101A84222002114F0FAFF57
:10C8B000412D73D9327D8DF814207A1C204662F008
:10C8C0007F0440F60832ADF8042040F2094540F2FA
:10C8D0000122ADF80C50ADF810202425334A8DF814
:10C8E0001650069209F1010304220125DBB28DF8EE
:10C8F0001C508DF81F208DF8302040F2022640F2A7
:10C90000075240F224658DF81E308DF827308DF8DF
:10C910003130ADF808600223ADF82450ADF828207E
:10C92000ADF83820224E8DF80730032508228DF807
:10C9300012308DF833308DF83B30089605238DF892
:10C940002B508DF82C2067F07F0740F601160A2542
:10C9500040228DF81530ADF82E608DF8345001A9C5
:10C960008DF806908DF80E908DF826908DF83A800F
:10C970008DF82A7007268DF83C2044F202054222E9
:10C980008DF840308DF841408DF83F60ADF8425051
:10C9900014F060FF422013B0BDE8F083002013B014
:10C9A000BDE8F0834220704720A10020200105242B
:10C9B0002402060570B50368184A5B6882B093428A
:10C9C0008DF8071021D10546407DFF2823D000F0C7
:10C9D000CBFC0DF1070601243146224688B1687D63
:10C9E00000F096FD241A02D1012002B070BD064469
:10C9F00013F04EF9687D00F0B7FC3146224600285E
:10CA0000EDD1C4F1010002B070BD01220DF10701AA
:10CA1000984702B070BD002002B070BD29C8020066
:10CA2000002A00F097802DE9F0434B4991F81C91C2
:10CA300091F81D7191F81E8193B01D46064608F1CC
:10CA4000010309F102001446BA1C81F81C0181F8A7
:10CA50001D2181F81E3101A84222002114F022FF7D
:10CA6000412D73D932798DF814207A1C204662F05A
:10CA70007F0440F60832ADF8042040F2094540F248
:10CA80000122ADF80C50ADF810202425334A8DF862
:10CA90001650069209F1010304220125DBB28DF83C
:10CAA0001C508DF81F208DF8302040F2022640F2F5
:10CAB000075240F224658DF81E308DF827308DF82E
:10CAC0003130ADF808600223ADF82450ADF82820CD
:10CAD000ADF83820224E8DF80730032508228DF856
:10CAE00012308DF833308DF83B30089605238DF8E1
:10CAF0002B508DF82C2067F07F0740F601160A2591
:10CB000040228DF81530ADF82E608DF8345001A913
:10CB10008DF806908DF80E908DF826908DF83A805D
:10CB20008DF82A7007268DF83C2044F20205422237
:10CB30008DF840308DF841408DF83F60ADF842509F
:10CB400014F088FE422013B0BDE8F083002013B03B
:10CB5000BDE8F0834220704720A100202001052479
:10CB600024020605437DFF2B02D10A4B1A7802B13D
:10CB7000704710B500F110044275074920460122A4
:10CB80001A7000F0D7F921460448BDE8104000F0C3
:10CB9000DFB800BF1CA10020F850040020A1002035
:10CBA00001B900B1704700B583B0694600F0F2FBEF
:10CBB000009BB3F5966F02D003B05DF804FB00F064
:10CBC00081FBF9E730B4084B084A4FF47F4102F18A
:10CBD0000805002430324FF47A709982C3E901408D
:10CBE0001D601A6130BC704704A100200851040088
:10CBF0000378002B00F09280F0B505460020044633
:10CC00002E4603E001342B5D2E19C3B103F140021F
:10CC1000D2B2012AF6D9F42BF4D81A0610D4012284
:10CC2000A3F55846B6F5006FECD31444202806D07F
:10CC300021F810302B5D01302E19002BE6D1F0BD0C
:10CC400003F0E002C02A52D003F0F002E02A61D0E3
:10CC500003F0F802F02AD5D103F007030427727815
:10CC600002F0C00CBCF1800FCCD196F802C00CF0E1
:10CC7000C00E02F03F02BEF1800F42EA8313C1D121
:10CC80000CF03F0C032F4CEA83132AD0F27802F009
:10CC9000C006802EB6D102F03F0242EA8313A3F50C
:10CCA0008032B2F5801F38BF0427ABD2A3F55842BB
:10CCB000B2F5006FA6D3B3F5803F3C44B6D31E282F
:10CCC000BDDCA3F5803342009E0A0A44C3F3090386
:10CCD000A6F52056A3F5105321F8106053800230BA
:10CCE00091E7A3F50062B2F5784FDFD38AE7727857
:10CCF00002F0C006802E03F01F0383D102F03F0232
:10CD000042EA8313A3F18002B2F5F06FBFF47AAF69
:10CD1000022285E703F00F030327A0E718467047B8
:10CD200090F850310B2B0CD871B110B403F14802BC
:10CD30005C1C80F850415DF8044B40F82210184606
:10CD400070470023184670470B461846704700BFCF
:10CD500070B504460E68B4F81821B4F81A31656944
:10CD600036689B1A08469BB294F81C112A44B047B7
:10CD700058B1B4F81831626903449BB2A4F8183171
:10CD8000538094F81C311371012070BD2DE9F043DC
:10CD9000264DDFF8A890AC4604468846BCE80F0054
:10CDA00089B003AF0FC703AE0FCE05F1140E2546B1
:10CDB0000FC59EE80700DCF800303B806B46366804
:10CDC0002E8003C36B4603CB012504F118034FF4F7
:10CDD00080766361A061E16184F8202004F5987099
:10CDE000C4F818912022A4F81C61002184F81E5177
:10CDF00014F058FD0E4E0F48A571042240F2EF23A7
:10CE000040F209470021C4E94A0184F85021A38077
:10CE10004FF4E131C4E948760748FFF7A3FE4046E6
:10CE200000F03EFA284609B0BDE8F08374510400D2
:10CE30003C5104004851040004A1002009000001F5
:10CE40002DE9F047D0F82C0188B00E4630B1023100
:10CE5000FFF7CEFEC0B208B0BDE8F087684600F02C
:10CE600033FA8646F8B1431E06F10409DBB2114DD0
:10CE7000E84609EB830904AC95E80F0018F8017B3C
:10CE800084E80F0007F00F0C0DF1200AD4440AEBE0
:10CE900017171CF810CC17F8103CA6F804C07380C4
:10CEA0000436B145E8D14FEA4E00C0B208B0BDE843
:10CEB000F08700BF605104000048704720A10020A7
:10CEC000014B5869704700BF20A1002010B5B0B1D8
:10CED00003281CD0154C94F85031834223D9483094
:10CEE00004F5AA7154F82000FFF782FEC3B20133A3
:10CEF0005B0043F440730E48A4F8523110BD0B4C54
:10CF0000D4F82031A4F854314FF44173F3E70849C1
:10CF1000A1F5A9742046FFF793FF431C5B0043F47F
:10CF200040739BB2E7E7002010BD00BF20A10020A6
:10CF300072A2002010B504460248FFF7F1FE2071EE
:10CF400010BD00BF20A1002010B5134C236882B093
:10CF500003B3186851B906F0B7F8236893F90400D1
:10CF6000012102B0BDE8104013F028BA0B4B00932A
:10CF70004FF48073ADF8043002AB13E9060006F0FD
:10CF800041F8236893F90400002102B0BDE8104085
:10CF900013F014BA02B010BDB4A2002080BA8C0104
:10CFA0000448006828B108B5006806F093F801202D
:10CFB00008BD7047B4A20020084B1B6863B119B1CB
:10CFC000074B40221A607047054B4022C3F880206F
:10CFD000BFF34F8FBFF36F8F704700BFB4A2002025
:10CFE00000E100E0024B53F8200000B1C068704738
:10CFF000B8A2002030B4094CBDF8085054F82040C5
:10D0000044B1246934B10846A44611461A462B4659
:10D0100030BC6047002030BC704700BFB8A2002081
:10D0200030B4084CBDF8085054F8204044B164694D
:10D0300034B10846A44611461A462B4630BC604718
:10D0400030BC7047B8A2002000207047024B18681F
:10D0500008B190F860007047C0A200202DE9F843A5
:10D06000234C2568002D40D01E462C2303FB005383
:10D070000446D3F8209088461746B9F1000F30D007
:10D08000484615F07BF90828024628BF08222C20C4
:10D0900000FB0454D4E90954DFF85CC0154B002DA3
:10D0A00008BF654649464046002C08BF1C4614F0A0
:10D0B000D1FB284615F062F910280246294628BF00
:10D0C0001022384614F0C6FB204615F057F9042804
:10D0D00002462146304628BF0422BDE8F84314F03A
:10D0E000B9BBDFF818900822D1E7BDE8F88300BF8C
:10D0F000C0A20020A4510400945104003C5104003B
:10D1000070B5104E3368CBB12C2404FB00340546B7
:10D1100062691AB19047336884F832002C2202FB0E
:10D12000053393F832400CB1204670BD28462346A3
:10D130003A22022101F086F8204670BD1C462046A6
:10D1400070BD00BFC0A20020074B1B6853B110B4D4
:10D150002C2404FB0030C46A038E0C605DF8044B81
:10D1600013807047704700BFC0A2002008B520227E
:10D170000023052101F066F84FF0FF3008BD00BF25
:10D1800030B4084C256855B10446084611461A4685
:10D190002C2303FB0454E3690BB130BC1847012076
:10D1A00030BC7047C0A2002030B4094C029A2568F8
:10D1B0004DB10446084619462C2303FB0454A368CA
:10D1C0000BB130BC18474FF0FF3030BC704700BF88
:10D1D000C0A2002030B4094C029A25684DB1044623
:10D1E000084619462C2303FB0454E3680BB130BCFA
:10D1F00018474FF0FF3030BC704700BFC0A200207E
:10D20000044B1B682BB12C2202FB0030036903B1D5
:10D2100018477047C0A20020054B1B682BB12C2279
:10D2200002FB0030836903B118470120704700BF3B
:10D23000C0A2002005F0C6BA00B5154B83B040224D
:10D2400083F8272301A901230020ADF8043002F060
:10D25000C3FF4FF080430024D3F838548DF80040CA
:10D26000684612F0BDF80B4B019301A812F0E4F8E8
:10D2700012F0EEF8EB0707D400214FF0FF3003F077
:10D280004BF8FFF777FAF7E7204605F09BFAF3E74C
:10D2900000E100E035D20200002004F0F9BE00BF3A
:10D2A00000B5002383B00322CDE9002303490448DD
:10D2B000C82210F07FFD03B05DF804FBA851040004
:10D2C00039D2020012F096BE4FF08052536E1BBA54
:10D2D0000360136E1BBA4360082070470048704714
:10D2E000B051040070B51E4D2B6883B1012913D1D4
:10D2F0001478C4F34114012C0BD0022C07D15478BC
:10D30000012C0BD0022C07D19388072B20D00020B2
:10D3100070BD517822290BD0012070BD9C69002C72
:10D32000F5D0237811462246BDE8704003F002BFD5
:10D330005188003918BF01215975114603F0E0FEEC
:10D340002A68D369002BE7D0507D9847204670BDEE
:10D35000044C114623892246BDE8704003F0EABE22
:10D36000C4A200207C60002010B5044602F01CFF1F
:10D3700008B9002010BD02F01FFF0028F9D10448B1
:10D380004FF4367303FB0400407900F0010010BD38
:10D3900048A30020054B4FF4367202FB0033986817
:10D3A00008609A899B7B8B718A80704748A3002014
:10D3B00008B5044B4FF4367202FB0030103002F017
:10D3C000D9FC08BD48A300202DE9F0474FF436747E
:10D3D00004FB00F4DFF88C804FF6FF73064604F17F
:10D3E00010054FF6FE70824288BF1A46454492B23D
:10D3F000284602F0EBFC074602F0D6FE10B938468C
:10D40000BDE8F08702F0D8FE82460028F7D108EB8D
:10D41000040999F80330002BF1D0284602F0C4FC2F
:10D420003F28ECD999F8031018F8040003F0B6FD72
:10D430000028E4D0284602F0B7FC3F2809D9084A62
:10D4400099F80310504602EBC612402303F0C6FDC4
:10D45000D5E799F8031018F8040003F0AFFDCEE704
:10D46000C8A2002048A30020034B4FF4367202FBF1
:10D470000030103002F018BD48A300202DE9F04123
:10D48000064602F091FE10B90020BDE8F08102F0DE
:10D4900093FE0028F8D14FF436751A4F05FB06F5B8
:10D4A00005F124043C44204602F064FC0028EBD043
:10D4B00007EB0508785D98F8021003F06FFD00286F
:10D4C000E2D01149402202EBC6160E4420463146F6
:10D4D00002F07CFC044668B198F80210785D324690
:10D4E000234603F07BFD50B9084B1B68DB07CBD507
:10D4F00000BECAE798F80210785D03F05FFD204691
:10D50000C3E700BF48A30020C8A20020F0ED00E060
:10D5100038B5104B4FF4367404FB003405464FF613
:10D52000FF734FF6FE70824288BF1A46243492B2CF
:10D53000204602F0F3FC034620461C4602F01AFC8B
:10D540003F2801D8204638BD2846FFF797FF2046E0
:10D5500038BD00BF48A3002008B5044B4FF4367215
:10D5600002FB0030243002F01FFC08BD48A300205D
:10D5700070B5214C82B000214FF4367220460E4621
:10D5800014F090F9FF234FF4E132082504F138013B
:10D59000A371A26001234FF48072009604F1100081
:10D5A000A573A68102F0AEFB144B1B78C3F3800376
:10D5B000009304F59C7101234FF4807204F1240060
:10D5C00002F0A0FB04F50E7101200FF0BDFE04F582
:10D5D0002271054601200FF0B7FE05B130B9084BA6
:10D5E0001B68DB0700D500BE02B070BDC4E907654B
:10D5F000C4E90C0602B070BD48A3002030610020D1
:10D60000F0ED00E038B5094C206A256B20B110F030
:10D6100033FA0023C4E907332DB1284610F02CFA61
:10D620000023C4E90C33012038BD00BF48A300200B
:10D6300010B50E4C0E482378002202608280DA0773
:10D6400009D59B070DD521780A48BDE81040C1F3E4
:10D65000800102F025BD103002F002FD23789B0707
:10D66000F1D4044802F0FCFCEDE700BF306100207B
:10D6700048A300206CA300202DE9F0414B79022B38
:10D6800082B002D18B79022B04D00025284602B04B
:10D69000BDE8F081384FBB782BB1384B1B68DB07F6
:10D6A000F3D500BEF1E78B787B7038700C780C44B2
:10D6B0000646617824294FF009050BD1082A02D8C3
:10D6C0000FE0AA420DD323781C442B44617824290F
:10D6D0009DB2F6D0052927D0042902D163790A2BFF
:10D6E00030D002F061FD0028D0D002F065FD044684
:10D6F0000028CBD1FB78002BC8D0214802F054FB86
:10D700003F28C3D9F978387803F048FC0028BDD009
:10D710001B4802F049FB3F28F97828D9194A2046CE
:10D72000402303F05BFCB1E72146304603F012FCD6
:10D730000028B2D0A3783B7123781C442B44617835
:10D740009DB2C9E7104A94F8008001920223013289
:10D750000092304604EB08011A4603F069FB0028EA
:10D760009BD005F10E0318FA83F39DB2B9E7387820
:10D7700003F024FC8AE700BF48A30020F0ED00E09E
:10D7800058A30020C8A200204AA3002038B513786F
:10D7900003F06003202B04D1294C938865789D42C7
:10D7A00001D0002038BD5378203B032BF9D8DFE8A7
:10D7B00003F02D290D0201293CD0032924D1214B4E
:10D7C00013B351880020AFF300801DE0012931D050
:10D7D000032919D11C4B55881978657111F0040182
:10D7E00005F00104194818BF84F0010102F058FC4B
:10D7F000174B4BB1C5F3400221460020FFF7D0F98B
:10D80000012038BD01290ED0012038BD01290AD0E0
:10D810000329F9D10F4B002BF6D00F490020AFF3AD
:10D820000080012038BD114607230B4A03F082FC1B
:10D83000012038BD114603F063FC012038BD00BF54
:10D8400048A3002000000000306100206CA30020ED
:10D85000A1CB02000000000050A300202DE9F047FA
:10D86000674DEA788A420C4607461E4678D0AB7868
:10D870008B4226D1634B13B10020AFF3008002F03E
:10D8800093FC002828D1604802F074FA002855D192
:10D89000002E53D016F03F0650D1A978384603F039
:10D8A0007DFB00284AD0A97838463346324603F03B
:10D8B00095FB002842D1554B1B68DA074DD500BEB9
:10D8C00008E02B798B4239D0504B1B68DB0744D5DD
:10D8D00000BE0020BDE8F08702F06EFC0028D2D127
:10D8E000494802F047FA0028CDD0A978287803F0FB
:10D8F00055FB0028C7D046494348402202F066FA4B
:10D900000346002871D0424AA978287803F066FBC4
:10D91000A0B93E4B1B68D907B5D500BEB3E73D4B58
:10D920002BB13D4802F036FA08B9AFF3008002F09F
:10D930003BFC002839D1AB789C429BD02B79A34289
:10D9400002D00120BDE8F087344B002BF9D0002035
:10D95000AFF300800120BDE8F0870020BDE8F0872C
:10D96000DFF8C0809AB2414605F1100002F0D6FA05
:10D970002B4B002BD3D0AB79FF2BD0D0002ECED0A9
:10D9800008EB060A05F1100902E0C245C7D0AB79E1
:10D9900018F8012B9A42F8D1484602F0FBF900280A
:10D9A000F3D1A979AFF30080EFE702F005FC8046E0
:10D9B0000028C0D1EB78002BBDD0174802F0F4F955
:10D9C0003F28B8D9E978287803F0E8FA0028B2D0DF
:10D9D000114802F0E9F93F280CD94023114AE978AF
:10D9E000404603F0FBFAAB78A6E7A978287803F065
:10D9F000E5FA48E7E978287803F0E0FA9BE700BF0A
:10DA000048A30020000000006CA30020F0ED00E01F
:10DA100008A300200000000058A300200000000020
:10DA200000000000C8A20020704700BF012070471E
:10DA3000704700BF704700BF044B0022C3E90022BB
:10DA4000C3E90222C3E90422704700BFA0A7002057
:10DA500001207047044B0022C3E90022C3E90222DF
:10DA6000C3E90422704700BFA0A700202DE9F041C0
:10DA70004B79032B82B012D106460879C0EBC00562
:10DA80001235ADB295420C4605D8254F7A78002A5A
:10DA900042D07A7B52B1234B1B68DA0704D40025AD
:10DAA000284602B0BDE8F08100BEF8E70C374FF41D
:10DAB000A0782278A31859782129ECD1BB60A15C09
:10DAC00007F1010E07F1020C19440246CDE900CE20
:10DAD0000323304603F0ACF90028DCD0A379B978F1
:10DAE000012B04BFE379FB700123BB71A278BB68F3
:10DAF0003A70B3F80730BB800029D1D00A4A3046CB
:10DB00004244402303F06AFA0028C9D1054B1B6840
:10DB1000DB07C5D500BEC3E74FF08008C9E700BFEB
:10DB2000A0A70020F0ED00E020A60020137803F06D
:10DB30001F0CBCF1010F13D12DE9F0410C468549B2
:10DB4000978815460A78FFB2BA4282B0064609D0D5
:10DB50000A7BBA4200F0CF80002002B0BDE8F0811D
:10DB6000002070470027B846BC460720062213F065
:10DB7000600306D1012C00F0A280012002B0BDE8B4
:10DB8000F081202BE8D16B78013B0A2BE4D80FF20F
:10DB9000080E5EF823F000BF6FDC020067DC0200B5
:10DBA00053DC020059DB020059DB020059DB0200A2
:10DBB00059DB020059DB020013DC0200E9DB020042
:10DBC000C5DB0200012C1ED0032CD6D14FEA48033E
:10DBD0006A88434401EB8303D2B2604611469A71CE
:10DBE000FFF722FF0120B8E7012CC6D14FEA480316
:10DBF0006A88434401EB8303110A6046D971FFF739
:10DC000015FF0028A8D02946304603F079FA0120F4
:10DC1000A3E7012C00F08680032CAED1EC88698844
:10DC20004D4B402C4FEA1122204628BF402011F0D6
:10DC3000FF013B4407D0012C05D91C788C4202D14E
:10DC4000013880B2013300906046FFF7E9F9012006
:10DC500083E7012C91D10A4429463046234603F03C
:10DC600069FA204679E7012C87D10A18F4E7012CDC
:10DC700083D1B5F806E06B883749704640280F44D9
:10DC800028BF402013F0FF014FEA13223B465CD02F
:10DC9000BEF1010F5BD9013803F8011B80B200907F
:10DCA0006046FFF7A7F923189BB2002B46D12B4AF9
:10DCB0001268D2077FF550AF00BE18464DE76B786B
:10DCC000062B7FF449AF6B881B0A212B18D0222B1F
:10DCD0007FF442AF6046FFF785F91E494FEA4803DB
:10DCE000434401EB830302469B882946304603F0F8
:10DCF00021FA204631E7C02713201222E04636E7FA
:10DD00004FEA4803984401EB8808D8F80820002A15
:10DD10003FF422AF13782946304602B0BDE8F04107
:10DD200003F008BAEB88402B3FF616AF0A4A2946A3
:10DD300030463A4403F0FEF920460EE73A462946BB
:10DD4000304603F0F7F9012007E70C46A7E7002467
:10DD5000A5E700BFA0A7002020A60020F0ED00E06E
:10DD6000F0B5304EB4788C4283B0054611D070784F
:10DD700088422DD0B07B884247D0707B88424CD0FF
:10DD8000294B1B68DA0702D4002003B0F0BD00BEA7
:10DD9000FAE7777880244FF0400C0020B9421AD07F
:10DDA00012BB22499BB20C44009311462346022227
:10DDB000FFF736F9B17822462846402303F00EF9E2
:10DDC0000028E2D1184B1B68DB07DDD500BEDCE77D
:10DDD0004FF0400C00207AB914499AB26144FFF721
:10DDE00027FE012003B0F0BD104A14449BB2224626
:10DDF0000221FFF71FFEDDE70C4A9BB262440121BE
:10DE0000FFF718FE012003B0F0BD777B4FF4A0743C
:10DE10000C364FF4807C0120C0E74FF4807C012059
:10DE2000D9E700BFA0A70020F0ED00E020A6002069
:10DE300070B51A4C82B000210D464FF4EC722046AA
:10DE400013F030FD04F138010123802204F11000A9
:10DE5000009501F057FF04F1B801012380220095DD
:10DE600004F1240001F04EFF04F59C7101200FF035
:10DE70006BFA04F5C471064601200FF065FA30B95B
:10DE8000074B1B68DB0700D500BE02B070BDC4E9BC
:10DE90000756C4E90C0502B070BD00BF38A80020C9
:10DEA000F0ED00E038B5094C206A256B20B10FF089
:10DEB000E3FD0023C4E907332DB128460FF0DCFD54
:10DEC0000023C4E90C33012038BD00BF38A800206E
:10DED00010B5084C002304F11000C4E90033C4E974
:10DEE000023302F0BDF804F12400BDE8104002F056
:10DEF000B7B800BF38A800202DE9F0474B79012BB7
:10DF000003D000242046BDE8F0878B79012B0D4615
:10DF10008046924618D049780429F2D10024032B78
:10DF2000EFD1E8790028ECD1DFF8F09099F80110F2
:10DF300099F8023051EA030722D0354B1B68DB0702
:10DF4000DFD500BE0446DDE7CB79002BD9D10B78B5
:10DF50001D449CB2697824290BD1944202D9D0E7A0
:10DF6000A245CED32B781D442344697824299CB242
:10DF7000F6D00429C5D16B79012BC2D1AB79CEE79C
:10DF8000AB7889F800302E7828793444A4B22E4436
:10DF900030B920E0337887421C44A4B21E441AD220
:10DFA000A24518D37378052BF4D13146404602F0D0
:10DFB000D1FF0028C1D0B3782879DA0914BF89F8D5
:10DFC000013089F8023096F800C07B1C6444DFB24F
:10DFD000A4B26644DEE70F4801F0E6FE3F2891D97F
:10DFE00099F80210002002F0D9FF00288AD00948D1
:10DFF00001F0DAFE3F2899F8021005D9064A4023BD
:10E00000002002F0EBFF7DE7002002F0D7FF79E768
:10E01000F0ED00E048A80020F8A7002038A8002074
:10E0200000207047F8B53C4DAC788C421E4619D1A3
:10E030009AB23A4905F1100001F070FF384B13B164
:10E040000020AFF30080374801F0AEFE3F2806D92C
:10E05000A978002002F0A2FF0446002847D101243D
:10E060002046F8BD6B788B4208D02F4B1C6814F00B
:10E070000104F5D000BE00242046F8BD074605F196
:10E08000240001F077FEB8B9284801F073FE00289B
:10E09000E5D1002EE3D016F03F06E0D1697838468E
:10E0A00002F07CFF04460028D9D069783846334610
:10E0B000324602F093FFD3E76978002002F06EFF4A
:10E0C0000028E1D01A49402205F1240001F07EFE2B
:10E0D0000346E0B1164A6978002002F07FFF00286D
:10E0E000BDD1114B1B68DB07CED500BECCE70D4878
:10E0F00001F05AFE3F28A97805D9084A402300209C
:10E1000002F06CFFACE7002002F058FFA8E7697846
:10E1100002F054FFB8E700BF38A80020F8A700209D
:10E120000000000048A80020F0ED00E05CA80020FE
:10E13000B8A7002038B5184CE57F94F82E10284673
:10E1400002F0AAFFC8B9A368626B934202D9217B8F
:10E15000C9091AD19B1A114AA3620FCA104D07C5EB
:10E160002A4694F82E1002F80C390325E07F84F833
:10E1700038500D2302F032FF08B1012038BD094BA1
:10E180001B68DB07FAD500BE38BD284694F82E1070
:10E1900002F064FF0120F1E710AC002030AC002059
:10E1A00010AA0020F0ED00E010B5214A011ED47F36
:10E1B00084B004DC4B1C22D081B104B010BD8BB202
:10E1C000204692F82E101B4A02F008FF0028F4D1D6
:10E1D000194B1B68DA07F0D500BEEEE792F82E3037
:10E1E0008DF8083001A807238DF8044003918DF8BD
:10E1F00009108DF8053002F0AFFC04B010BD916835
:10E20000536B0E489063CB1A0120936282F82C0066
:10E210000029D2D0002BD0D0137BDB0914BF92F899
:10E220002E1092F82F10204602F018FFC5E700BF0D
:10E2300010AC002010AA0020F0ED00E002023A002D
:10E2400000207047044880F8391080F83A2080F8A0
:10E250003B300120704700BF10AC00200248402234
:10E26000002113F01FBB00BF10AC00200248402269
:10E27000002113F017BB00BF10AC002030B54C7963
:10E28000082C83B002D18C79062C02D0002003B078
:10E2900030BDCC79502CF9D1162A05D8184B1B6803
:10E2A000D907F3D500BEF1E7164C8A7884F82D2003
:10E2B000E0770B7804F12F0204F12E0519440223B4
:10E2C000CDE900251A4602F0B3FD28B90C4B1B68B6
:10E2D000DA07DBD500BEDAE700250B4A94F82F10E9
:10E2E000E07F84F838501F2302F078FE08B1172031
:10E2F000CDE7034B1B68DB07F9D500BE1720C6E747
:10E30000F0ED00E010AC002010AA0020012901D09F
:10E310000120704770B5137803F07F04022C84B09D
:10E32000054610D003F06003202B09D15378FE2B53
:10E3300027D0FF2B04D1538813B9D388002B3CD0AE
:10E34000002004B070BD5478012CEBD15388002B11
:10E35000F6D1394E938896F83820042AD9B254D091
:10E3600096F82E408C4232D096F82F408C4205D140
:10E3700022B9214602F064FE00284AD0012004B0F0
:10E3800070BD5388002BDBD1D388012BD8D12B480B
:10E390008DF80F3030B10192FEF758FE019A014618
:10E3A0000028CDD04C1E2846114601230DF10F0246
:10E3B0008DF80F4002F0BEFEE0E71F4C1146C4E9A5
:10E3C0000C332846A36302F09BFE0120B9E7022A22
:10E3D000D4D1726BB3681A4D9B1AB36206F1200355
:10E3E0000FCB07C52A46F07F02F80C39032386F8C5
:10E3F000383021460D2302F0F1FD0028BED1114B2B
:10E400001B68DB079CD500BE9BE702F027FE204679
:10E4100097E72146284602F03FFE0028AED10024AF
:10E42000074A96F82F10F07F86F838401F2302F035
:10E43000D5FD0028A2D1E2E710AC00204DD00200AB
:10E4400010AA0020F0ED00E02DE9F043B64C94F85E
:10E450003850012D8BB01E467DD0032D0F4658D06D
:10E4600035B1022D00F08E8001200BB0BDE8F083A5
:10E4700094F82F308B42F7D11F2E804640F09680C3
:10E48000DFF8B492A94BD9F800209A4240F08E8070
:10E49000CC46BCE80F0026460FC69CE80F0007C616
:10E4A00026F8023B1B0C3370D4E90102E37BA04E3B
:10E4B000A5620121282B84F82C50656360622263D9
:10E4C000266284F8381000F0AE802A2B00F0BC825F
:10E4D000002A00F06381217BC90940F05F81B2F519
:10E4E000007F40F2558394F83930A2620121022264
:10E4F000E07F84F82C1084F8382023B905222023EB
:10E5000084F839206387394602F0A8FD94F8385022
:10E51000A7E794F82E308B42A6D10D2EA4D1E37B31
:10E52000282B00F089822A2B00F07E82814B23B1B8
:10E53000607B04F10F01AFF3008000257E4A94F860
:10E540002F10E07F84F838501F2302F047FDF0B110
:10E5500094F8385085E7B3F5007F1ED8E37B282B6D
:10E5600033D02A2B00F0A280636B227B3344D20984
:10E57000636300F08F80226B9A4200F28280022354
:10E5800084F83830FFF7D6FD00287FF46DAF6B4B71
:10E590001B68DB0706D500BE67E7684B1B68DE0714
:10E5A00000D500BE00200BB0BDE8F083042394F832
:10E5B0002E1084F83830404602F050FD404694F862
:10E5C0002F1002F04BFD00204FE7D4E90C23334419
:10E5D00093426363D3D2E28AA06852BA92B212B174
:10E5E000B0FBF2F292B2C01AD4F81110B3FBF2F5FC
:10E5F000B0F5007F28BF4FF4007009BA02FB153256
:10E60000009029444C4B607B012584F83C50FEF778
:10E61000CBFD851C9CD0002384F83C30FFF7C4FD63
:10E6200094F838501DE7E18A49BA89B2002A00F00F
:10E630008980207BC50900F09A80002900F056826D
:10E640008A42C0F0D382282B00F0AC823C4B53B1FD
:10E65000607BFEF7E1FDA268636B002800F0D382C7
:10E6600094F82F70D21AB2F5007F28BF4FF40072D1
:10E6700093B2E07F304A394602F0B0FC00287FF4C4
:10E6800067AF2E4B1B68DA077FF562AF00BE94F8C8
:10E690003850E6E6238E284A607B04F10F01FEF72E
:10E6A00065FD0028C0F2ED81636B64E7E08A40BA43
:10E6B00080B218B1A368B3FBF0F080B2D4F81110A7
:10E6C000676B1D4DB7FBF0F209BA1144009600FBD1
:10E6D00012722B46607B012784F83C70FEF77AFDAE
:10E6E000811C3FF435AF0023984284F83C30C0F2DF
:10E6F0001382864240F22B82361A002840F078823C
:10E7000094F82F50E27F8DF818500021072305A8B8
:10E7100007968DF819108DF814208DF8153002F039
:10E720001BFA94F838509CE610AC00205553424335
:10E73000555342530000000010AA0020F0ED00E005
:10E7400019D2020000293FF41AAF94F839200223AD
:10E75000002184F82C3084F83830A162002A7FF43C
:10E7600011AF0522202384F8392063870AE794F843
:10E770003910E07FA262022384F82C3084F838300C
:10E7800000297FF4C0AE0522202384F83920638756
:10E79000257BED09002D3FF4B6AE6BE1657B252BA3
:10E7A0003CD8DFE813F007013B003B00D3003B00FF
:10E7B0003B003B003B003B003B003B003B003B0081
:10E7C0003B003B003B003B003B0026003B003B0086
:10E7D0003B003B003B003B003B00900030013B0016
:10E7E0003B00AA003B003B003B003B000D013B000F
:10E7F0006B0024220021B44813F054F8B34BC9F83D
:10E8000000301F23B04989F804304FF400722846C5
:10E81000FFF716FD002800F00A8241DA94F839303B
:10E82000002B7CD1238EA84AA949607BFEF79EFC71
:10E83000002874DB002833D1A368002B3FF49FAE7F
:10E84000616B94F83920E07F5B1A01250221A362F5
:10E8500084F82C5084F8381022B90521202284F83D
:10E8600039106287002B3FF48DAE237BDB0940F02B
:10E87000018194F82F1002F0F1FB69E6284604AA02
:10E8800005A9FEF761FC059B002B40D0BDF81020C8
:10E89000002A3CD0013B1BBA12BAC9E90032082059
:10E8A000A568002D40F09381636B94F839205B429A
:10E8B00001200221A36284F82C0084F83810002A79
:10E8C0007FF460AE4DE7059B824A03F4000343F0FA
:10E8D00003030593002A00F0A2812846FEF79CFC62
:10E8E0009DF8163080F0010060F3C7138DF81630E4
:10E8F000059BC9F800300420D2E7774B002B9BD052
:10E90000227DE17C2846AFF30080002894D194F862
:10E91000393023B902223A2384F839206387A26868
:10E92000636B94F83910E07F0125D31A84F82C50DA
:10E930000225A36284F8385021B90525202184F8E6
:10E9400039506187002A3FF41DAE8BE74FF0000974
:10E9500094F83920608FADF82490CDE90599CDE980
:10E9600007994FF0000362F30303F0210A228DF8A8
:10E970001630ADF820008DF814108DF81B2005AE70
:10E980000FCE514FDFF860C10FC733683B80BCF139
:10E99000000F00F04681A7F1100128464FF40072E5
:10E9A000AFF30080002884F83990A4F83A90BFF6BD
:10E9B00041AF37E72846FEF7A3FB0028A7D03BE787
:10E9C00005AE00230DF10E02284604A973600593DD
:10E9D000B360FEF7B9FB049A002A98D0BDF80E3058
:10E9E000002B94D012BA082106925BBA0222ADF82D
:10E9F0001E308DF817108DF81C2096E8070089E866
:10EA000007000C204CE7354B002B3FF415AFE17CA1
:10EA10002846C1F3400301F001020909FEF7B0FBEB
:10EA200000287FF409AF72E72D4B002B3FF485AD32
:10EA3000607BFEF7E5FB80E52A4B002B3FF47DADC4
:10EA4000607BAFF3008078E5E18A49BA89B2002A99
:10EA50003FF478AE207BC5093FF4EFAD94F8391050
:10EA6000E07FA262022384F82C3084F83830002939
:10EA70003FF489AE94F82E1002F0F0FA94F8385072
:10EA8000EFE4A268636B94F8396084F82C5002209C
:10EA9000D11A84F83800A162E07F26B90526202526
:10EAA00084F839606587002A3FF465AD00293FF49A
:10EAB00062AD237BDB0900F0A18094F82E1002F0F8
:10EAC000CDFA636B57E500BF10AA00200080020258
:10EAD0001FAC002019D202000000000081D102000A
:10EAE00001D202000000000000000000012194F8A3
:10EAF000393084F82C100221E07FA26284F83810AB
:10EB0000002B7FF447AE0521202384F8391063875A
:10EB1000002A3FF437AD3BE601307FF419ADA2681F
:10EB2000636B4E49E07F84F82C70D31AA362A16313
:10EB3000002A3FF427AD002B3FF424AD237BDB09F3
:10EB40003FF497AE94F82E1002F088FA00E5D4E96D
:10EB50000C23334493426363BFF411AD404B23B1A4
:10EB6000607BFEF759FB00286BD0A368656B3D4ABC
:10EB700094F82F10E07F5B1BB3F5007F28BF4FF4A4
:10EB800000739BB202F02AFA00287FF4E1AC78E52A
:10EB900093B23946334A404602F020FA00287FF407
:10EBA000D7ACF4E4B2F5007FD4F811102D4B607BA4
:10EBB00028BF4FF40072009209BA0125002284F8A0
:10EBC0003C50FEF7F1FA871C3FF4C2AC23E58542C6
:10EBD00028BF0546234A94F82E102563ABB2404661
:10EBE00002F0FCF900287FF4B3ACD0E402217EE708
:10EBF00029183246284612F03BFE81E594F82F1082
:10EC000002F02CFA50E51849A163D31A0121E07FE4
:10EC1000A36284F82C10002A3FF4B4AC22E6012051
:10EC20005EE684F839C0A4F83AC0122038E60F4BEB
:10EC30002846A3F11002A3F11801FEF70FFA2420D1
:10EC40002EE6A268636B0849E07F84F82C70D31A23
:10EC5000A362A163002A3FF495AC03E602023A00E6
:10EC600019D2020010AA00200207270030AA0020B3
:10EC700070B5134C134E84B020464FF4AE72002191
:10EC800012F010FE4025002304F58E72CDE90156E6
:10EC9000009219461A4604F1B000039504F016F8E4
:10ECA0002E4404F170020023CDE90025CDE9026570
:10ECB000201D1946012204F009F804B070BD00BF00
:10ECC000D0AC002050AC002010B5054C04F1B000D1
:10ECD00004F026F8201D04F023F8012010BD00BF29
:10ECE000D0AC002038B5074C2046002500F8B85BB2
:10ECF00001F0B6F904F10C0001F0B2F984F8B1505A
:10ED0000657138BDD0AC00204B79FF2B01D00020BD
:10ED100070472DE9F04FDFF810A10B780E468346BF
:10ED20009AF805109AF8B100B51850EA010283B0BC
:10ED300006EB030403D0002003B0BDE8F08FB278E7
:10ED40008AF80020A54217D9F25CA3189D4213D37C
:10ED50000AF1B8080AF1B0070AF10C096278042A2E
:10ED60000AD00B2A08D0052A0BD09D421C4603D995
:10ED70001A7813449D42F1D2A01B80B203B0BDE8C3
:10ED8000F08F2146584602F0E5F8002841D0A378DC
:10ED9000DB0905D19AF8B1300BB32278A318E4E768
:10EDA0009AF80530002BF8D14846019301F058F944
:10EDB000A2788AF80520A2889AF804C0019B184915
:10EDC000C2F30A02A2F50072B2FA82F2520962F3A9
:10EDD000410C18468AF804C003F0EEFFDDE7404618
:10EDE00001F03EF9A3788AF8B130A3889AF8B020F0
:10EDF000C3F30A03A3F50073B3FA83F35B0963F368
:10EE00004102394658468AF8B02004F023F8002819
:10EE1000C3D1044B1B68DB078DD500BE8CE700BF58
:10EE2000D4AC0020F0ED00E0D0AC0020F8B51C4CD4
:10EE300094F8B1508D4207461E4617D1B4F8BC3045
:10EE400063B9184B23B11849B2B20020AFF3008068
:10EE50001649384603F0FEFF0120F8BDD4F8B4107F
:10EE6000B2B204F1B80001F059F8EAE763798B42D5
:10EE700001D00020F8BD0E4B1BB1B1B20020AFF3A2
:10EE800000800C49384603F097FF08B10120F8BD17
:10EE900008493246384603F04FFF0120F8BD00BF55
:10EEA000D0AC00200000000050AC002080AD00205D
:10EEB00000000000D4AC0020F8B50F688D883D44F8
:10EEC000AF420E46B9780BD20B468B423C4603D17B
:10EED0000DE06378042B05D023781C44A542F8D8B4
:10EEE0000020F8BDAC42FBD2A3788B42F4D1E3788A
:10EEF0009A42F1D1A542F3D9237D012B1FD8237962
:10EF000023B3012BECD12378E289617A1A441944A6
:10EF100022442144914204D3E2E70B7819448A4207
:10EF2000DED94B78052BF8D18A42D9D902F012F8F4
:10EF300060B9084B1B68DB07D2D500BEF8BD054B96
:10EF40001B68DA07CCD500BE0020CAE7E41BF480BA
:10EF50000120F8BDF0ED00E0F0B4C488002C45D0ED
:10EF6000037867488A7803EB830503EB4503C058B1
:10EF700003191D7BAA4239D822B9012D00F2A680BF
:10EF800001228A7001258D60C1F80E504D77002650
:10EF90006FF03F0581F822608D766FF003066FF009
:10EFA0006405CE760D77574EC1F81E60082581F8AE
:10EFB0002350005DB3F80D5005441D440344AB429B
:10EFC00014D2514F9C78102C0CD827FA04F0C0436F
:10EFD00010F0010006D1DE78B24203D112E0587879
:10EFE00024280CD0187803449D42F8D8474B1B685E
:10EFF000DA0702D40020F0BC704700BEFAE79D4259
:10F00000E0D8F3E79D42F1D0062C06D0102C04D0B6
:10F01000042CF0D1012248730A7391F803C01A79C5
:10F0200094451BD8BCF1000F05D1012A4ED84FF0F2
:10F03000010C81F803C01A781A44AA420ED29678BD
:10F0400006F0FD07052F0FD0112E03D10CE05678E6
:10F05000242E3ED0167832449542F8D82B4B1B68AC
:10F06000DB07C7D500BEC6E7D678B445F2D19542D6
:10F07000F4D0D1F812503DB9062C2DD0102C2BD045
:10F08000042C32D0C1F812504C6854B9537E012B75
:10F090001CD8D2F81A401BB9D2F81E30A34215D1A1
:10F0A0004C6042F20F739C42D8D9194A6B1EA2FBE6
:10F0B000042403EB5433640BB3FBF4F30233B3F5D2
:10F0C000807F28BF4FF48073C1F816300120F0BC58
:10F0D00070479542B3D8C1E7B2F80530B2F807508F
:10F0E00005FB03F52D01ED08CCE7B2F80560B2F899
:10F0F00007405D7D04FB06F305FB03F5ED08C1E762
:10F100002CAE00200301010150100100F0ED00E0E1
:10F110005917B7D12DE9F04F0B78624C03EB8305FB
:10F120000E4603EB45030989E75883B091468046B4
:10F1300079B13944CB7803F00303012B00F09E80B2
:10F14000738933B13B44DA7802F00302012A00F0FC
:10F150009B807488B58800233C44B381F38133825B
:10F160007382B382F382A2783D44AC4238BF134627
:10F1700009D29A4203D10FE06378042B07D0237899
:10F180001C44A542F8D8002003B0BDE8F08FA5428A
:10F19000F9D9A3789A42F2D1E3789945EFD1A54203
:10F1A000F1D923790193022B0FD8E31BF380B9F136
:10F1B000000F10D1737F012B4CD123781C44019B8D
:10F1C0006BB9012003B0BDE8F08F374B1B68DA073D
:10F1D000D9D500BED7E723781C44019B83B306F141
:10F1E000080A4FF0000BA54206D8EEE7042BECD03E
:10F1F00023781C44A542E8D96378052BF6D1A542B3
:10F20000E3D9E37803F00303B9F1000F01D0012B38
:10F2100019D0022BB7D12146404601F09BFE0028B1
:10F2200039D0E31B2AF8023B019A21780BF1010344
:10F230009A420C444FF0010BD5D8B9F1000FC0D061
:10F2400002237377BDE7A388B169C3F30A038B4236
:10F25000E1D298E706F11E03494686F81D90A6F80C
:10F260001890A6F81A901846302212F01BFB01469F
:10F270003046FFF771FE00289FD184E700233381D9
:10F28000897801F017FF5BE7002272819978404688
:10F2900001F010FF5DE7044B1B68DB077FF573AFE0
:10F2A00000BE71E72CAE0020F0ED00E0044B0548F5
:10F2B0000021C3E900114E22C3F8071012F0F2BA80
:10F2C0002CAE002038AF002001207047044B0548C9
:10F2D0000021C3E900114E22C3F8071012F0E2BA70
:10F2E0002CAE002038AF00202DE9F84F4B790E2BC3
:10F2F00003D18B79012B0E4603D000273846BDE899
:10F30000F88FCB79012BF8D1DFF834911446D9F876
:10F3100000202AB1484B1B68DB07EED500BEECE7A6
:10F3200049468046C9F80060A9F80440FFF7C4FDCB
:10F330000028E2D0B9F80620D9F80030B17813449B
:10F340003444A64293F814A0334605D308E05A7813
:10F35000042A3DD00B2A3BD01A7813449C42F6D89D
:10F36000BAF1000F65D03549DFF8D8E048884FF092
:10F37000000C6246E3460028CCD19D1B0EF8010B21
:10F380000870A8B248809C429F784A7005D84DE02A
:10F390005A78042A16D00B2A14D01A7813449C42A7
:10F3A000F6D89A1B97B28F8081F81DB0BCF1000F80
:10F3B00014D00CF1010C5FFA8CF29245DBD8A9F85D
:10F3C00004709BE79C42ECD99A78BA42E5D0E8E712
:10F3D0009C42C5D99A788A42BED0C1E7BAF1010FE2
:10F3E000E7D116FA85F516FA82F29542A9780AD283
:10F3F0000B46994203D113E06B78042B0BD02B788A
:10F400001D44AA42F8D80D4940460022FFF782FE6B
:10F410000028D4D171E7AA42F5D9AB789942EED150
:10F42000EB78012BEBD1AA42C9D1ECE707462A467B
:10F43000B9E79B1B9FB2C2E7F0ED00E038AF0020B8
:10F440002CAE002034AE00202DE9F0471678174688
:10F4500006F01F02012A8CB019D1DFF80093BB8897
:10F46000D9F8005080465FFA83FC15B1AA7862454E
:10F4700012D0B84E74885CB1357805EB850205EB87
:10F48000420559F805502C44A278624511D0002459
:10F4900020460CB0BDE8F087C6F3411A16F0600FA5
:10F4A00054464ED0012C27D0072389F80930002478
:10F4B000EEE73A78C2F3411912F0600F484600F0C7
:10F4C000B580012815D11B0A13D17A88100A0228A9
:10F4D00000F04A81062800F0FA80012800F00C8133
:10F4E0009D4B1B68DB0704D500BE07233377002440
:10F4F000CEE707233377CAE7180A65D0B9F8063094
:10F50000EC18EA5CE3891A442244944214D2A178AC
:10F510000239052902D8E17881420DD021780C44C6
:10F52000A24204D808E023781C44A24204D963789C
:10F53000242BF8D1A242EAD8002389F8093001240B
:10F54000A6E77B780A2B5AD00B2B33D10129F3D1B4
:10F55000FB88002B4ED1B9F80630EA181179C1B1F9
:10F56000E85CD189537A0144034413440A4493422A
:10F5700005D3C4E119780B449A4240F2C08159780E
:10F580000529F7D19A4240F2BA819978404601F0B4
:10F5900091FD0025A9F806507A8870494046FFF78A
:10F5A0008BFC044630B33946404601F0A9FD89F88A
:10F5B00009506DE7684B1B6813F0010364D1072203
:10F5C0001C4689F8092063E77B881A0A012A60D063
:10F5D000022A4FD17B78812B00F04381862B49D1C1
:10F5E0000129A9D10B465E4A3946404601F0A2FDE9
:10F5F0000028A1D1FF2389F80930002448E7012918
:10F600009AD1FB88012BF5D1B9F8062005EB020E43
:10F6100039469EF803208DF800206A4601F08AFDE5
:10F6200004460028E6D089F809A031E77B780A2B48
:10F630000AD00B2B0FD0484B1B68DF077FF559AF63
:10F6400000BE0723337722E7012900F0F38000236F
:10F65000337701241CE70129F9D17A8831464046E5
:10F66000FFF758FD002800F0F9803946404601F0C8
:10F6700047FDECE7384B1C6814F0010440F0D480DF
:10F68000072389F8093003E700BE072389F809300A
:10F69000FEE67B78812B00F00F81862B00F0FC804A
:10F6A000012BE7D1012900F00A8102297FF444AF40
:10F6B0002C4B002B3FF440AF99F80A100020AFF319
:10F6C0000080B0FA80F489F809006409E0E67B78EC
:10F6D000812B00F0D380862B7FF402AF0129B6D1B5
:10F6E0001F4A39464046012301F024FD0028AED1CF
:10F6F000FF2333770024CBE6727F02B1737797F84C
:10F7000001C0BCF1010F00F0E8800CF17F03DBB217
:10F71000062B3FF6E5AEACF18104062C3FF6E0AED9
:10F72000DFE804F02C3C3C3C04663C0001298ED10F
:10F73000FB88022BDCD13024394640466A46ADF8BE
:10F74000004001F0F7FC04460028D1D000233377B5
:10F750009EE600BF38AF0020F0ED00E02CAE0020A8
:10F76000E9510400000000007B78852BDED050D8E2
:10F77000012B00F0CB80812B7FF4B2AE01297FF406
:10F7800066AFFB88002BB3D0B64A394640463023DB
:10F7900001F0D0FC00287FF45AAFA9E701297FF4DB
:10F7A00056AFFB88002BA3D0AE4CE94604F1300ADB
:10F7B00020686168A268E368CE46AEE80F001034A6
:10F7C0005445F146F4D19DF80210002940F0C38061
:10F7D000BCF1830F00F0AA81BCF1870F00F08B8190
:10F7E000BCF1820F00F087810823337700244FE6B5
:10F7F00001297FF42CAFFB88012B7FF479AF0B46F6
:10F80000994A3946404601F095FC00287FF41FAF25
:10F810006EE7862B7FF464AE01297FF418AFFB8876
:10F82000012B7FF465AFEBE700BE072389F80930B1
:10F8300000242DE6FB88012B10D1F38873B11D4401
:10F840004046EA788DF800200B466A46394601F0BA
:10F8500071FC044610B186F81C9019E6FF2333773B
:10F8600015E601297FF468AE804A394640460123F7
:10F8700001F060FC00287FF45FAEBBE601297FF455
:10F88000E6AE0B464046394606F11C0201F052FC3A
:10F8900000287FF4DCAE2BE701297FF44DAEFB8816
:10F8A000012B7FF4A7AE704A3946404601F042FC76
:10F8B00000287FF441AE9DE601297FF43DAEFB8830
:10F8C000012B7FF497AE6A4A39464046012301F086
:10F8D00031FC00287FF430AE8CE601293FF454AFB0
:10F8E00002297FF4B4AE5F49A1F11E00FFF734FB9B
:10F8F000044600287FF4ABAE08233377C8E55D4BA0
:10F900001B68DB077FF576AE00BE73E601293FF486
:10F910003BAF02297FF49BAE5249A1F11E00FFF7D5
:10F920001BFB04460028E7D0534B726BB2613BB11E
:10F930004C4A71783078AFF3008000287FF487AEAE
:10F940004E49002302204FF48072C6E90333088039
:10F950007361B2839CE59DF80300002840F092801B
:10F96000F288002A3ED0AB18AA5CB3F80D00444CD4
:10F97000104418441344984211D99A78102A0AD88E
:10F9800024FA02F2D50706D5DA78914203D107E0CE
:10F990005A78242AEFD01A7813449842F8D80346AC
:10F9A000BCF1830F5CD0BCF1870F4DD0BCF1820F4E
:10F9B0007FF41AAF01218DF803101A781A4490428F
:10F9C0000ED9947804F0FD05052D12D0112C03D129
:10F9D0000FE05478242CF2D0147822449042F8D8C6
:10F9E000024609E0234B1B68DA077FF5FDAE00BE37
:10F9F000FAE6D478A142EFD1997806291BD01029D4
:10FA000019D004297FF4F0AEB2F80510B2F807203F
:10FA10005B7D02FB01F203FB02F3DB08CDF8123041
:10FA20006A4639464046302301F084FB04460028EC
:10FA30007FF48CAE5CE6B2F80510B2F8073003FB39
:10FA400001F31B01DB08E9E79A78062A06D0102AA1
:10FA500002D0042A7FF4C8AE997DACE79979AAE771
:10FA60001979A8E756AF0020EA51040035AE00200E
:10FA700036AE0020F0ED00E00000000038AE0020BF
:10FA800050100100019B002BCAD1F288002AA9D096
:10FA9000AB1815F802E0B3F80D205A4D72449C18CB
:10FAA00073449C4211D99A78102A0AD825FA02F296
:10FAB000D20706D5DA78914203D107E05A78242A92
:10FAC000EFD01A7813449C42F8D823461978194489
:10FAD0008C420ED98B7803F0FD02052A2ED0112B13
:10FAE00003D12BE04B78242BF2D00B7819448C42B5
:10FAF000F8D8214625E001238DF8023001234FF08C
:10FB00000112029300230392ADF810304FF6C04269
:10FB100040F29B13ADF81A20ADF81C303A4ACDF8EC
:10FB20001E204FF40063ADF8223079E7F388002BF4
:10FB3000E4D02B441B7B8DF80230DFE7CB78984272
:10FB4000D3D1ACF18203052B3FF64EAE01A252F8A1
:10FB500023F000BFDBFB0200BFFB020095FB0200AD
:10FB6000E9F70200E9F702006DFB0200D1F8152069
:10FB700042F21073B2FBF3F30192D2B1DDF812201E
:10FB80008BB9931CB3F5807F28BF4FF48073CDF8F9
:10FB9000163045E74B7E63B9D1F8222042F210734C
:10FBA000B2FBF3F3E8E7013A1A44B2FBF3F3023392
:10FBB000E8E70023ADF81630ADF8183030E74A7E9C
:10FBC000CAB1053201EB8202D2F80220D1F81A3014
:10FBD00042F21071B3FBF1F3CEE74A7E72B1053207
:10FBE00001EB8202D2F80230D1F81A2042F21071F1
:10FBF000B3FBF1F3C0E7D1F81E20E7E7D1F81E30E0
:10FC0000F2E700BF50100100030101012DE9F04FA0
:10FC1000374F83B03C8900905CB13B78354E03EBA5
:10FC2000830203EB42020D46B258224492788A4284
:10FC300008D0314B1B68DB0719D500BE002003B08C
:10FC4000BDE8F08FD7E9042494420DD32B4900225C
:10FC5000C7E903227A6119B179781846AFF30080B9
:10FC6000012003B0BDE8F08F01F098F918B9002029
:10FC700003B0BDE8F08FDFF888A0D7F814909AF8A9
:10FC800000003B69D7F818B0A0EB09089844C345B9
:10FC90005C4628BF4446A04213D9174B1B6813F09B
:10FCA000010301D000BE00230098154A294601F047
:10FCB00095F90028D4D1104B1B68DA07D7D500BEC0
:10FCC000CFE7F968221A49445044019211F0C2FD6D
:10FCD000019AC3454A447A6107D39AF8012042F059
:10FCE0000202A3B28AF80120DEE7A3B2DCE700BF7C
:10FCF00038AF00202CAE0020F0ED00E00000000046
:10FD000038AE00202DE9F041B2F5004F9DF8188083
:10FD10002CD80446C06816460F461D4618B14FF051
:10FD2000FF310DF021FD206918B14FF0FF310DF0CA
:10FD30001BFDC5F30E05E0682760002345EAC835C2
:10FD40006381E580A680238118B11A4619460DF01B
:10FD50004BF9206938B100231A4619460DF044F9D1
:10FD60000120BDE8F0810120BDE8F0810020BDE860
:10FD7000F08100BF03894289808892B29BB293428E
:10FD800036BFC2EB40029B1A9B189BB2984228BF19
:10FD9000184670470289438990B29BB2C01AB0FAE4
:10FDA00080F04009704700BF03894289808892B281
:10FDB0009BB2934236BFC2EB40029B1A9B189BB288
:10FDC000984286BFC01A80B2002070472DE9F047E4
:10FDD000054600698846914618B14FF0FF310DF095
:10FDE000C3FC2B896C89AF889BB2A4B2A34236BFF7
:10FDF000C4EB47061E1BF618B6B2002E4CD0B74215
:10FE000042D34E4528BF4E46A742B6B203D8E41BA4
:10FE1000A4B2A742FBD9B5F8069029683B1B9BB258
:10FE2000C9F30E029E42914602FB041126D913FB30
:10FE300002F3F71B1FFA83FA3C445246404614FB78
:10FE400009F411F007FD2968A2B208EB0A0011F0CD
:10FE500001FD6A89AF8892B293199BB29A421DD96B
:10FE60007A009B1A9BB228696B8120B100231A4645
:10FE700019460DF0B9F83046BDE8F08702FB06F2EE
:10FE8000404611F0E7FCE4E7BB422CBFDC1BDC1969
:10FE9000A4B26C813E46B4E76B899BB2B3EB470FCB
:10FEA0004FEA4702DFDBDCE738B5044600690D4660
:10FEB00018B14FF0FF310DF057FC22896389A188FA
:10FEC00092B29BB29A4236BFC3EB4100D01A80185F
:10FED00080B200B3814209D28A422CBF531A531810
:10FEE0009BB29942638103D85B1A9BB29942FBD9BA
:10FEF000E2882168C2F30E02284602FB031111F0CA
:10FF0000A9FC0125206920B100231A4619460DF0ED
:10FF10006BF8284638BD0546F4E700BF2DE9F04FE1
:10FF2000154683B01AB30646C068894618B14FF02B
:10FF3000FF310DF019FCF279B6F808807389B788A3
:10FF4000D2091FFA88F89BB215D1984536BFC3EB8A
:10FF50004703A8EB030343449BB29F422CD80025E0
:10FF6000F06820B100231A4619460DF03DF82846E6
:10FF700003B0BDE8F08FBD4250D2984536BFC3EB09
:10FF80004702A8EB0302424492B279002A448A4213
:10FF900019DB03EB070A1FFA8AFAAAEB05081FFA16
:10FFA00088F8434558D9A8EB01081FFA88F805EBF3
:10FFB000080A1FFA8AFA0AE0FB1A9AB2954228BF89
:10FFC0001546002DCCD005EB080A1FFA8AFA4745E2
:10FFD000444603D8E41BA4B2BC42FBD2F388306889
:10FFE000A7EB040B1FFA8BFBC3F30E02AB4502FB1E
:10FFF00004001CD302FB05F2494611F02BFCB28829
:020000023000CC
:10000000C2454FEA420302D3BAEB420F03DBAAEB2D
:10001000030A1FFA8AFAA6F808A0A1E7F188ED1BE7
:10002000C1F30E0101FB059998463D46C9E71BFB4C
:1000300002FB1FFA8BFB019249465A4611F00AFC5B
:10004000EF1B019B3068274417FB03F292B209EBC8
:100050000B0111F0FFFBD2E74145B8DCA3E700BF7D
:1000600010B50446C06818B14FF0FF310DF07CFBAD
:10007000206918B14FF0FF310DF076FBE0680023E6
:100080006381238118B11A4619460CF0ADFF20692F
:1000900020B100231A4619460CF0A6FF012010BD1E
:1000A00038B5C379B1EBD31F1FD00446C0680D46E5
:1000B00018B14FF0FF310DF057FB206918B14FF028
:1000C000FF310DF051FBE379E06865F3C713E3718D
:1000D00020B100231A4619460CF086FF206920B192
:1000E00000231A4619460CF07FFF012038BD00BFDF
:1000F0002DE9F0411F4C2178FA2920D04FF000085B
:100100001D4E1E4D074642460FE02B6813EB800341
:1001100028D0DB6838469847217808F101088B1D04
:10012000DBB25FFA88F2934209D9531A914202EB8B
:10013000C20003EBC303E8D806EB8303E9E7104CE6
:1001400038222046002111F0ADFB4FF0FF33C4E907
:100150000233C4E90533C4E9073323616360A38430
:10016000BDE8F081074B1B68DB07F9D500BEBDE891
:10017000F08100BF8CAF0020F851040088AF002050
:10018000E0AF0020F0ED00E0704700BF704700BF17
:100190000020704700207047704700BF704700BFC5
:1001A000704700BF704700BF024B5878003818BF37
:1001B00001207047E0AF0020024B1878C0F38000A8
:1001C000704700BFE0AF0020024B1878FF3818BF1F
:1001D00001207047906100202DE9F047424E3378AE
:1001E000FF2B82B05BD10C46002973D0382200214E
:1001F00005463E4811F056FB3D4B3E494FF0000886
:10020000012083F800800DF09FF83B4B1860002818
:100210004AD03A4F3B467A6833F80C0B7988CDF8D0
:1002200000800CF06FFEB96807460DF049FC344BB6
:100230001F60002F38D0334B334F002B3ED0384651
:10024000AFF3008097F800C0304BBCF1F90F186095
:100250002AD84FF0000ADFF8BC90DFF8B080534690
:1002600010E0D8F8003013EB82031DD05B68DBB1DF
:10027000984797F800C00CF10602D2B25FFA8AF3F1
:100280009A4220D99C450AF1010A03EBC302E8D83F
:10029000A3EB0C0303EBC30309EB8303E6E70124A1
:1002A000204602B0BDE8F087194B1B68DA0700D57D
:1002B00000BE0024204602B0BDE8F08797F800C0D9
:1002C000BCF1FA0FC5D121462846357001F022FC59
:1002D000044628B90E4B1B68DB07EAD500BEDFE7F2
:1002E000284601F019FCDBE790610020E0AF002018
:1002F000E0B0002090AF002018B000203461002052
:100300001CB00020000000008CAF002088AF00204F
:10031000F0ED00E0F85104002DE9F04FAE4F3B78CE
:10032000FF2B8DB031D004464FF47A720023800247
:10033000A10D11F0A9F8012838BF0120A74DDFF861
:10034000B092DFF8B0A28046661C286800F0D48026
:10035000002C14BF4246002209A90DF0A9F8A0B153
:100360009DF82530013B072B00F2E483DFE803F022
:10037000B9B0A79C944010040A9B0BB10B98984706
:1003800028680DF06DFB0028DED10DB0BDE8F08FC0
:100390009DF82810924B01F07F0603EB460303EB18
:1003A000D11393F826006FF3000083F8260093F82A
:1003B00026006FF3820083F82600002E00F0AD8047
:1003C000884A1B7D12789342C0F09880901DC0B27D
:1003D000834280F09B809B1A03EBC30309EB8303EA
:1003E0009E699DF829200B9B9DF82400B047C7E724
:1003F0007D4A1378002B00F089801378013BDBB233
:100400001370137803F0FF00002BB9D1DFF8D0B1DF
:100410009DF824609BF8003043F001038BF8003016
:100420009BF8263060F300038BF826309BF82630CB
:1004300060F382038BF826309BF8273060F30003CB
:100440008BF827309BF8273060F382038BF8273036
:1004500000F0D4FE9DF8282002F06003602B0BD042
:10046000402B00F01D8202F01F02012A00F0C48020
:10047000022A7BD0002A58D05C4B1B68DB0700D5D2
:1004800000BE9DF82400002101F0C4FD9DF8240069
:10049000802101F0BFFD73E7514B1B78D8077FF532
:1004A0006FAFFFF77FFE6BE74D4B1A78D6077FF5EE
:1004B00067AF1878C0F3C000FFF772FE60E7484BE3
:1004C000DB78D9077FF55CAF0A98FFF75FFE57E747
:1004D0009DF82400FFF70CFE00F086FEFFF75EFE9D
:1004E0004EE79DF82400FFF703FE00F07DFE3C4B35
:1004F0009DF828209A7043E722462DE7DAF800207D
:1005000003EBC30312EB83037FF46AAF374B1B6823
:10051000DF077FF53AAF00BE37E70B9B9DF8292038
:100520009DF8240000F07CFE2AE7202B00F0C48117
:10053000002BA1D19DF82930092B9DD801A252F89A
:1005400023F000BF370803001708030079040300F5
:100550005D08030079040300F9070300A7070300FF
:10056000790403008F0703009B0603009DF82C10FD
:1005700001F07F0EBEF1080F3FF67EAF0BEB4E028F
:10058000184802EBD11292F814C002784FEA4E00DC
:10059000039094454FEAD110029067D3901DC0B2EA
:1005A000844580F0AA81ACEB020202EBC20209EBA7
:1005B00082020192002B00F0A481019B586900F097
:1005C0001DFE019B30465B690AAA0121984700285D
:1005D0007FF4D6AE55E700BF906100201CB000202C
:1005E000E0AF00208CAF0020E0B00020F0ED00E094
:1005F000F851040088AF00209DF82C300F2B3FF6F7
:1006000040AFCD4A5B4412781B7993423CD3911D95
:10061000C9B28B42BFF435AF9B1A03EBC30309EB9E
:10062000830BDBF8140000F0E9FDDBF814300AAAB4
:1006300001213046984700287FF4A2AE9DF828306B
:1006400013F0600B7FF41DAF9DF829300A3B012B9E
:100650003FF617AF00F0D2FD9DF829300A2B0AA90A
:10066000304600F0E68100F04BFD89E6DAF8002024
:100670000CEBCC0002EB80020192002B00F04181D8
:10068000002A3FF4FEAE98E7DAF8002003EBC3033C
:1006900012EB830B3FF4F5AEC3E79DF82A209BF8DD
:1006A00001309A4200F08A819BF80130002B40F023
:1006B0009E818BF80120002A00F07E81501EC0B27E
:1006C000FCF7FEFB002800F0DC814378022B40F0B1
:1006D000D881C2799BF80010C2F340131B01C2F30A
:1006E000801221F0300143EA42130B438BF80030B3
:1006F00043880696CDE90184C318049300F10901EB
:10070000049B8B4240F29D814B780B2B03BF0B78EF
:1007100091F80380C9184FF001084B78042B40F082
:10072000AE81854B049A1B78521A92B2FA2B05922D
:1007300000F0A5810022039216461EE0DAF8004080
:1007400014EB820400F09B812369059A06980791B7
:100750009847039B0799013308280393024603D95E
:10076000059B834280F07381734B9DF80C601B786E
:100770009A1DD2B2B24240F28281F41AB34206EB21
:10078000C60204EBC404D9D809EB8404DCE79BF867
:1007900001308DF82230304601230DF122020AA9E2
:1007A00000F0C8FCECE5BDF82A00030A5A1EC0B2EE
:1007B0000E2A3FF666AE01A151F822F0150A030099
:1007C0007D080300CB0A03008304030083040300B5
:1007D000AD0A03007D0803008304030083040300C3
:1007E00083040300830403008304030083040300E1
:1007F000830403009F0A03000AA800F005FD9DF88A
:100800002A10304601F08EF99BF8003043F00203C5
:100810008BF80030B4E5BDF82A30012B7FF431AEFF
:100820009BF8003030466FF3C3030AA98BF8003001
:1008300000F066FCA4E59BF800309A0802F0020282
:10084000C3F3401330460AA943EA020602230DF11E
:100850002202ADF8226000F06DFC91E5BDF82A306F
:10086000012B7FF40EAE9BF80030304643F00803B6
:100870000AA98BF8003000F043FC81E5022B00F060
:100880002C81FFF787FC024600283FF4FAAD53881D
:1008900030460AA900F04EFC00287FF471ADF0E567
:1008A000264800F0ABFC30460AAA0121FCF71AFDED
:1008B00000287FF465ADE4E59DF82C300F2B3FF662
:1008C000E0AD1D4A5B4412781B79934238D2DAF8C6
:1008D000002003EBC30312EB830B3FF4D2ADDBF834
:1008E000140000F08BFCDBF8143030460AAA01211A
:1008F000984700287FF444ADC3E5002B7FF4C1ADD9
:1009000001939DF8293003F0FD02012A23D0002B2A
:100910007FF4B2AD039B029A5B441344304693F8D4
:1009200026600DF12202C6F3400602230AA9ADF8A3
:10093000226000F0FFFB23E58CAF0020E5D202002F
:10094000911DC9B28B42BFF49CAD9B1A03EBC3034C
:1009500009EB830BC3E7BDF82A200492A2B9012B4F
:10096000387830D001F056FB039B029A5B44134465
:1009700093F8262042F0020283F8262093F82620DE
:1009800042F0010283F82620019B002B3FF4F8ACD3
:10099000586900F033FC019B0AAA5B6901213046CB
:1009A0009847002000F02AFC9BF82730DA073FF533
:1009B000E7AC0AA9304656E6FFF7F0FB30460AA935
:1009C00000F09EFBDCE401F049FB039B029A0499D2
:1009D0005B44134493F8262061F3410283F82620F8
:1009E00093F8262061F3000283F82620CCE700214B
:1009F0003046029201F0A8F8304601F04DF99BF81C
:100A0000023001933046FFF773FB019B029A8BF88B
:100A100002304EE6FCF750FA024600283FF42CADB7
:100A2000304612230AA900F085FB00287FF4A8AC09
:100A300027E501230DF122028DF822B000F07AFBA8
:100A40009EE4DDE90184069EFFF7A6FBB6E7B8F158
:100A5000010F5AD0B8F1000F46D091F802E0002300
:100A600002E0A04506713FD90EEB03005BFA80F06F
:100A7000013390F804C0BCF1FF0FDCB2F1D0DDE926
:100A80000184304B1B68DB0700D500BE2D4B1B6873
:100A9000D90700D500BE00238BF80130F1E4FCF744
:100AA0001DFC024600287FF4F2AEEAE4FFF770FB7B
:100AB000024600283FF4E5AC137830460AA900F05E
:100AC00039FB00287FF45CACDBE4BDF82C10FCF7AC
:100AD000FDF902460028EFD1D3E4FCF7F1F9024614
:100AE00000287FF4D4AEC7E433461748059203913B
:100AF00002F0D0F8154B03991B78059A0633DBB248
:100B0000B34211443FF6FCADB9E723691048114CDC
:100B1000A34208BF4FF0020883429ED14B79012BBC
:100B20009BD18B79012B98D1CB79002B08BF4FF04B
:100B3000020892E7034B1B68DA077FF521AC00BE81
:100B40001EE400BFF0ED00E0F4AF00208CAF002009
:100B5000F9DE020079D602002DE9F0434378023B2A
:100B600085B004460D46052B42D8DFE813F0A600F9
:100B700074009D00BA00C3000600017911F07F02E5
:100B800036D0A34EA34B06EB420000EBD1101F78EA
:100B9000037DBB424FEA42024FEAD11CC0F02681DE
:100BA000B81DC0B2834223D29B48DB1B03EBC303B7
:100BB00000EB8303DF69DFB116446644A36896F84F
:100BC000260062796FF3000086F8260096F826006A
:100BD0006FF3820086F8260020782036B847C8B91F
:100BE000B37943F00103B371B37943F00403B371F4
:100BF0008A4B18688DB92B464FF0FF3221460CF016
:100C0000F3F9003818BF0120E8B1617820782A464E
:100C1000FFF7BAFA05B0BDE8F083002301AA214628
:100C200001930CF0C7FB019B43B17D4B4FF0805209
:100C30005A6040BFBFF34F8FBFF36F8F003818BFAC
:100C400001200028E1D1774B1B68DB07E2D500BE0D
:100C500005B0BDE8F0836F4E3178FA2954D04FF0DB
:100C600000086D4FDFF8C49143460CE0D9F800301E
:100C700013EB820310D108F101088A1D5FFA88F393
:100C8000D2B29A4240D98B4203EBC302EED35B1A35
:100C900003EBC30307EB83031B6A002BEBD06168F4
:100CA000207898473178E6E7594B1A78D607B1D5BE
:100CB0001A7842F004021A709AE7554B1A786FF3CB
:100CC00000021A701A7800216FF341021A705970ED
:100CD0001A7861F382021A70504B1868002D9CD16B
:100CE00089E74B4B1A78D00794D51A786FF38202B4
:100CF0001A707DE74C4A13780133DBB21370474B0F
:100D00001868002D89D176E7414E33785F072BD5DF
:100D10003378424A6FF382033370217810680023DE
:100D20000522CDE9013303938DF804108DF80520D9
:100D300001A9002D51D06A4600930CF03BFB009BAB
:100D400043B1374B4FF080525A6040BFBFF34F8FD3
:100D5000BFF36F8F003818BF012000284FD1314BEF
:100D60001B68D90700D500BEF378DA077FF552AFCC
:100D70002A4A6368217810680293032200230193B2
:100D800003938DF804108DF8052001A9E5B16A469A
:100D900000930CF00FFB009B43B1214B4FF08052AE
:100DA0005A6040BFBFF34F8FBFF36F8F003818BF3B
:100DB000012000283FF447AF9DF805109DF804007E
:100DC0002A46FFF7E1F925E72B464FF0FF320CF0FA
:100DD0000BF9003818BF0120EBE72B464FF0FF322C
:100DE0000CF002F9003818BF0120B6E70F48006880
:100DF00003EBC30310EB83033FF4FAAEDAE69DF88E
:100E000005109DF804002A46FFF7BEF9ACE700BFC5
:100E1000E0AF00208CAF0020F85104001CB000208F
:100E200000ED00E0F0ED00E0E0B0002088AF002031
:100E30002DE9F84F0A9F002A40D0DFF88C90DFF8A8
:100E40008C800C461E4615464FF0000B18E098F8B3
:100E5000021099F800A001F0CBFE02462146504650
:100E6000F2B100F085FE00B3A378DA0916BF0B9A41
:100E70003B70137023780BF1010BAB451C441DD064
:100E80006378052B20464FF000020ED1E17801F087
:100E90000301B14209D1A37803F07F03082BD6D90F
:100EA000084B1B68DA0700D500BE064B1B68DB0742
:100EB00002D40020BDE8F88F00BEFAE70120BDE8AB
:100EC000F88F00BFF0ED00E090610020E0AF00205F
:100ED00070B51D4E84B000230825CDE902010193B1
:100EE00030688DF80550144682B9134601A94FF0B9
:100EF000FF320CF079F8003818BF0120D8B9134B35
:100F00001B68DB0700D500BE04B070BD6A4601A9AE
:100F100000930CF04FFA009B43B10D4B4FF0805201
:100F20005A6040BFBFF34F8FBFF36F8F003818BFB9
:100F300001200028E3D09DF805109DF8040022460A
:100F4000FFF722F904B070BD1CB00020F0ED00E006
:100F500000ED00E038B58B7803F07F03082B06D94D
:100F60000B4B1B68DB0700D500BE002038BD094ACB
:100F7000094B0C46204691781D78002201F038FE7E
:100F80000028EDD021462846BDE8384000F0F0BDED
:100F9000F0ED00E0E0AF002090610020CB090548B3
:100FA000054A263301F07F0103EB41010844116833
:100FB00001F0D4BDE0AF002018B00020CB090548F7
:100FC000054A263301F07F0103EB41010844116813
:100FD00001F0F0BDE0AF002018B00020154838B592
:100FE00001F07F0500EB450000EBD1142034A0791F
:100FF000C00706D5104B1B68DA0700D500BE0020DD
:1010000038BDA5790D4845F001050078A57100F0BF
:10101000F7FE0028F4D1A379074A60F30003A37117
:10102000A37960F38203A3711368DB07E7D500BEE1
:1010300038BD00BFE0AF0020F0ED00E0906100207F
:10104000054B01F07F0203EB420303EBD11191F852
:10105000260000F001007047E0AF002010B50C4BF7
:1010600018780C4600F0D6FF0A4B04F07F0103EB22
:10107000410303EBD41191F8263043F0020381F8C9
:10108000263091F8263043F0010381F8263010BD58
:1010900090610020E0AF0020054B01F07F0203EBE0
:1010A000420303EBD11191F82600C0F340007047D2
:1010B000E0AF002010B50F4B18780C4600F036FE5C
:1010C0000D4B04F07F0103EB410303EBD41191F8C6
:1010D00026306FF3410381F8263091F826306FF304
:1010E000000381F8263091F826306FF3820381F8EF
:1010F000263010BD90610020E0AF0020704700BF97
:101100000B4630B40A4C496805461868224603C2AB
:1011100093F9002000239A42C4E902332846A8BF6D
:10112000802130BCB8BF19461A46FFF757BF00BF31
:1011300024B10020F0B50C46284F496806462068C7
:10114000BA603D4603C50021F981E588AB4228BF5E
:101150002B4683B0BB81A5B11BB352B397F90000F6
:10116000402B28BF402300282ADB1D4A3046FFF7CA
:1011700035FF98B91B4B1B68DB071ED500BE03B0BB
:10118000F0BD94F90030002BACBF80210021304627
:101190002B462A46FFF722FF0028EBD0012003B0A0
:1011A000F0BD97F90020002AACBF194680211A46ED
:1011B000DCE70C4B1B68D9070CD4002003B0F0BD52
:1011C0001146074801931A4610F044FB044A019B5C
:1011D0008021CBE700BE1046E1E700BF24B100202C
:1011E000E4B00020F0ED00E0034B0022C3E9002250
:1011F000C3E902221A61704724B10020014B186133
:10120000704700BF24B100200346044A59680068B3
:10121000134603C30023C2E90233704724B1002000
:10122000F0B5404C2578C909B1EBD51F83B01F46F6
:1012300006461FD03BB13C4B1B68DA0700D500BE09
:10124000002003B0F0BD2146FFF758FF236973B1BA
:101250002246304603219847012003B0F0BD0146E5
:10126000304600F0D7FE3046802100F0D3FE01204A
:1012700003B0F0BD94F90020002A06DBA068002826
:10128000DED02A491A4610F0E5FAE589A168E2881D
:101290003D44ADB23944AA42E581A16015D03F2F4B
:1012A00013D9A28994F90000531B9BB2402B28BF8D
:1012B0004023002824DB954230D01C4A00213046D0
:1012C000FFF78CFE0028D2D114E023692BB1154A18
:1012D0000221304698470028C1D094F9002000230D
:1012E0009A42ACBF8021194630461A46FFF776FE77
:1012F0000028BCD10C4B1B68DB07A1D500BEA0E7C2
:10130000954208D01A460948019310F0A3FA074AFB
:10131000019B8021D3E780210022D0E700210A46EB
:10132000CDE700BF24B10020F0ED00E0E4B00020E4
:1013300000B170470DF088BD00B170470DF08EBD53
:101340000138C3B2042B08D85E230D4A03FB00F01A
:10135000131810331B79DB0706D40A4B1B68DB0715
:1013600000D500BE00207047CB093D3301F07F015E
:1013700003EB4101044B08441044196801F0EEBB33
:1013800038B10020F0ED00E010B300200138C3B206
:10139000042B08D85E230B4A03FB00F0131810330C
:1013A0001B79DB0701D400207047CB093D3301F0E6
:1013B0007F0103EB4101044B08441044196801F01C
:1013C000F9BB00BF38B1002010B30020F0B5441EB7
:1013D000E5B2042D83B02ED85E2505FB04F5174E2B
:1013E00001F07F0405EB4404344404EBD114383499
:1013F0006779FF0708D5124B186810F0010001D07B
:1014000000BE002003B0F0BD6779009347F00107EC
:10141000134667710A460146705D00F0BBF900286B
:10142000F0D1637960F300036371637960F3820341
:10143000637103B0F0BD002003B0F0BD38B10020EF
:10144000F0ED00E0F0B583B041F0020100278DF827
:1014500000108DF801200446ADF80470A3B10121FD
:10146000FBF772FD022301AA69462046FBF798FDAF
:10147000394606462046FBF767FD184F9DF80430B5
:10148000FB70304603B0F0BD144F1D46F86D4FF0B1
:10149000FF310CF069F929462046FBF78DFD204607
:1014A0000121FBF751FD01AA022369462046FBF703
:1014B00077FD294606462046FBF746FD20460121DA
:1014C000FBF77AFD2B46F86D2A4629460BF08CFD7A
:1014D0009DF80430FB70304603B0F0BD14B300201B
:1014E0002DE9F041324E96F806C08C4582B0904608
:1014F00004461D4605D00F460A46E021B771FFF7A6
:10150000A1FF2223D8F800708DF8063015B3012111
:101510002046FBF719FD01230DF107020DF106012D
:101520002046FBF73DFD9DF80730F3703946082350
:1015300000222046FBF734FD00212046FBF704FD86
:1015400010222B462046F021F271FFF77BFF02B0FC
:10155000BDE8F081F06D4FF0FF310CF005F9294640
:101560002046FBF729FD20460121FBF7EDFC0DF19C
:1015700007020DF1060101232046FBF711FD9DF83E
:101580000730F3702A46082339462046FBF708FD4A
:1015900029462046FBF7D8FC20460121FBF70CFD2D
:1015A000F06D2B462A4629460BF01EFDC8E700BF0A
:1015B00014B300202DE9F043464E83B00C46074695
:1015C000984692B10A78B179914203D0E021B27184
:1015D000FFF738FFA37813F0100F14BF80224022CA
:1015E0004346E8213846FFF72DFF228833899A4287
:1015F00013D0A588E2886388AD1AADB2C3F34A134D
:101600009D4228BF1D4615F0FF0513D12A464346CB
:1016100038213846B570FFF715FF237833726278AA
:10162000727243463846F021F271FFF70BFF03B0A8
:10163000BDE8F0831223D4F808908DF80630B8F195
:10164000000F19D038460121FBF77EFC0DF107028F
:101650000DF1060101233846FBF7A2FC9DF8073087
:10166000F37049462B4600223846FBF799FC0021CF
:101670003846FBF769FCC9E7F06D4FF0FF310CF01D
:1016800073F841463846FBF797FC38460121FBF7D3
:101690005BFC0DF107020DF1060101233846FBF753
:1016A0007FFC9DF80730F37042462B46494638468A
:1016B000FBF776FC41463846FBF746FC38460121ED
:1016C000FBF77AFCF06D4346424641460BF08CFC3A
:1016D0009CE700BF14B3002070B50C464978134650
:1016E0000A0782B0054605D1CE0648D4A26862B387
:1016F000A28852B38A0620D4254E2278B17991422D
:1017000006D0E02128460193B271FFF79BFE019BB2
:10171000A278019312F0100F14BF20221022E821AA
:101720002846FFF78FFE6278019BF2712846F02170
:1017300002B0BDE87040FFF785BE21462846012271
:1017400002B0BDE87040FFF735BF114E2278B07986
:1017500001F0200464F07F049042E4B206D0E0215E
:1017600028460193B271FFF76DFE019BF471284684
:101770002246F02102B0BDE87040FFF763BE22466A
:1017800012F8081B02B0BDE87040FFF7A9BE00BF09
:1017900014B300202DE9F04102F07F0C064651EA17
:1017A0000C00BDF818E04FEAD2122DD13C4FA7F142
:1017B00060087978B87821F0300182F0010241EABE
:1017C000421240F010017A70B970BA78BB600323FE
:1017D00063F303020025A7F804E0BA70FD802846F1
:1017E000FFF7A6FD98F80A40D4BB0125204688F8EB
:1017F0000A50FFF7A1FD2246304639462C46FFF736
:101800006BFF2046BDE8F081DFF8988082F0010090
:10181000BCF1000F2AD00122444604E00132142A10
:1018200004F10C0418D094F86C508D42F6D102EB00
:10183000420508EB850595F8615005F00F076745EF
:10184000ECD1C5F34015854204F16C07BDD00132DF
:10185000142A04F10C04E6D100242046BDE8F081EE
:101860002846FFF769FD2046BDE8F0810120444687
:1018700002E001301428EFD094F86C508D4204F14E
:101880000C04F6D100EB400508EB8507AD0097F896
:1018900061703F07EDD1603508EB050789E700BFB0
:1018A00074B3002014B3002042DF704743DF704759
:1018B00044DF704712DF7047F0B4364CBFF35B8FE4
:1018C000014604F590730125D3E84F2FC3E8405F2C
:1018D0000028F9D1BFF35B8F12F0FF0F3CD108292C
:1018E0002CD004EB41122C482C4F01F5947301EBE2
:1018F000810C50F823609388D2889A1A93B2B6B2BA
:1019000000EB8C024FEA411CB34208B228BF3346B9
:1019100054F80C60C2F8006707EB8101C2F8043785
:1019200047F82050BFF36F8FBFF34F8F1C4B994286
:1019300009D0043B994206D0F0BC7047164BD3F84F
:10194000C024D10313D5BFF35B8F002384F820316B
:10195000BFF35B8FF0BC7047124B13485A68C2F359
:101960000802003AF0BC18BF0122FFF7B1BA94F8A0
:101970000B110029E7D00D49D4F80001C3F8A007E6
:10198000C3F8A4270D60BFF36F8FBFF34F8FF0BC78
:10199000704700BF64B4002000700240287002400D
:1019A0005070024000ED00E0251A0300487002402C
:1019B000174BBFF35B8F01460122D3E84F0FC3E8FB
:1019C0004C2FBCF1000FF8D1BFF35B8F10F0FF0F6D
:1019D00014D10A60BFF36F8FBFF34F8F0D4B994245
:1019E00003D0043B994200D070470B4BBFF35B8F91
:1019F000002283F82021BFF35B8F7047074B084814
:101A00005A68C2F30802003A18BF0122FFF760BA11
:101A100084B500205070024064B4002000ED00E066
:101A2000B1190300F0B4344CBFF35B8FC1B204F5BD
:101A300090730125D3E84F2FC3E8405F0028F9D108
:101A4000BFF35B8F12F0FF0F39D1082929D02B4843
:101A50002B4F01F5947304EB411250F823609388E7
:101A6000D28801EB810C9A1A93B2B6B200EB8C02C9
:101A70004801B3422058C2F8000728BF3346C2F8D5
:101A8000043707EB810047F82150BFF36F8FBFF396
:101A90004F8F1C4B984209D0043B984206D0F0BCB3
:101AA0007047164BD3F8C024D10313D5BFF35B8F17
:101AB000002384F82031BFF35B8FF0BC7047124BDA
:101AC00012485A68C2F30802003AF0BC18BF01225B
:101AD000FFF7FEB994F80B110029E7D00C49D4F8B0
:101AE0000001C3F8A007C3F8A4270D60BFF36F8FF0
:101AF000BFF34F8FF0BC704764B400200070024009
:101B0000287002405070024000ED00E0251A0300EA
:101B10004870024001207047014B80225A60704794
:101B200000E100E0074BD3F80014D3F800240020B4
:101B30000A434FF48001C3F80024C3F85801C3F8E6
:101B40000413704700700240074B4FF4001229B194
:101B5000C3F80423054B83F821117047C3F8082309
:101B6000024B83F8211170470070024064B40020DA
:101B700030B48A788C88C878434D02F07F014B00DE
:101B800003EBD21305EB031300F00300C4F30A04C4
:101B900001281C814FEAD2142FD0DCB13B488C1CA9
:101BA000012303FA04F4C0F80443D0F8104503FA03
:101BB00001F12143C0F81015344B42F48071C3F891
:101BC0001825C3F80C15BFF36F8FBFF34F8F01209B
:101BD00030BC70472D4801F10C05012303FA05F5CF
:101BE000C0F80453D0F814558B4001F594712B4381
:101BF000C0F8143540F82140DEE7082907D0244B0F
:101C0000186810F00100E3D000BE0020E0E7ECB956
:101C1000B5F818311BB11D4B8022C3F81C251B4A97
:101C20000023C2F85031D2F8003313F4001308BF78
:101C3000C2F85431154B4FF44012C3F80423D3F8C3
:101C4000142542F48072C3F81425BCE7B5F80821C6
:101C50000E4B0021C3F82C1112B18022C3F81C25B1
:101C60000A4AD2F8003313F4001308BFC2F8543103
:101C7000064B084AC3F80423D3F8102542F48072B7
:101C8000C3F810259FE700BF64B400200070024035
:101C9000F0ED00E0000820001E4B80222DE9F0410D
:101CA000C3F88420BFF34F8FBFF36F8F1A4D1B4FC4
:101CB0000D244FF0010800261949A000A4F10A03E1
:101CC000014408FA04F208FA03F31343C7F808338F
:101CD00028464E6001348E62202200210FF0E2FD82
:101CE000142C05F12005E7D10E4BC7F8083320224C
:101CF000C7F81C6500217E620B48BE640FF0D2FD60
:101D0000C7F81485C7F81085024B80225A60BDE8D9
:101D1000F08100BF00E100E084B4002000700240C8
:101D2000D06F02400008300064B5002001F07F034E
:101D3000082B30B44FEAD1112DD0D9B12E4A2F48FB
:101D400001219C1C01FA04F4C2F80843D2F81045A2
:101D500001FA03F524EA0504C2F8104501EB430338
:101D600000EB03130022DA72BFF36F8FBFF34F8FC4
:101D700030BC7047204C2148012203F10C0502FAC7
:101D800005F5C4F80853D4F814559A4025EA020220
:101D9000C4F81425E2E7194800EB01130022A3F868
:101DA0000821154BD9B14FF40062C3F80823D3F8CA
:101DB000102522F48072C3F81025B0F81821B0F86D
:101DC00008410D4BE2424FF0000508BF4FF40012EE
:101DD000C3F81C5508BFC3F808230823BEE74FF417
:101DE0008012C3F80823D3F8142522F48072C3F8B4
:101DF0001425C3F85011E0E70070024064B40020DD
:101E000001F07F00F0B57A4D440004EBD11405EBEE
:101E1000041C85B09CF80B60002E40F0A0802401CB
:101E200006F0FF072A514FEAD11EACF80430ACF897
:101E3000067000283CD1002B51D16E4AD2F8802484
:101E4000C2F3C01272454AD06B4E72688DF808100A
:101E5000C2F3080100394FF4E06218BF012101A864
:101E600003938DF80930ADF80420FEF775FEBFF33B
:101E70005B8F05F590720123D2E84F1FC2E8403F07
:101E80000028F9D1BFF35B8FCCB2002C40F08E80DC
:101E90005A4A1360BFF36F8FBFF34F8FBFF35B8F4F
:101EA0001C4685F82011BFF35B8F204605B0F0BDBE
:101EB000BEF1000F16D105EB40150123EB72BFF305
:101EC0006F8FBFF34F8FAB7A2BB1EB7A03F0FF0428
:101ED000002B40F083800124204605B0F0BDBEF108
:101EE000000F46D005EB401100EB8003CE8A8A8AB2
:101EF0000C8B0969921B9B0092B203F1804303F59E
:101F00001C33A24228BF22463D4EC3F80016C3F838
:101F100004263C4BBFF35B8F06EB8001012200B22D
:101F2000D3E84F4FC3E8472F002FF9D1BFF35B8FA2
:101F3000E4B2002C47D146F82020BFF36F8FBFF3E7
:101F40004F8F2E4B994202D0043B9942C3D1BFF32D
:101F50005B8F002385F82031BFF35B8FBBE72A4BF3
:101F60001C6814F00104A0D000BE0024204605B077
:101F7000F0BD0123234AEB72BFF35B8FD2E84F4FD2
:101F8000C2E8413F0029F9D1BFF35B8FE4B254BBF3
:101F90001E4A1360BFF36F8FBFF34F8FBFF35B8F8A
:101FA00085F820E11C46BFF35B8F7EE7726813491A
:101FB0001748C2F30802003A18BF0122FEF788FF53
:101FC000204605B0F0BD0C4B11485A68C2F3080218
:101FD000003A18BF0122FEF77BFF66E785F80AE0AA
:101FE000FFF76AFC61E7044B08495A68E0E700BF65
:101FF00064B400200070024000ED00E05070024028
:102000000470024084B50020F0ED00E04C70024006
:10201000B119030011F07F0008B507D10D4B012263
:102020005A65BFF36F8FBFF34F8F08BD0828F8D0F4
:10203000084B41F48072C909C3F81825F1D1064B49
:1020400003EB40139A7A002AEBD09972FFF734FC25
:10205000E7E700BF0070024064B4002011F0770F82
:1020600012D00A4B41F48072C3F80C15C3F80C254A
:10207000CA09C3F8181504BF01F5947143F821206B
:10208000BFF36F8FBFF34F8F704700BF00700240E8
:102090002DE9F04F954B9648D3F8001300238BB0F1
:1020A0001D461E46012421FA03F2D2070BD550F833
:1020B000232042B104FA03F240F823601543BFF332
:1020C0006F8FBFF34F8F0133192BECD1EF0700F166
:1020D0003982DFF82CB22E0508D5844BD3F8A83608
:1020E00001229BB2ABF816318BF81C21AC0200F137
:1020F000E68105F4800404B37C4AD2F8004440F23F
:1021000001732340E705C2F8003400F17D826605C3
:1021100010D5764B0122C3F808259A65D3F8002321
:1021200012F4001208BFC3F85421704B4FF4001290
:10213000C3F80423A00500F15E8229023CD56B4B55
:10214000D3F880E4D3F88414D3F88874D3F88C449B
:10215000D3F89064D3F89404D3F89824D3F89C343B
:102160001EF07F0F5FFA86FC5FFA80F8C9B2FFB2FB
:10217000E4B2D6B2D8B25FFA8EF901D105291BD0EC
:10218000002213466CF3070369F3070261F30F2281
:1021900068F30F2367F3174266F3174364F31F6274
:1021A00060F31F634FF4C064012107A8CDE9082341
:1021B000ADF81C40FEF7D0FC4E4B2B40002B40F0FE
:1021C0000382DFF83C81494EC346C14608F590774B
:1021D00000241EE05B44DA7A002A00F08A82DA8862
:1021E000A9F804200022DA72DB888DF820A09BB2C7
:1021F0004FF4E06C012107A809938DF82120ADF878
:102200001CC0FEF7A9FCBAF1080F4BD0013409F14C
:10221000200904F10C0325FA03F3DA075FFA84FAC4
:10222000F1D504EB840206EB8202D9F80030D2F833
:1022300008170BEB441213FA81F3C9F80030D38866
:1022400089B211FA83F39BB2082CD3804FEA44136E
:10225000C0D0B9F808008842BCD1D288B9F80410BF
:1022600092B29142B6D9BAF1000FCCD10122BFF39C
:102270005B8FD7E84F3FC7E8412F0029F9D1BFF363
:102280005B8F13F0FF0F40F05A821B490A60BFF3C7
:102290006F8FBFF34F8FBFF35B8F8BF82031BFF38E
:1022A0005B8FB3E7154B2B40002B00F005810F4BE4
:1022B000D3F86C240192C3F86C24BFF36F8FBFF383
:1022C0004F8F15F4806500F09381D3F88024D3F804
:1022D000803483F08003C3F3C0130593C2F3C013AB
:1022E0000493DFF808900024DA4613E000700240FF
:1022F00000710240FCFB1F004C7002400004000112
:1023000064B40020002C00F01881072F54D0013451
:1023100008F120080199E14004EB840311F0010F5A
:1023200009EB83030AEB4412E7B24FEA840EE9D0CB
:10233000D3F80806D8F81060C0B20644C8F8106098
:10234000D18A10FA81F189B2D182D18AB8F81450B9
:1023500089B2A942B349714403914FF0010C67F06F
:102360007F0102914FF4E06B614607A880F0D680B0
:10237000D18AB8F81820C3F800666D1AADB295423C
:1023800028BF1546A84AC3F80456BFF35B8FD2E8AE
:102390004F3FC2E841CF0029F9D1BFF35B8F13F063
:1023A000FF0F40F019819F4B4EF803C0BFF36F8FB2
:1023B000BFF34F8F072FAAD1019BDF03D34601D470
:1023C000059B6BB19BF80B303BB1BBF80630BBF8FB
:1023D00004209BB29A4200F2938101238BF80A30C9
:1023E000019B9E030DD59BF82B303BB1BBF82630EB
:1023F000BBF824209BB29A4200F2868101238BF81D
:102400002A30019B5D030DD59BF84B303BB1BBF8E7
:102410004630BBF844209BB29A4200F2AE810123C1
:102420008BF84A30019B1C030DD59BF86B303BB1F8
:10243000BBF86630BBF864209BB29A4200F2AD81D3
:1024400001238BF86A30019BD8020DD59BF88B30A5
:102450003BB1BBF88630BBF884209BB29A4200F2B5
:10246000578101238BF88A30019B990200F1048186
:10247000019B5A020DD59BF8CB303BB1BBF8C6305F
:10248000BBF8C4209BB29A4200F24A8101238BF828
:10249000CA30019B1B020FD59BF8EB30002B00F0DC
:1024A0002481BBF8E630BBF8E4209BB29A4240F2AC
:1024B0001C810720FFF700FA0BB0BDE8F08F5B4BE3
:1024C000D3F81425D0050ED515F4800400F0E28071
:1024D000D3F80024D20740F1DD80D3F81035DB05B6
:1024E00000F1B0800DE0D3F81025D10500F1A880EF
:1024F0009BF821211AB94FF40012C3F8082305F400
:10250000800407A8494BD3F82035089301214FF4E4
:102510004073ADF81C30FEF71FFBECE5D38AADF835
:102520001CB09BB20993029B8DF820304FF0000342
:102530008DF82130FEF710FBE7E6049900293FF4FF
:10254000E6AEF5E6374B394ADFF8F0B038480024FC
:102550000126C2F81465C2F81065546094625C608C
:102560009C629C60DC62DC601C631C615C635C617F
:102570009C639C61DC63DC611C6454629464C2F8FB
:102580005841D2F80034D2F800140B43C2F800349A
:10259000D2F80033C2F808332146C2F80403584683
:1025A0004FF492720FF07EF940234FF4807231465F
:1025B00007A8ABF81830ABF808308DF82040ADF81C
:1025C0001C20FEF7C9FA86E50023BFF35B8F8BF86A
:1025D0002031BFF35B8FF4E5164B17485A68039917
:1025E000C2F30802003A18BF0122FEF771FC8CE624
:1025F000CDE9045575E64FF4A063012107A8ADF8B5
:102600001C30FEF7A9FA98E50121C2F82C154FF409
:10261000806307A8ADF81C30FEF79EFA66057FF5CB
:1026200089AD76E50470024084B500200070024058
:102630000514C00100ED00E0B119030064B40020EE
:1026400005F480049BF81C31002B3FF45AAFBBF813
:10265000163100219BB207A809934FF4E0628BF872
:102660001C11882301210190ADF81C20ADF8203009
:10267000FEF772FA019845E79BF8AB3033B1BBF82F
:10268000A630BBF8A4209BB29A4245D801238BF810
:10269000AA30EDE6434BBFF35B8F0122D3E84F1F17
:1026A000C3E8402F0028F9D1BFF35B8F11F0FF0F73
:1026B00051D13D4BD3F8C004C60335D49BF80B1160
:1026C00001F0FF0600295CD03849DBF80061C3F84F
:1026D000A067C3F8A4070A60BFF36F8FBFF34F8FE3
:1026E000D3F81035D905ADD40BE701238BF8EA30C8
:1026F000E2E62F4B1B68DB077FF5DEAE00BEDBE6B4
:102700000020FFF7D9F86BE60120FFF7D5F878E64F
:102710000420FFF7D1F8A7E60520FFF7CDF8A7E6DC
:102720000620FFF7C9F8B4E6BFF35B8F8BF82011E2
:10273000BFF35B8FD3F81035D80583D4E1E61D4B8A
:102740001D485A681D49C2F30802003A18BF012209
:10275000FEF7BEFB5AE5174B19485A68C2F3080248
:10276000003A18BF01220821FEF7B2FB0E4BD3F846
:102770001035DF053FF566AFC3E60220FFF79CF892
:1027800050E6BFF35B8F8BF82061BFF35B8FD3F80C
:102790001035DA053FF556AFB3E60320FFF78CF8A6
:1027A00051E600BF84B5002000700240487002402E
:1027B000F0ED00E000ED00E0B11903004C700240C4
:1027C000251A0300F0B5012885B006D0022800F0D4
:1027D000868000283ED005B0F0BDB04BD3F8002570
:1027E000002AF8D00022C3F80425BFF36F8FBFF38F
:1027F0004F8FAB498020C1F88400BFF34F8FBFF3E8
:102800006F8FD3F80013C3F80813C3F80025BFF384
:102810006F8FBFF34F8F43F2040103F18D530968AB
:1028200003F5772303F2DB53994201AC00F0748186
:102830009C4B01221A609C4B5968C1F30801003976
:102840004FF40073204618BF0121ADF80430FEF7A5
:1028500083F9C0E7914BD3F80025002ABBD14FF490
:1028600080014FF40062C3F80813C3F80024BFF3DB
:102870006F8FBFF34F8F8D4B1B68082B00F0CC8000
:10288000864B0122C3F80025BFF36F8FBFF34F8F34
:1028900043F2040203F18D53126803F5772303F228
:1028A000DB539A4200F0E2804FF08043D3F80C24CF
:1028B000D3F80C34DF0300F1ED8043F204027C4BCB
:1028C00012689A4200F006817A4B00221A601B6857
:1028D00001934FF08043012201991A607BE76F4B0F
:1028E000D3F80435002B4AD16C4AD2F800341805CD
:1028F000FBD54FF40063C2F80034BFF36F8FBFF312
:102900004F8F6A4B1B68082B4BD0644B644D80245F
:102910000122C3F81C45C3F80423C5F88441FDF720
:1029200053FC002876D1624E43F204054FF08044F8
:102930002B68B34211D0D4F80C24D4F80C34D9034A
:10294000F6D5D307F4D5554B0122C3F80425BFF3C0
:102950006F8FBFF34F8F05B0F0BD01A800278DF832
:102960000470FEF7A7FF9DF80430002BE3D001A808
:102970000197FEF79DFF019B002BD9D0E3E743F2BF
:1029800004024B4B12689A4200F0B2804FF0804331
:10299000D3F80C24D3F80C34DD03A5D5D407A3D584
:1029A00019E7454B1B68032BAFD8444B1A68002A24
:1029B00040F0BF80424849F27531196002601960E9
:1029C0003A4A3D4B12681B68082A9ED1032B9CD8BB
:1029D0003C4AD35C93B1394B1A68002A40F0B1806D
:1029E000394849F275311960026019602F4A324B3B
:1029F00012681B68082A88D1032B86D83349344BC8
:102A000040F2E370402208601A60BFF36F8FBFF39B
:102A10004F8F7AE76C6086E7274B1B68032B3FF6E6
:102A20002FAF284AD35CABB1244B1A68002A40F080
:102A30008C80254949F2753203201A6008601A60BB
:102A40001A4A1D4B12681B68082A7FF419AF032B22
:102A50003FF616AF194B1A68002A6ED1184949F291
:102A60007532C0201A6008601A6009E701A80024C6
:102A70008DF80440FEF71EFF9DF80430002B3FF454
:102A800013AF01A80194FEF713FF019B002B7FF405
:102A9000A2AE12E7D6073FF59EAE0EE700700240E9
:102AA00000E100E00400004000ED00E03001001013
:102AB000DBE5B151000100403401001000EC06409C
:102AC00014EC0640D052040014ED06400078024099
:102AD00004780240002301A88DF80430FEF7EAFED6
:102AE0009DF80430002B3FF4EFAEFEF7DDFE72E6FA
:102AF00001A800248DF80440FEF7DCFE9DF80430A8
:102B0000002B3FF443AF01A80194FEF7D1FE019BD7
:102B1000002B7FF460AEE7E620468DF80420FEF738
:102B2000C9FE9DF80430002B3FF482AEFEF7BEFED6
:102B300081E6084B00221A6042E7064BC0221A6069
:102B40009EE6054B00221A6050E7034B03221A60F1
:102B500076E700BF14EC064014ED0640F8B50378A4
:102B600013F001041AD103785A070546C3F380070E
:102B700001D52046F8BD0E4630464FF0FF310AF031
:102B8000F3FD2B7813F001040BD12B785B0709D4EC
:102B90002B7843F004032B70012403E0002420462B
:102BA000F8BD3C46002330461A4619460AF01CFA86
:102BB0002046F8BD70B504460D4608464FF0FF317B
:102BC0000AF0D2FD2378C3F380065B0708D523788B
:102BD00013F0010205BF237862F3820300262370FD
:102BE000002328461A4619460AF0FEF9304670BD01
:102BF00030B4C478858804F00303022BC5F30A05BA
:102C000007D0032B28D0012B14D00023184630BC4A
:102C10007047022929D012B1B5F5007F2FD0A5F158
:102C200008039BB2182B24D9402D0BD10123184641
:102C300030BC7047022940F2FF3208BF4FF4806277
:102C4000AA42E3D2114B1B6813F00103DED000BE91
:102C50000023184630BC704702290CBF4FF4806334
:102C60004023AB42EED30123E1E7B5F5007FDDD091
:102C7000E8E7074A22FA03F3DB07D7D4E2E70024A8
:102C80004021134644710171C0E700BFF0ED00E040
:102C9000010100010A44914216D230B44C78052C4F
:102CA00005D00C7821448A42F8D830BC70478C7823
:102CB00004F07F0500EB4505E4092B550C78214411
:102CC0008A42EBD830BC7047704700BF2DE9F04115
:102CD00082B00578089FBDF82460BDF82C8061F3B0
:102CE00000050446394600F8085B009315460123A9
:102CF0003246FDF707F807B13EB90A9B6360012031
:102D0000A4F8028002B0BDE8F08104F11C010120AA
:102D10000AF01AFB0DB105460020C4E90550ECE7A6
:102D200010B50446406908B10AF0A6FEA06908B1D2
:102D30000AF0A2FE012010BDF0B50B46074613F8BD
:102D4000080B83B010F0020F184640F2FF1314BFB7
:102D50001E463F260C461546FDF70CF8D8B9D5B1EE
:102D6000354218D123786178DA07384616D5FEF750
:102D7000E7FA80B1237813F0010312D000236178C1
:102D80000193384600931A46FEF720FB20B9094B01
:102D90001B68DB070BD4002003B0F0BDFEF7FEF884
:102DA000E7E7617838461A46FEF718F9EEE700BE05
:102DB000F2E700BFF0ED00E0F0B501F1080583B0E7
:102DC000064628460C46FCF7D5FF08B32378617801
:102DD000DF0730461FD5FEF7B3FAC8B12846628830
:102DE0006168FCF7F3FF054618B32378DA0715D5B9
:102DF0000023CDE900333046626861782B46FEF748
:102E0000E5FA98B9124B1B68DB0701D500BE00E05C
:102E1000002003B0F0BDFEF7C1F8DEE7626861781C
:102E200030462B46FEF7DAF80028EBD0284603B0F0
:102E3000F0BD2078617810F00107304603D0FEF72E
:102E4000A5FA2846F3E7FEF7B9F83846E1E700BFF0
:102E5000F0ED00E02DE9F0438B8983B00C46064687
:102E6000DBB90B784978DD0763D5FEF769FA0028EE
:102E70005BD0227863886178D2075DD5002B64D05F
:102E800062680025CDE900553046FEF79FFA00281C
:102E90003BD0608803B0BDE8F0830F46354D17F88E
:102EA000083B03F00203002B38460ABF6FF03F05D2
:102EB0004FF400794FF04009FCF776FF814534D894
:102EC00023786178DB0730463CD5FEF739FA60B3EA
:102ED0003846FCF769FF81451FD805EA000860887D
:102EE000227861781FFA88F3984228BF1846D207E3
:102EF00005462ED5002838D102460023CDE90033FF
:102F000030462B46FEF762FA68BB1B4B1B68DB079B
:102F10000BD500BE03B0BDE8F0832378617813F0D1
:102F2000010530461DD0FEF731FA002003B0BDE8A0
:102F3000F083FEF733F89AE74BB162683046FEF74C
:102F40004DF8A4E7FEF72AF8C1E71A4699E71A46B2
:102F5000F4E760B9024630462B46FEF73FF810B959
:102F6000D3E7FEF72BF82846E0E76268C5E762681A
:102F7000F1E700BF00FEFFFFF0ED00E0437C03B18E
:102F8000704730B54FF4807285B002820321FF2272
:102F9000019304468DF803208DF806208DF8051066
:102FA000827B417B8DF800204FF080451A460295C8
:102FB0008DF80110057BC373694603938DF80250A9
:102FC0000CF0C4FAA37B1F2B86BF03F01F030C4A2F
:102FD0004FF0A04203F5E07340F2013142F82310B4
:102FE000637B1F2B86BF03F01F03054A4FF0A042EF
:102FF00003F5E07340F2033142F8231005B030BD11
:103000000003005010B483B002AB03E906009DF842
:1030100005109DF804200368013918BF0121002420
:10302000022AC3F800450C460174C27332D0032A49
:103030002DD0012A28D0224A0099B2FBF1F2B2F534
:10304000007FC3F8544504D2FF2A0DD94FF08061A8
:1030500001E04FF000710722C3F82415C3F80025E2
:1030600003B05DF8044B70477F2A16D83F2A17D863
:103070001F2A18D80F2A19D8072A02D811498B42BB
:1030800017D04FF00041E6E741F00204D3E741F0EA
:103090000604D0E741F00404CDE74FF00061DAE721
:1030A0004FF08051D7E74FF00051D4E74FF0804107
:1030B000D1E7032A8CBF4FF020614FF0A051CAE73F
:1030C0000090D00300F0024003680022C3F80025FE
:1030D000704700BF002B3ED02DE9F043804685B0FD
:1030E0000E4617461D464FF6FF794D452C464FF0CC
:1030F000000269464046009628BF4C466EB1CDE9B5
:103100000147AFB103940CF063FB2D1B2644274409
:10311000002DEAD105B0BDE8F083CDE90167324664
:1031200069467FB103942D1B0CF052FB2744EFE757
:103130002D1B3A466946039726440CF049FB002DA7
:10314000D3D1E7E73A462D1B03973E460CF040FBF0
:10315000002DCAD1DEE770478AB32DE9F04107465A
:1031600084B00C4615464FF6FF7845452E464FF085
:10317000000269463846009428BF464654B1CDE95E
:10318000016403960CF024FBAD1B3444EDD104B074
:10319000BDE8F0814FF6FF7804E045452E460094E7
:1031A00028BF4646002269463846CDE901440394CB
:1031B0000CF00EFBAD1BF0D104B0BDE8F081704700
:1031C00030B587B001230D460DF10704002202A996
:1031D000CDE903348DF80750029405930CF0F8FA0A
:1031E0009DF8070007B030BD094A0A4B30B4D2E958
:1031F0001910146E1C7300220124074D1C71987362
:103200005973DA731A821D609A6030BC704700BF30
:1032100030B2040088B5002000F00240704700BFC3
:10322000704700BF10B404682469A4465DF8044BDD
:10323000604700BF30B40468BDF808500295A46B25
:10324000A44630BC604700BF30B40468BDF80850E5
:103250000295E46BA44630BC604700BF704700BFD6
:1032600001F003038376CB0702D48368C360704701
:10327000428903898281C381704700BF2DE9F043F1
:1032800087B09942BDF93840BDF83C60054622D070
:10329000A24212D00768DFF88480D7F81490C145A5
:1032A00033D1CDE900462846BC6AA0472B68DB6ACB
:1032B000434525D107B0BDE8F08399421CDC28685E
:1032C0000E96C46B01335B1A1BB22846A44607B0A6
:1032D000BDE8F0436047A24202DD134622461C4689
:1032E00028680E96631C846B9B1A1BB22846A44662
:1032F00007B0BDE8F0436047084619460346DEE7DD
:10330000284607B0BDE8F0431847CDE904230391F0
:10331000C847DDE904232F680399C2E7213203007F
:103320002DE9F0430668144FD6F8148085B0B845EF
:103330001C46BDF8309005460B4610D1013C1444A4
:1033400024B2CDF8049000941946B46A2846A047E8
:103350002B68DB6ABB4209D105B0BDE8F083CDE93B
:103360000212C047DDE902322E68E7E7284605B0C1
:10337000BDE8F043184700BF213203002DE9F041BA
:10338000D0F800C0134DDCF8146084B0AE42BDF834
:1033900028700446984610D108F1FF3301970B447A
:1033A00000921BB2DCF828602046B0472368DB6A35
:1033B000AB420AD104B0BDE8F081CDE90212B047BA
:1033C000DDE90212D4F800C0E6E7204604B0BDE80B
:1033D000F0411847213203002DE9F04FD0F800C02A
:1033E0001F46DCF814601E4B83B09E42BDF930903E
:1033F000BDF834A005460C46904627D12744A74285
:103400001CDDDFF860B008E00134DCF8386024B27D
:10341000B047BC42D5F800C010DADCF82060CDF827
:1034200000A05E454B46424621462846ECD001347A
:1034300024B2B047BC42D5F800C0EEDBDCF82C303B
:10344000074A934206D103B0BDE8F08FB047D5F8E4
:1034500000C0D3E7284603B0BDE8F04F184700BFCF
:1034600021320300353203002DE9F04FD0F800C0BF
:10347000DFF8C490DCF814A085B0CA45BDF93880E7
:10348000BDF83C70044616461D4643D1DCF824B016
:10349000DFF8A8A00097D34508BFDCF83CB0039143
:1034A0002B4632462046D84723680399D3F824B0E8
:1034B000009708F1FF323244D34512B235D1D3F828
:1034C0003CA003912B462046D04703992368DFF8A0
:1034D00070A0D3F820B00097D34508BFD3F838B018
:1034E0000391434632462046D847226803996B1E13
:1034F000156A00975545194408BF956B434609B2B4
:1035000032462046A8472368DB6A4B4508D105B000
:10351000BDE8F08F0391D047D4F800C00399B5E718
:10352000204605B0BDE8F04F184703912B462046D2
:10353000D8470399CAE700BF21320300493203008C
:10354000353203002DE9F04FD0F800C0DFF898A025
:10355000DCF840E083B0D645BDF93080BDF834904A
:1035600030D1DFF888B01E46DCF814305B450546E4
:103570000C46174632D12644B4421CDAB24608E063
:103580000134DCF8386024B2B0475445D5F800C0A7
:1035900011DADCF82060134BCDF800909E423A46D9
:1035A000434621462846EBD0013424B2B047544567
:1035B000D5F800C0EDDBDCF82C305B4509D103B059
:1035C000BDE8F08FF446CDE90C8903B0BDE8F04FBB
:1035D0006047284603B0BDE8F04F18479847D5F834
:1035E00000C0C8E735320300D9330300213203009D
:1035F0002DE9F04FD0F800C0234BDCF84060B0F963
:103600000C80B0F90E709E4283B00D462AD1DCF8D2
:103610001430DFF878A05345044631D1B8F1000FDB
:1036200019DD0026DFF868B03146DCF820900095FF
:10363000D94508BFDCF838903B464FF000022046E1
:103640001EBF3B46002220460136C84731B288459E
:10365000D4F800C0E9DCDCF82C3053450BD103B0C2
:10366000BDE8F08F0022CDE9007143461146B04716
:1036700003B0BDE8F08F204603B0BDE8F04F184717
:103680009847D4F800C0C9E7D933030021320300BA
:10369000353203002DE9F04F85B01D46BDF9386085
:1036A000BDF83C90B31A002B8846A5EB0101B8BFCA
:1036B0005B420029B8BF49428B4207467CDDAC46DD
:1036C0004446AA46404635469046664622468C46C3
:1036D000A8455EDDA0EB0A00A8EB050E80EAE07CC1
:1036E000CEF3C0344FF6FF7A04FA8EF4ACEBE07CF4
:1036F000B242C8BF4FF0010A1FFA8EF06410029068
:10370000CDF80CA08B42314B01931FFA8CFA33DCBD
:10371000D7F800C0019BDCF818B09B4508BFDCF867
:1037200010B029464B4632463846D847A4EB0A0328
:103730001CB20135002C2DB29BB205DA029A13445B
:103740001CB2039B1E4436B2A845E1DA05B0BDE8C1
:10375000F08FDCF810B0D847A4EB0A031CB2013597
:10376000002C2DB29BB205DA029A13441CB2039BC3
:103770001E4436B2A845E9DBD7F800C0019BDCF84F
:1037800018B09B452A464B4631463846E1D0D847CB
:10379000E2E7A5EB0800C0F3C03404FA80F4B242BB
:1037A00080B202904FEA640428461646454607DA7E
:1037B000012203928046A5E71046B2469C4687E761
:1037C0004FF6FF72039280469CE700BF253203004C
:1037D00030B4094C094D018142818181C2814FF091
:1037E000FF310022C0E905140560426030BC02616F
:1037F00002770262704700BF01010001DC5704003C
:103800002DE9F04FD0F800C01C46DCF814605E4B88
:103810008BB09E42BDF850A005468846914640F0C8
:10382000AA80DCF820705949CDF800A0A6B21FFA92
:1038300089F273008F42049203F10103A2EB0602A6
:1038400008BFDCF838701BB212B241462846B847B0
:10385000C6EBC6335B001BB2C6F101060593002C14
:1038600033B203937CDD1FFA88F800239B46C146E0
:1038700070E01A46059B023312FA83F2661E1BB2F1
:1038800092B2059336B21FFA8BF3591C8FB206938E
:103890007B009BB2079301330FFA81FB1A4413B2EA
:1038A000B345039329DC04992868B2B253008A1AFD
:1038B00007EB0901D0F82080CDF800A00FFA81FCB9
:1038C0003249013388451BB212B208BFD0F83880A4
:1038D000CDE9082361462846C0472868A9EB0701BF
:1038E000D0F82080294FCDF800A0B845DDE90823A5
:1038F00009B23DD1876B2846B847A64228D0049B21
:10390000069A2868A4B209EB04019A1A079B076A71
:10391000CDF800A00FFA81FC1C49013B8F4212B286
:103920001BB208BF876BCDE9062361462846B8471E
:103930002868A9EB0404076ACDF800A021B2134C53
:10394000A74208BF876BDDE9062328463446B847FF
:10395000A34505DA039B002B8BDA9AB2264692E741
:103960002B68094ADB6A934209D10BB0BDE8F08F9E
:103970002846C047C1E7B047D5F800C051E7284600
:103980000BB0BDE8F04F1847213203003532030079
:103990002DE9F04F8DB0D0F800C0BDF95890BDF8BA
:1039A0006060029699454E46A8BF1E46BDF95CE090
:1039B000DCF8145006EBD676761076459A463346F8
:1039C000A8BF73460693B14B9D4204460F469046EE
:1039D00040F04881BDF81860DCF81CB0AC4A7100BA
:1039E000BFB21FFA8AF389B2BD19A3EB010A039390
:1039F0009345ABB204910FFA8AFA08932DB240F0C6
:103A00002681DCF840B0A34B9B4540F02081DCF8D8
:103A100014309E4A934240F03381AA44554520DA3F
:103A200005960AE0029E00960135DCF838B02DB20A
:103A3000D847554512DAD4F800C0974BDCF820B0CF
:103A40009B4542464B4629462046EBD0029B0093BD
:103A500001354B462DB2D8475545ECDB059ED4F8D1
:103A600000C0DCF82C30894A934240F00481039B6B
:103A7000049A013F3B441F46BF1BC6EBC633B0440C
:103A8000A9EB0209BAB2069F0A921FFA88F15B00FD
:103A9000C6F1010603911BB21FFA89F135B2002F5E
:103AA0000491079305955DDD0993531C4FF0000BBE
:103AB0000B93A24650E0099B023315FA83F57E1E54
:103AC0001BB2ADB2099336B21FFA8BF84FEA480920
:103AD0001FFA89F908F1010309F103021BB2154429
:103AE000B3422DB217DC0499039ADCF820406A48EF
:103AF000B3B2D21A01EB43030B99844202980090AF
:103B0000414408BFDCF8384012B21BB209B250463B
:103B1000A047DAF800C0B74217D00A9BDCF8204073
:103B20005D48D919039BA3EB0802049B84424B44D4
:103B30000298009009B212B21BB240F08380DCF808
:103B400038705046B847DAF800C00BF1010B0FFA95
:103B50008BF39E420EDD3746002DACDAADB23E4609
:103B6000B2E75C46DCF82C30484A93427ED10DB077
:103B7000BDE8F08F089B069D544603F1FF3BCDF84E
:103B800018B0DFF814A14FF00009A3464EE01A4622
:103B9000079B023312FA83F26E1E1BB292B2079396
:103BA00036B21FFA89F74FEA47081FFA88F808F17A
:103BB00003017B1C0A441BB212B29E42059217DB22
:103BC0000499039ADCF8204002980090B3B2D21A0C
:103BD00001EB430306995445A1EB070108BFDCF84C
:103BE000384012B21BB209B25846A047DBF800C0F9
:103BF000AE4215D0089BDCF8204002980090591B7B
:103C0000039BDA1B049B5445434409B212B21BB216
:103C100012D1DCF838705846B847DBF800C035469A
:103C200009F101090FFA89F3AB429ADA059B002BDF
:103C3000ADDA9AB22E46B4E75846A0473546DBF8CF
:103C400000C0EDE75046A047DAF800C07DE7029BD0
:103C50002946CDE90093424653462046D847D4F83A
:103C600000C004E7A847D4F800C0B3E620460DB072
:103C7000BDE8F04F184720469847D4F800C0F6E654
:103C800020469847D4F800C0C7E600BF21320300A1
:103C900045350300D9330300353203002DE9F04FD9
:103CA0008FB01F46BDF960400894089BBDF968506D
:103CB000BDF86C6005959A420396BDF964400D927B
:103CC00006460D4678DD059B9A4200F38180D6F8C2
:103CD00000C0924ADCF81430934240F08E80089B7A
:103CE000059A934200F09280DDF83490A8B2904695
:103CF000BFB2BDF8202009901FFA89F11FFA88F39E
:103D0000A4B2A0EB070EA3EB010BE51B241A881A43
:103D10009A1A0FFA8EF30A9323B2069303B2C1459F
:103D20000B9313B218BF01F1FF31089C04930FFAF3
:103D30008BF30C934B4614BF0BB24B469C420FFACD
:103D400085FA079300F38480754B02934FF00008C7
:103D5000C1460BE0039D0095DCF83C50A847079B4B
:103D6000D6F800C0013424B2A34271DB0B9B99FB4F
:103D7000F3F5049B98FBF3F33D443B440A9A29B2C4
:103D80000FFA83FE71459144ADB2D0449BB22246F6
:103D9000304603DD9B4671462B465D4601335B1B77
:103DA000DCF824B0029DAB451BB2D3D0039A00923D
:103DB00030462246D847D2E705998B421A4640F34F
:103DC000978011462B460D9A08923D460D911F464D
:103DD000089A05998A4240F39980D6F800C0089164
:103DE0003B460D990D9227464C4A05912C461D469F
:103DF000DCF8143093423FF472AF30469847089B8A
:103E0000059AD6F800C093427FF46EAFAF4202DD50
:103E10003B462F461D46A74271DD691C404ADCF82F
:103E200024509542039A0092A1EB040308BFDCF8EA
:103E30003C50089A1BB221463046A8473368374A9F
:103E4000DB6A934251D030460FB0BDE8F04F1847BF
:103E50000D9BE51A089BA4EB0308069B03FB05F5E5
:103E6000059BA3420AFB08F83ADB2D4B0293079708
:103E70000BE0039F0097DCF83C90C847059BD6F801
:103E800000C0013424B2A3422ADB099A0C9B95FBA3
:103E9000F3FE9644079A049B98FBF3F313440FFA3E
:103EA0008EF1069A0FFA83F9494515441FFA8EFEE2
:103EB000D0449BB22246304603DD9B4649467346BA
:103EC000DE46DCF82490029F0133A3EB0E03B945D4
:103ED0001BB2CED0039A009230462246C847CDE7A7
:103EE000DCF82C300D4A9342ADD10FB0BDE8F08F15
:103EF0000D9908913B460D922F461D46E7E6A542D7
:103F00002946B8BF21460DB23C4686E70D9A059971
:103F10000D912B46059225461C46D8E6213203001A
:103F2000493203002DE9F04F97B08346BDF8804039
:103F30000C94BDF884400394006A9DF88840049472
:103F40009DF88C40069409919046002800F0F58079
:103F5000027AD0E900019B1ADBB201EBC30231F80F
:103F60003330059393780393D378119392F9053006
:103F70001593049B92F906400790012B40F2D580DF
:103F8000BDF954300D9323B21293AC4BDBF800C053
:103F900008931A46DCF81430934240F0A481119B38
:103FA000002B00F0B4801FFA88F3002213932344FF
:103FB0000F92149392460E92039B002B00F09F8069
:103FC0000E9B129A06991398DDF83C909A1802FB02
:103FD00001021499CB181BB20FFA82F810934B46CA
:103FE0000025C146984608E0039B0135EDB24FEA33
:103FF0004A0AAB425FFA8AFA7CD943465A1C5B07ED
:104000005FFA82F806D1059A0799531C9BB211F802
:1040100002A005931AF0800FE6D0049B012B49D033
:104020000D9BDCF81C60864A0998BDF918705C1974
:10403000049B964204FB030424B21BB250D1DCF86B
:104040004060804A96424BD1DCF81430089A934283
:1040500066D1049B2344A34222DDCDE90A85DDF825
:1040600030801D4608E00134DCF8386024B2B047E7
:10407000A54211DDDBF800C0DCF82060724BCDF802
:1040800000809E424A463B4621465846EBD00134CA
:1040900024B2B047A542EDDCDDE90A85DBF800C0BB
:1040A000DCF82C30089A93429ED058469847DBF8AB
:1040B00000C099E7069B012BB2D1159B099ADCF849
:1040C00018409918614B109A9C42294408BFDCF8AB
:1040D00010400C9B09B25846A047DBF800C083E7AC
:1040E0000C9A2146CDE9007258464A46B047DBF8A3
:1040F00000C079E71A460F9B1344DBB20F930E9B67
:10410000119A0133DBB29A420E933FF655AFDCF8B9
:104110002C30089A934240F0CB8017B0BDE8F08F66
:1041200058469847DBF800C093E7069B012B3FF603
:1041300027AF002312930D9327E7BBF90C208A4287
:10414000EBDDBBF90E204245E7DD0498062212FBA9
:104150000012002AE1DD08EBC402002ADDDD9BF835
:104160001C20002A00F0C480344ADBF800000892CA
:10417000114642698A4240F0C080BDF8244034496B
:10418000CDF81C8003EB8303CB18621D0D93CDE9A2
:104190000A4493B20E93DDF83080BDF81030069FCC
:1041A0000F931094034658460D9ABDF928B012F8A3
:1041B000016B0D923AB2BDF910A0099208240025B6
:1041C0001AE0049A012A22D0CDF80480099A0092BC
:1041D000079AD3F81C90059005FB0722534612B2AC
:1041E0005946C84705980368013C013514F0FF049F
:1041F0006DB24FEA56062DD0F207E2D4039A9045ED
:10420000F2D0049A012A58D0039A0192DEE7012FD6
:10421000DAD1079AD3F818900590AA180FFA82FC01
:104220000A4ABDF92C10914508BFD3F81090624698
:104230004346C84705980368D6E700BF213203000C
:1042400045350300D933030035320300253203001E
:10425000D45204000B9A0F9C013291B20A9A0B912E
:10426000224492B20A920E9A8A429DD1039ADDF8B4
:104270001C80834618460C9B934214D0049B012B50
:1042800042D0069A0F9B1099D200009203EB830351
:10429000039A01921944C469049B584609B24246E4
:1042A000A047DBF80000C36A089A93423FF435AF99
:1042B000584617B0BDE8F04F1847012FA4D1079A10
:1042C000D3F818900590AA180FFA82FC174ABDF986
:1042D0002C10914508BFD3F81090039B6246C84745
:1042E0000598036880E758469847DBF800C056E613
:1042F000AF2B84BF0133DBB236E7059358469047B6
:10430000DBF80000059B38E7069B012BB9D1046A56
:10431000074B00929C4208BF846BBDF93810584689
:1043200042460823A047DBF80000BCE72532030023
:10433000353203002DE9F041036A84B08046002B3A
:104340003ED00A2930D00D2936D01A7A914233D383
:104350009C7A8C4230D35C688A1AD2B204EBC204D5
:10436000A278BAB1E578ADB1C57E002D6ED1077ED9
:10437000437EB0F91050B0F91220B8F8160003933C
:10438000B8F814600297CDE900600B464046294614
:10439000FFF7C8FD2179B8F8102098F8183001FB14
:1043A0000323A8F8103007E0002202821B7B428A18
:1043B000417E01FB03234382012004B0BDE8F0816C
:1043C0000A2924D00D29F7D0C27EB0F9104042BB93
:1043D000B0F91220057E467EB8F816700396B8F83C
:1043E000146002950B464046CDE900672146FFF771
:1043F00099FD98F81830B8F8102003EB430302EB4E
:1044000043030120A8F8103004B0BDE8F081428ACF
:10441000417E038202EBC1034382012004B0BDE868
:10442000F081057EB0F90C60062212FB0542B24213
:1044300008DD428A467E038202EBC60212B21C46A7
:104440004282C9E7B0F91220467EC5E794F90560BB
:10445000B0F91050077EB0F90CC0324407FB02528D
:10446000624503DC437EB0F9122086E70025058211
:104470001A7B468A437E02FB036212B242827CE7C9
:10448000036A39B10BB101627047438A0162063396
:1044900043827047002BF6D0438A0162063B438279
:1044A000704700BF10B590F8343004464BB194F912
:1044B0003600002800DA10BDBDE8104000210BF0E6
:1044C0007DBFD0E90A12406AFEF79CFDEFE700BF0E
:1044D00010B5044690F93600002802DB01210BF0EC
:1044E0006DFF94F8343003B110BD606ABDE8104030
:1044F000FEF7EABDF8B509B2044612B21D469DF9B1
:1045000018609DF91C70FFF763F900220849094BF8
:1045100084F8357084F8365084F8376084F8342095
:10452000A28721606362A26322642046F8BD00BFB7
:104530003458040088B50020F8B5434D044690F97E
:104540003600002918BF0D460028164607DB01215A
:104550000BF0B0FE94F9360001210BF02FFF94F917
:10456000370001210BF0A6FE94F9370001210BF072
:1045700025FF94F834707FB9344B606AA56201223C
:10458000984284F82C60266384F82D2059D094F941
:10459000350000281CDAF8BD012F36D094F925002B
:1045A00001210BF087FE94F9250001210BF006FF95
:1045B00094F926000028EADB01210BF07BFE94F938
:1045C000260001210BF0FAFE94F935000028E2DB09
:1045D00001210BF06FFE94F9350001210BF0EEFE86
:1045E000642008F0E1FB94F9350000210BF0E6FEB1
:1045F000642008F0D9FB94F9350001210BF0DEFEB0
:10460000BDE8F840C82008F0CFBB94F92400394633
:104610000BF050FE94F9240000210BF0CFFE94F92A
:10462000260039460BF046FE94F9260000210BF0D7
:10463000C5FE94F925000028A9DB00210BF03AFE05
:10464000A5E7FEF79BFCA2E70024F40088B5002054
:10465000002A53D02DE9F843B0F90C40640094428D
:1046600028BF14464FEA4408074640468946154687
:1046700008F0B6FB0646002841D099FA99F083B2BB
:10468000CCB3621E022A37D9002163F30F016208FE
:1046900063F31F4106EB8202334643F8041B9A4240
:1046A000FBD1E10724F001030BD55A1CA24226F8E6
:1046B000130006D20233A34226F8120001D226F8D4
:1046C0001300AC4243464FF00002314609D2786AEB
:1046D0002D1BFEF7FFFCAC4243464FF00002314673
:1046E000F5D3786A6B000022FEF7F4FC3046BDE893
:1046F000F84308F08FBBFEE70023D6E7704797F832
:1047000034304FEA19285FFA89F46BB9013D41460C
:10471000786AFEF755FD013D786A2146FEF750FDA7
:104720006A1CF4D1BDE8F883012B10D0A045F9D064
:10473000013D97F9250000210BF040FE013D97F95E
:10474000250001210BF03AFE6B1CF2D1EAE7013D96
:104750004C4614F4004F4FF0000197F9240018BFA5
:1047600001210BF02BFE013697F9260001210BF0F9
:1047700025FEB6B297F9260000210BF01FFE64005B
:10478000102EA4B2E5D100266B1E002DCAD01D4606
:104790004C46DEE72DE9F04F87B0BDF94060BDF82B
:1047A0004470002B00F08A80002E00F08780002BE0
:1047B00005461C46C0F28580B5F90C308B427DDD84
:1047C000002E05DAB6B201323244764212B236B267
:1047D000B5F90E000390904270DD1FFA81F81FFAC0
:1047E00084FA08EB0A0E1FFA8EFE0EF1FF3C0FFA58
:1047F0008CFCBCF1000F61DBB0B21FFA82F909EB4F
:10480000000B04901FFA8BF000F1FF3B0FFA8BFBBB
:10481000BBF1000F059051DB002904DA0FFA8EF48A
:10482000F2464FF00008002A04DA059A049216B204
:104830004FF00009634504DCA3EB08031FFA83FA79
:104840001CB2039B5B4504DCA3EB090083B2049319
:1048500006B22B68274A5B69934248D195F83430F9
:10486000002B39D095F93600002802DB00210BF02F
:10487000A5FD2868049B009341465346D0F8548018
:104880004A462846C04704FB06F239462846FFF749
:10489000DFFE2B68184ADB6A934223D195F9360074
:1048A000002802DB01210BF089FD95F834302BB98B
:1048B000686A07B0BDE8F04FFEF706BC07B0BDE878
:1048C000F08F9CB201312144B5F90C3009B2644239
:1048D0008B4224B2F2DD73E7D5E90A12686AFEF76B
:1048E00091FBBFE7284607B0BDE8F04F18472846C0
:1048F0009847BEE7A5440300D1440300F0B585B056
:10490000002ABDF828503ADB1C46B0F90E3093421D
:1049100035DD002C33D005DAA3B2013119445B42F6
:1049200009B21CB2B0F90C608E4228DD1FFA81FE7C
:10493000A3B20EEB030C1FFA8CFC0CF1FF373FB255
:10494000002F1CDB002904DA0FFA8CF463464FF0C9
:10495000000EBE4203DCA6EB0E04A3B224B206682E
:10496000039001210091766D714692B2B047039891
:104970002246294605B0BDE8F040FFF769BE05B004
:10498000F0BD00BF2DE9F04782B0141EBDF82870BD
:104990005EDB1E46B0F90E30A342054658DD002E00
:1049A00056D005DAB3B2013119445B4209B21EB2E6
:1049B000B5F90C208A424BDD1FFA81F81FFA86F9FF
:1049C00008EB090080B2431E1BB2002B40DB00291C
:1049D00003DA06B281464FF000089A4204DCA2EBEB
:1049E00008061FFA86F936B22B68224A5B699342A1
:1049F0003CD195F8343073B395F93600002802DBCA
:104A000000210BF0DBFC28684FF0010ACDF800A074
:104A10004B46A2B24146446D2846A047324639462D
:104A20002846FFF715FE2B68134ADB6A934218D11C
:104A300095F93600002802DB51460BF0BFFC95F8D3
:104A400034302BB9686A02B0BDE8F047FEF73CBBD2
:104A500002B0BDE8F087D5E90A12686AFEF7D2FA1B
:104A6000CAE7284602B0BDE8F047184728469847ED
:104A7000C9E700BFA5440300D1440300F0B585B0E9
:104A80000029BDF828503ADB1C46B0F90C308B42A7
:104A900035DD002C33D005DAA3B201321A445B4273
:104AA00012B21CB2B0F90E30934228DD1FFA82FC1C
:104AB0001FFA84FE0CEB0E07BFB27E1E36B2002E2C
:104AC0001DDB002A03DA3CB2BE464FF0000CB342B5
:104AD00004DCA3EB0C031FFA83FE1CB20368CDF8C1
:104AE00000E05E6D0390624689B20123B0470398EF
:104AF0002246294605B0BDE8F040FFF7A9BD05B044
:104B0000F0BD00BF2DE9F04383B00C1EBDF8287046
:104B10005CDB1E46B0F90C30A342054656DD002E84
:104B200054D005DAB3B201321A445B4212B21EB25B
:104B3000B5F90E30934249DD1FFA82F81FFA86F963
:104B400008EB090080B2411E09B200293EDB002AB1
:104B500003DA06B281464FF000088B4204DCA3EB77
:104B600008031FFA83F91EB22B68214A5B6993423E
:104B70003AD195F8343063B395F93600002802DB5A
:104B800000210BF01BFC2B68CDF80090A1B242462F
:104B90005C6D28460123A047324639462846FFF778
:104BA00057FD2B68134ADB6A934218D195F93600FA
:104BB000002802DB01210BF001FC95F834302BB901
:104BC000686A03B0BDE8F043FEF77EBA03B0BDE803
:104BD000F083D5E90A12686AFEF714FACCE7284692
:104BE00003B0BDE8F043184728469847CBE700BF1D
:104BF000A5440300D14403002DE9F04F87B0BDF96F
:104C00004050BDF84460002B62D0002D60D0002BD6
:104C10001C4660DBB0F90C708F4259DD002D05DABF
:104C2000ADB201322A446D4212B22DB2B0F90EC0BB
:104C300094454DDDA3B21FFA81FA0AEB03081FFA6F
:104C400088F808F1FF3E0FFA8EFEBEF1000F0393C5
:104C50003EDBABB21FFA82FB0BEB030904931FFA96
:104C600089F303F1FF390FFA89F9B9F1000F0593C0
:104C70002EDB002905DA0FFA88F4CDF80C804FF00E
:104C8000000A002A04DA059B04931DB24FF0000BC2
:104C9000774504DCA7EB0A04A3B2039324B2CC4506
:104CA00004DCACEB0B05ABB204932DB20768049B9C
:104CB00000935A46039B7F6D03905146B847039873
:104CC00004FB05F2314607B0BDE8F04FFFF7C0BC6A
:104CD00007B0BDE8F08F9CB201312144B0F90C70EF
:104CE00009B264428F4224B2F2DD97E770B590F8C2
:104CF000343006464BB3012B1BD10C460825230646
:104D00004FF0000196F9240048BF01210BF056FB3B
:104D100096F9260001210BF051FB013D96F9260082
:104D200000210BF04BFB640015F0FF05E4B2E6D167
:104D300070BD90F9250000210BF040FB96F925008D
:104D40000121BDE870400BF039BBBDE87040406AFE
:104D5000FEF736BA0368254A5B69934270B504468C
:104D60000D4641D190F83430A3B394F936000028B1
:104D70002CDAE5B194F83C5094F9370000210BF09F
:104D80001DFB29462046FFF7B1FF94F937000121AA
:104D90000BF014FB2368164ADB6A934220D194F986
:104DA0003600002806DA94F8343053B170BD94F818
:104DB0003D50E1E701210BF001FB94F83430002B6A
:104DC000F4D1606ABDE87040FEF77EB900210BF0B7
:104DD000F5FACEE7D0E90A12406AFEF713F9C4E704
:104DE0002046BDE8704018479847C2E7A544030035
:104DF000D144030038B504460D4690F93700002130
:104E00000BF0DCFA29462046FFF770FF94F93700D3
:104E10000121BDE838400BF0D1BA00BF70B590F861
:104E2000343006460C4643B3012B1AD11025230417
:104E30004FF0000196F9240048BF01210BF0BEFAA3
:104E400096F9260001210BF0B9FA013D96F92600EA
:104E500000210BF0B3FA640015F0FF05A4B2E6D10F
:104E600070BD90F9250000210BF0A8FA96F92500F5
:104E70000121BDE870400BF0A1BA090A406AFEF7B3
:104E80009FF9706AE1B2BDE87040FEF799B900BFC2
:104E900000291DDB70B51D46B0F90C308B4282B085
:104EA000044613DD002A11DBB0F90E3093420DDD0C
:104EB000066801230093766D92B289B2B047294605
:104EC000204602B0BDE87040FFF7A8BF02B070BD39
:104ED000704700BF2DE9F0410C1E82B033DB1E4647
:104EE000B0F90C30A34205462DDD002A17462ADB17
:104EF000B0F90E30934226DD0368224A5B69934283
:104F00003DD190F834304BB395F93600002821DAC2
:104F10002B684FF00108CDF80080BAB2A1B2284644
:104F20005C6D4346A04731462846FFF777FF2B6864
:104F3000154ADB6A93421DD195F93600002805DA3F
:104F400095F8343083B102B0BDE8F08141460BF0F2
:104F500035FAF5E700210BF031FAD9E7D0E90A126A
:104F6000406AFEF74FF8CFE7686A02B0BDE8F0414B
:104F7000FEF7AAB8284602B0BDE8F04118479847A6
:104F8000C6E700BFA5440300D14403002DE9F84360
:104F9000064690F834000C4690469946002868D0A2
:104FA00096F93600002802DB00210BF007FA96F98B
:104FB000370000210BF002FA21463046FFF796FE3B
:104FC00096F9370001210BF0F9F9B9F1000F44D03F
:104FD000002711E096F82730BBBB96F92500002189
:104FE0000BF0ECF996F9250001210BF0E7F90137F8
:104FF0004F4508F1010830D096F83430022BE9D043
:1050000098F8005023B9706A2946FEF7D9F8EEE700
:10501000012BE2D108242B064FF0000196F9240061
:1050200048BF01210BF0CAF996F9260001210BF0C7
:10503000C5F9013C96F9260000210BF0BFF96D007F
:1050400014F0FF04EDB2E6D1D1E738F8021B304688
:105050000137FFF7E3FE4F45CED196F93600002821
:1050600002DB01210BF0AAF996F834303BB1BDE820
:10507000F883D6E90A12706AFDF7C4FF90E7706AF8
:10508000BDE8F843FEF720B82DE9F843064690F84E
:1050900034000C461746994600286BD096F9360026
:1050A000002802DB00210BF089F996F93700002176
:1050B0000BF084F921463046FFF718FE96F93700C9
:1050C00001210BF07BF9B9F1000F24D04FF000085B
:1050D00012E096F82730002B46D1013796F92500CB
:1050E00000210BF06BF996F9250001210BF066F910
:1050F00008F10108C8450ED096F83430022BE8D0EC
:1051000017F8015B9BB9706A294608F10108FEF7A0
:1051100057F8C845F0D196F93600002802DB012186
:105120000BF04CF996F8343053B3BDE8F883012BFB
:10513000D4D108242B064FF0000196F9240048BF73
:1051400001210BF03BF996F9260001210BF036F90D
:10515000013C96F9260000210BF030F96D0014F0A7
:10516000FF04EDB2E6D1C3E737F8021B3046FFF784
:1051700055FEBDE7D6E90A12706AFDF743FF8DE7D9
:10518000706ABDE8F843FDF79FBF00BF70B590F8A7
:10519000343005460E463BB3012B19D120240021A3
:1051A0008E42B8BF012195F924000BF007F995F95B
:1051B000260001210BF002F9013C95F9260000219F
:1051C0000BF0FCF814F0FF044FEA4606E7D170BD7F
:1051D00090F9250000210BF0F1F895F92500012147
:1051E000BDE870400BF0EAB8090E406AFDF7E8FF31
:1051F000C6F30741686AFDF7E3FFC6F30721686A53
:10520000FDF7DEFF686AF1B2BDE87040FDF7D8BF78
:1052100070B49DF81850426000269DF8142001607B
:105220000373BDF80C109DF8103086614574C18180
:1052300070BC827403747047F0B5C58985B00446AC
:105240000068ADF80C5040B1637C019303AB009350
:10525000012300F063FA05B0F0BD60680B46174605
:10526000E8B194F80CC0BCF1030FEEB22AD0BCF147
:10527000000F0FD0BCF1020F1AD166F07F068DF837
:105280000C60627C009219463A4603AB00F044FB86
:1052900005B0F0BD06F07F068DF80C60F1E7A06860
:1052A0000028D8D00092627C03A900F007FAD2E768
:1052B000BCF1010FE5D106F07F0646F040068DF8FF
:1052C0000C60DEE7637C8DF80D6001332D0A0093DE
:1052D00025F0010503AB8DF80C5000F01DFBBAE77B
:1052E000F0B5C289044685B000F113030068217C43
:1052F000ADF80C20002832D00022CDE9001203A91D
:10530000627C00F06FFA00283FD0237C002B45D050
:10531000A27C8AB1012BE07C0CD0227D022B42EAD8
:10532000002007D0627D032B42EA002002D0A37D3B
:1053300043EA002005B0F0BD1C44012BA07CF9D04D
:10534000627C022B42EA0020F4D0227C032B42EA4A
:105350000020EFD0E37B43EA002005B0F0BD606899
:10536000F8B1257B032DD6B22BD095B1022D21D1DA
:1053700006F07F068DF80C60FF22CDE9001203A92C
:10538000627C00F077FC0028BFD14FF0FF3005B001
:10539000F0BD66F07F068DF80C60EDE7184605B0AD
:1053A000F0BDA0680028F0D00091627C03A900F055
:1053B00075F9A8E7012D04BF66F03F068DF80C6073
:1053C000DAE7677C0091120AFF2142F001050191A2
:1053D0007A1C03A98DF80C508DF80D6000F04AFC82
:1053E00091E700BF70B5C58984B004460068ADF888
:1053F0000C500B4640B100210092627C019103A940
:1054000000F0F0F904B070BD6068C0B1217B0329E1
:10541000EEB224D071B102291AD106F07F068DF8C0
:105420000C600092FF21627C019103A900F022FC34
:1054300004B070BD66F07F068DF80C60F1E7A068DF
:105440000028DFD00092627C03A900F027F9D9E799
:10545000012904BF66F03F068DF80C60E1E7647C2B
:105460000092FF212D0A45F001050191621C03A95C
:105470008DF80C508DF80D6000F0FCFBC2E700BF0A
:1054800010B45DF8044B016002714371704700BFB6
:10549000F0B5046885B0E389ADF80C3005462068A6
:1054A000267CDFB2190A04F11303002838D000214A
:1054B000627C0191009603A900F094F9002844D081
:1054C000227C002A49D0A37CC3B1012AE37C0CD002
:1054D000217D022A41EA032307D0617D032A41EAA4
:1054E000032302D0A27D42EA032329796A790120AD
:1054F0008840D3400138184005B0F0BD1444012A5B
:10550000A37CF2D0617C022A41EA0323EDD0217C06
:10551000032A41EA0323E8D0E27B42EA0323E4E7DB
:105520006068E0B1227B032A29D08AB1022A1FD108
:1055300007F07F078DF80C70FF21627C01910096C7
:1055400003A900F097FB0028BAD14FF0FF33CCE756
:1055500067F07F078DF80C70EEE71346C5E7A0688B
:105560000028F2D0627C009603A900F097F8A5E726
:10557000012A04BF67F03F078DF80C70DCE7627CFE
:1055800000964FF0FF0C41F001060132CDF804C047
:1055900003A98DF80C608DF80D7000F06BFB8DE7A2
:1055A000F8B5056806460C462A7C05F11301284625
:1055B000FFF718FF00286CD02B7C002B6CD0AA7C46
:1055C000002A3AD0012BEF7C0CD02A7D022B42EA34
:1055D000072707D06A7D032B42EA072702D0AB7D5D
:1055E00043EA07273068027C042A3BD83179757971
:1055F00001238B40013B03EA0401AB40A94027EAA9
:1056000003031943816192B1837C6BB38318012A30
:105610004FEA112499740AD0022A5C744FEA1144AB
:1056200005D0032A1C744FEA116100D0C174BDE893
:10563000F84000F11301FFF7FFBD1D44012BAF7CC3
:10564000D0D06A7C022B42EA0727CBD02A7C032BDE
:1056500042EA0727C6D03068EB7B027C042A43EA83
:105660000727C3D90020F8BD012AC1744FEA1123CE
:10567000DDD0022A03754FEA1143D8D0090E032A60
:1056800018BF81754375BDE8F84000F11301FFF7BD
:10569000D3BD4FF0FF37A5E71F46A3E730B4047C26
:1056A000BDF8085034B1846824B10295A44640691D
:1056B00030BC6047002030BC704700BF30B4047C71
:1056C000BDF8085034B1C46824B10295A4464069BD
:1056D00030BC6047002030BC704700BF30B40025AC
:1056E00020240572C460017030BC4260704700BF66
:1056F00038B5044640680D4600F014FD01202072C4
:1057000005B938BD2178606800F01AFE606800F0C5
:105710007FFEB0FA80F0400938BD00BF2DE9F041AE
:10572000079F0446C06815463A44824202D90020C9
:10573000BDE8F0810E4660682178984600F000FED2
:105740004FB1069B3BB16068194603683A465B68F7
:105750009847B842EBD16068036831465B682A46D7
:1057600098478542E3D16068414600F0F3FDB0FA06
:1057700080F04009BDE8F08192B32DE9F84F07466B
:1057800089469A4690460026FB6839787868A8EBE7
:1057900006049C4228BF1C46A8EB0403B34294BFF6
:1057A00053460023E2B200F037FD844215D174B1B4
:1057B0004FF0000B5D46786803685B6998470135D8
:1057C00009EB0B03ADB2AC429855AB46F3D8264477
:1057D000B045D9D80120BDE8F88F0020BDE8F88F8A
:1057E000012070472DE9F0470446C068DDF82080AD
:1057F0009DF82470824202D90020BDE8F0876068DD
:105800000E4621781546994600F09AFD60680368B7
:1058100031465B682A4698478542EDD16068394633
:1058200000F098FD0028E7D10746B8F1000F25D019
:10583000E36821786068A8EB07059D4228BF1D46F4
:10584000A8EB0503BB428CBF00230123EAB200F0A2
:10585000E3FC8542D0D175B14FF0000A564660682E
:1058600003685B699847013609EB0A03B6B2B54293
:10587000D855B246F3D82F44B845D9D80120BDE851
:10588000F08700BF10B50446406808B109F090FDEC
:10589000204610BD38B5044690F90E00411C07D0D3
:1058A00001210AF007FD94F90E0001210AF086FD9E
:1058B000256835B12846FDF761FB012084F83400E6
:1058C00038BD012194F90F000AF0F4FC637B94F9D0
:1058D0000F00012B94BF294601210AF06FFD94F9B6
:1058E0001000421C0AD194F91100431CE5D000219C
:1058F0000AF0E0FC012084F8340038BD01210AF0F0
:10590000D9FC94F9100001210AF058FD94F9110016
:10591000431CD2D0EBE700BF2DE9F04F044687B01F
:105920000068109DCDE90221994620B1636893E893
:105930000600FDF767FB94F90E00461C40F09581C8
:10594000002D5CD009EB050B9B4F0BF1FF3301934E
:1059500009F1FF3947F00107206819F8018F8DF828
:105960001780002840F07581237B944EA268B6FB17
:10597000F2F6002B0CBF0125802518EA050FF6B2C0
:105980000CBF4FF0010A4FF0000A4FEA861B0EB120
:105990005846B847637B13F0FD0F00F01181032BCD
:1059A00000F0EA80A269E36A11680B43136016B144
:1059B0005846B847A26994F91030013309D060699C
:1059C000636A016818EA050F14BF0B4321EA030359
:1059D00003601168E36A21EA0303136094F911304C
:1059E00001331CBFE3691B68237B002B40F013814C
:1059F0006D0015F0FF05CAD1019B9945ACD1029B02
:105A0000002B58D01A469246039A6B4B92440AF1E7
:105A1000FF31019102F1FF3B43F0010820681BF8C0
:105A2000017F8DF81770002840F01981237B634EA9
:105A3000A268B6FBF2F6002B0CBF012580252F4291
:105A4000F6B20CBF4FF001094FF000094FEA861A79
:105A50000EB15046C047637B13F0FD0F62D0032B9D
:105A600040D0A269E36A11680B43136016B1504637
:105A7000C047A26994F91030013308D06069636AA5
:105A800001682F4214BF0B4321EA0303036011682E
:105A9000E36A21EA0303136094F9113001331CBF58
:105AA000E3691B68237BABB96D0015F0FF05CFD10F
:105AB000019B9B45B2D194F90E00451C02D00121F7
:105AC0000AF07CFC206808B1FDF7FEFA012007B05F
:105AD000BDE8F08F6B10DDB2002BB9D1019B9B4567
:105AE0009CD1E8E794F91030013308D06169636A0A
:105AF0000A682F4214BF134322EA03030B60A26912
:105B0000E36A116821EA03031360002E00F0978016
:105B10005046C047A169E36A0A6813430B605046C8
:105B2000C047B9E794F910305A1C10D017EA0500A5
:105B300014BF012300234B4509D06169636A0A68D9
:105B4000002800F0818013430B604FF00109A26927
:105B5000E36A11680B43136016B15046C047A2694F
:105B600094F9113001331CBFE3691B681168E36AC3
:105B700021EA0303136095E794F91030013309D04B
:105B80006169636A0A6818EA050F14BF134322EAC1
:105B900003030B60A269E36A116821EA030313603F
:105BA000002E47D05846B847A169E36A0A681343F4
:105BB0000B605846B84711E79058040020A1070031
:105BC00094F91030591C0ED018EA050014BF0123B7
:105BD0000023534507D06169636A0A6828B31343F9
:105BE0000B604FF0010AA269E36A11680B4313606E
:105BF00016B15846B847A26994F9113001331CBF59
:105C0000E3691B681168E36A21EA03031360237BDD
:105C1000002B3FF4EDAE6B10DDB2002B7FF4B7AE7E
:105C2000019B99457FF498AEE9E622EA0303824698
:105C30000B60D8E71168E36A0B431360CEE6116886
:105C4000E36A0B43136027E722EA030381460B60F4
:105C50007DE701220DF11701FDF77EFACCE6012266
:105C60000DF11701FDF778FA22E700210AF0A6FBF3
:105C700066E600BF2DE9F04F824687B000689DF8C8
:105C800044B002938846144628B1DAF8043093E809
:105C90000600FDF7B7F99AF90E00451C40F0E381C4
:105CA000002C6BD008EB040909F1FF33A64E0193D9
:105CB00008F1FF3346F001069946CDF80CB0DAF84A
:105CC000000019F8017F8DF81770002840F0BD81A1
:105CD0009AF80C309D4DDAF80820B5FBF2F5002B50
:105CE0000CBF012480242742EDB20CBF4FF0010805
:105CF0004FF000084FEA851B0DB15846B0479AF89F
:105D00000D3013F0FD0F00F04881032B00F02081CF
:105D1000DAF81820DAF82C3011680B4313601DB143
:105D20005846B047DAF818209AF9103001330AD0F3
:105D3000DAF81400DAF824300168274214BF0B4364
:105D400021EA030303601168DAF82C3021EA030327
:105D500013609AF9113001331CBFDAF81C301B684C
:105D60009AF80C30002B40F04B81640014F0FF04D3
:105D7000C2D1019B4B45A2D1DDF80CB0109B002B8A
:105D800070D00299704ACB18013B02934B1E0193CD
:105D900042F00108DAF800008DF817B0002840F052
:105DA0005A819AF80C20694EDAF80830B6FBF3F6FF
:105DB000002A0CBF012480241BEA040FF6B205461A
:105DC0000CBF4FF001094FF00009B7010EB1384682
:105DD000C0479AF80D3013F0FD0F7FD0032B56D03B
:105DE000DAF81820DAF82C3011680B4313601EB172
:105DF0003846C047DAF818209AF9103001330BD032
:105E0000DAF81410DAF8243008681BEA040F14BF1B
:105E1000034320EA03030B601168DAF82C3021EA0F
:105E2000030313609AF91130013307D0DAF81C200C
:105E3000DAF8283012681A4218BF25439AF80C3055
:105E400003BB640014F0FF04C0D19AF91130013390
:105E500008BF9DF81750019B029A03F8015F934217
:105E6000019397D19AF90E00441C02D001210AF047
:105E7000A5FADAF8000008B1FDF726F9012007B00D
:105E8000BDE8F08F6310DCB2002B9FD1DDE79AF9FB
:105E9000103001330BD0DAF81410DAF824300A6825
:105EA0001BEA040F14BF134322EA03030B60DAF862
:105EB0001820DAF82C30116821EA03031360002E51
:105EC00000F0B3803846C047DAF81810DAF82C3002
:105ED0000A6813430B603846C047A3E79AF91030AD
:105EE0005A1C12D01BEA040114BF012300234B45A6
:105EF0000BD0002900F09F80DAF81410DAF8243073
:105F00000A6813430B604FF00109DAF81810DAF849
:105F10002C300A6813430B601EB13846C047DAF8CC
:105F200018109AF91130013307D0DAF81C20DAF88A
:105F3000283012681A4218BF25430A68DAF82C3054
:105F400022EA03030B6079E79058040020A10700C0
:105F50009AF9103001330AD0DAF81410DAF8243044
:105F60000A68274214BF134322EA03030B60DAF8DE
:105F70001820DAF82C30116821EA03031360002D91
:105F80004DD05846B047DAF81810DAF82C300A68C5
:105F900013430B605846B047DBE69AF91030591CA2
:105FA00010D017EA040014BF01230023434509D091
:105FB000DAF81410DAF824300A6858B313430B6087
:105FC0004FF00108DAF81820DAF82C3011680B438A
:105FD00013601DB15846B047DAF818209AF911300D
:105FE00001331CBFDAF81C301B681168DAF82C305A
:105FF00021EA030313609AF80C30002B3FF4B5AE8E
:106000006310DCB2002B7FF477AE019B4B457FF42D
:1060100056AEB1E622EA030380460B60D2E7116870
:10602000DAF82C300B43136093E61168DAF82C3061
:106030000B431360F6E6DAF81420DAF8243010681F
:1060400020EA0303894613605FE701220DF117017F
:10605000FDF782F88DE601220DF11701FDF77CF8BE
:106060009DF81750F7E600210AF0A8F918E600BFDE
:10607000704700BF203006F015BC00BF38B5437F25
:106080000BB9002038BD00F1680420460D4606F02B
:1060900017FC0028F5D12046294606F0E3FB012035
:1060A00038BD00BF203006F0EFBB00BF203006F047
:1060B000FFBB00BF2DE9F04F83B0019272B34C1EBD
:1060C000174F0546C1F1010604EB020800F1680A0A
:1060D0002B681B68BB4206EB040B14F8019F17D119
:1060E0006B7F50461BB9584603B0BDE8F08F06F0F1
:1060F000E7FB034649465046002BF4D106F0B2FBBD
:106100004445E5D1DDF804B0584603B0BDE8F08F52
:106110004946284698470028F2D1E4E79346E2E74B
:106120007D60030030B4837E1F2B4FF0010288BFD7
:1061300003F01F03C27603F5E0738CBF244A4FF0CF
:10614000A04240F20C6142F82310437E02691F2BEB
:1061500086BF03F01F031E494FF0A04103F5E07313
:1061600040F20C6441F823404FF0CC710623C2F892
:106170002415C2F80035837EC2F8083590F918302E
:10618000417EC2F80C15002B1ADB124C5A0903F0A1
:106190001F05603201212344A940602544F82210E4
:1061A00083F8005390F91830002B07DB094903F0FE
:1061B0001F0001225B09824041F8232030BC704758
:1061C000054A03F00F031A4460231376EAE700BF81
:1061D0000003005000E100E0FCEC00E0C37E9BB156
:1061E0000B4A036991424FF00000C3F800050CD937
:1061F000084A914294BF4FF080614FF0C861062277
:10620000C3F82415C3F8002570474FF0CC71F6E7AA
:10621000A086010090D003002DE9F843154612B97D
:106220001046BDE8F883064600F1200948460F46AF
:10623000984606F025FB34690123C4F8887523626B
:10624000C4F83495C4F83855236002E0D4F824210A
:106250001AB9D4F84C21002AF8D00023C4F84C31E4
:1062600002E0D4F824211AB9D4F85C21002AF8D02D
:106270000023C4F85C31B8F1000F02D1D4F8243106
:10628000A3B101236361D4F80431002BFBD00023B8
:10629000C4F80431D4F8243113B10023C4F82431F4
:1062A000D4F83C053066C0B2BDE8F8830123E36151
:1062B000D4F84831002BFBD00023C4F84831E9E77B
:1062C000F8B514460AB91046F8BD054600F1200796
:1062D00038460E4606F0D4FA2B690122C3F88865C9
:1062E0001A62C3F83475C3F838451A6002E0D3F86F
:1062F00024211AB9D3F84C21002AF8D00022C3F87F
:106300004C2102E0D3F824211AB9D3F85C21002AE9
:10631000F8D000210122C3F85C115A61D3F804219E
:10632000002AFBD00022C3F80421D3F8241109B1BC
:10633000C3F82421D3F83C052866C0B2F8BD00BFDD
:1063400010B5044680F8B010683006F099FA0123C1
:10635000637710BDF8B503690446002290F8B000D9
:106360006277012704F16806C3F88805C3F80421A1
:1063700030461F62C3F844650D4606F093FA236960
:10638000C3F848059F6002E0D3F824211AB9D3F876
:106390005021002AF8D00022C3F85021304606F0E0
:1063A00081FA236920BB0022C3F8602115B9D3F814
:1063B000242112B301225A61D3F80421002AFBD010
:1063C0000022C3F80421D3F8240160B10022C3F8ED
:1063D0002421D3F8C404C3F8C404022803D0042839
:1063E0000CBF03200420F8BDD3F82421002ADAD101
:1063F000D3F86021002AF7D0D5E70122DA61D3F87B
:106400004821002AFBD00022C3F84821DBE700BF67
:106410000121FFF79FBF00BF70B52A4C6369D3F815
:106420006421002A3CD1D3F86821F2B9D3F80421C1
:1064300022B1227F0021C3F8041162B9D3F82421CC
:1064400042B10022C3F82421D3F8D024C3F8D024C9
:1064500001225A6170BDD4F8B820D3F83C052066FB
:10646000002AEBD090476369E8E70022C3F868216F
:1064700015484FF48073A38306F002FAD4F8B430C1
:1064800003B1984763691048C3F844050023637754
:1064900006F008FA63690122C3F848055A63C5E7A4
:1064A000002204F12006C3F8642101253046257737
:1064B00006F0E6F963694022C3F83465C3F838256D
:1064C0001D63B0E79CB5002004B6002038B50E4C23
:1064D0000E4A20464FF47A7340F8202B0025C4E979
:1064E000015306F0B3F904F1680006F0AFF9084A69
:1064F000084BD2E916120320C4E9043365772076ED
:106500006176A27638BD00BF9CB50020A05804007B
:1065100030B204000030004030B501F0030183B018
:106520000023022981768DF807301AD0032935D04F
:10653000012923D090F8441090F84520D0F84A4023
:10654000C46061F30F0362F31F43C02283638DF8BD
:10655000072001230DF107023621FEF717FD03B0D6
:1065600030BD90F8471090F84820D0F84A40C460F9
:1065700061F30F0362F31F438363EAE790F845403A
:1065800090F84710A025B0F84A20B0F84C308DF8AC
:10659000075004874187C2818381DAE790F8484039
:1065A00090F844106025EEE710B582B0CDE90023E5
:1065B0000B464FF4A072F021044600F0E3F8054BBF
:1065C00023602046002384F8473084F8483002B026
:1065D00010BD00BFE858040070B50D4682B080F8C9
:1065E000463000210446164600F00CF9F02D49D043
:1065F000872D3AD0C6F5A070C5F1F00300EBD0703E
:1066000003EBD373C0F34700C3F3470384F8480098
:1066100084F8450084F8473084F844302249A4F8CF
:106620004A50A4F84C60204600F0C4F823681F4A82
:106630001B6B934232D194F8440094F84510D4F87F
:106640004A20E2600023A37660F30F0361F31F4347
:10665000A36320460123C0240DF1070236218DF8E3
:106660000740FEF793FC02B070BDF02EC2D1282186
:1066700042F63502342384F84810A4F8442084F804
:106680004730CBE7F02EB5D100234FF4A04284F879
:10669000483084F84730A4F84420BFE72046002162
:1066A000984702B070BD00BFBC58040019650300D4
:1066B000054A002908BF114642F22102828701647F
:1066C00090F84620FDF738BF0048E80170B5068F06
:1066D000458F314489B22A44BDF81050CE1892B289
:1066E0001544013E044646EA0146013D2A2145EA99
:1066F0000245FEF77FFB31462046FEF747FD204668
:106700002B21FEF777FB29462046FEF73FFD20466A
:106710002C21BDE87040FEF76DBB00BF00B501F055
:10672000030183B00023022981768DF8073015D04C
:10673000032924D0012918D090F8442090F845303E
:106740000287C0218DF80710438701230DF107024E
:106750003621FEF71BFC03B05DF804FB90F84420E3
:1067600090F8453002874387EFE7A02190F8442056
:1067700090F845308DF8071042870387E5E76021E0
:10678000F4E700BF30B583B09DF918409DF91C5067
:10679000009401950446FDF7ADFE054B23602046AD
:1067A0000023A4F8443084F8463003B030BD00BF65
:1067B000485904002DE9F8430C4614F8013BFBB19D
:1067C0005D1E8146EDB294F80180217808F07F06C5
:1067D000A71C33463A464846FEF756FCBC1918F04B
:1067E000800F04F1010807D0B85DFF2808BF4FF4FF
:1067F000FA7006F0D9FA4446013DEDB2FF2DE2D120
:10680000BDE8F8832DE9F84303681D4A1B6D9342E8
:1068100005460C4630D11B4990F84620016442F2EF
:1068200021038387FDF788FE24B314F8013B5E1E25
:10683000F6B2FBB194F80190217809F07F0704F1DA
:1068400002083B4642462846FEF71EFC08EB0704BA
:1068500019F0800F04F1010908D018F80700FF288B
:1068600008BF4FF4FA7006F09FFA4C46013EF6B2AC
:10687000FF2EDFD1BDE8F88300219847D4E700BFA1
:10688000B16603000048E80100294FF0000314BF7F
:10689000102111211A46FEF7F7BB00BF10B50446C0
:1068A000006808B108F084FD204610BD000000001B
:1068B00030B507EE901AF8EE677A87B0044617EE07
:1068C000900A0AF003F91EA3D3E900230AF056F94F
:1068D0000AF02CFC07EE900AB7EE007AF4EEC77AC5
:1068E000F1EE10FA23D49FED147ADFED146A77EEFF
:1068F000677AF4EEE67AF1EE10FAB8BFF0EE667A57
:10690000FCEEE77ACDED037A9DF80C5020688DF807
:106910001750012305A9009101931A4681240DF116
:1069200017018DF81440FEF7F9FE07B030BDFF25C2
:10693000ECE700BFAFF300800000804300000000E0
:1069400089E22F728605D73F30B5457B024661F359
:10695000010585B0C5F3011305F00C0400685573FB
:1069600001F0030103AD44EA831401230C430095B5
:1069700001931A468F250DF10F018DF80F408DF808
:106980000C50FEF7CBFE05B030BD00BF427A70B5AB
:1069900061F3820202F0010343EA810102F0400444
:1069A00002F020030C431C4302F0100384B00546A0
:1069B0001C4302F0080302F0020603A91C43012352
:1069C00000686A723443009101931A4680250DF1E4
:1069D0000F018DF80F408DF80C50FEF79FFE04B0AC
:1069E00070BD00BF10B584B001220DF10F0300246B
:1069F00000681946CDE900249C248DF80F40FEF76D
:106A0000F1FE9DF80F0004B010BD00BFF0B50446C4
:106A100087B00D4601B30DF1170105AF637A0097FA
:106A200065F38613012603F03F00637240EA851088
:106A3000019633464FF0800C8DF8170032462068DF
:106A400003918DF814C0FEF769FE0023039963607B
:106A50002372CDB907B0F0BD427D006861F300023A
:106A6000012302F0060605AF62750DF117018DF8DE
:106A7000176001931A460097AB2603918DF81460B6
:106A8000FEF74CFE0399C9E7CDE90076334620684E
:106A90008DF81760AB2432468DF81440FEF73EFEA9
:106AA00007B0F0BD000000002DE9F0410446006889
:106AB00086B0884617461D4608B108F079FC1020BC
:106AC00008F074FC29460C9A0546FEF707FE25607F
:106AD00028460121FEF70CFE064620B90026304666
:106AE00006B0BDE8F08100200122CDE9002005AB11
:106AF0001946206892258DF81450FEF773FE9DF814
:106B00001430AB2BEAD107EE908AF8EE677A17EED5
:106B1000900A09F0DBFFA6A3D3E900230AF02EF8C0
:106B20000AF004FB07EE900AB7EE007AF4EEC77A9B
:106B3000F1EE10FA00F135819FED9B7ADFED9B6A53
:106B400077EE677AF4EEE67AF1EE10FAB8BFF0EE7F
:106B5000667AFCEEE77ACDED037A9DF80C008DF8AD
:106B6000140001250DF110080195CDF800802B4689
:106B70002A464FF0810C05A920688DF810C0FEF759
:106B8000CDFD627B019567F30102C2F3011102F0B2
:106B90000C03CDF8008043EA811307F003074FF0A0
:106BA0008F0C62731F432A462B4605A920688DF877
:106BB00010C08DF81470FEF7B1FD20460021FFF7DC
:106BC00025FF637A0195CDF800806FF3820380275B
:106BD00003F07B0C63722A462B4605A920688DF8CA
:106BE00014C08DF81070FEF799FD637A0195CDF809
:106BF00000806FF3410303F07D0C63722A462B463D
:106C000005A920688DF810708DF814C0FEF786FD78
:106C1000637A0195CDF800806FF3041303F06F0CD5
:106C200063722A462B4605A920688DF810708DF8EE
:106C300014C0FEF773FD637A0195CDF800806FF301
:106C4000451303F05F0C63722A462B4605A92068A2
:106C50008DF810708DF814C0FEF760FD05AB009341
:106C6000002201952B4611464FF0E70C20688DF865
:106C700014C0FEF753FD637A0195CDF800806FF3E1
:106C8000000303F07E0C2A4605A9637220688DF884
:106C900014C02B468DF81070FEF740FD0A2006F058
:106CA00083F8637A01952B43CDF8008003F07E0CC6
:106CB0004CEA050C2A4605A9637220688DF814C0B9
:106CC0002B468DF81070FEF729FD0A2006F06CF8AF
:106CD000237D0195CDF800806FF301030027237514
:106CE0002A462B464FF0AA0C05A920688DF810C043
:106CF0008DF81470FEF712FD637C019565F3871320
:106D000003F03F00CDF8008040F0400063742A4655
:106D10002B464FF0A20C05A98DF8140020688DF8C1
:106D200010C0FEF7FBFCA37C0195022262F3461320
:106D300003F01F00CDF8008040F04000A3742A4605
:106D40002B464FF0A30C05A98DF8140020688DF890
:106D500010C0FEF7E3FCCDE9008532202B462A4621
:106D60004FF0A00C05A98DF8140020688DF810C014
:106D7000FEF7D4FC67602772CDE900854FF0C90C9F
:106D800084F813C020688DF814C005A92B462A4644
:106D9000A6248DF81040FEF7C1FC304606B0BDE8D1
:106DA000F081FF20DBE600BF000080430000000010
:106DB00089E22F728605D73F427A70B561F34102AE
:106DC00002F0010343EA410102F0400402F0200313
:106DD0000C431C4302F0100384B005461C4302F030
:106DE000080302F0040603A91C43012300686A7229
:106DF0003443009101931A4680250DF10F018DF85F
:106E00000F408DF80C50FEF789FC04B070BD00BF38
:106E100030B585B0002304460122006801930DF1CE
:106E20000F031946009293258DF80F50FEF7DAFCF8
:106E30009DF80F20E07BC2F3001102F0070343EA44
:106E4000C103C2F3401143EA0113C2F3801143EAC4
:106E50004113D20943EA821320F07F001843E07304
:106E600000F0010005B030BD2DE9F04784B00026E8
:106E70000225984603AB04468A460068019691466F
:106E800019460095942701228DF80C700C9FFEF78F
:106E9000A9FC9DF80D209DF80C30019643EA0223D1
:106EA00000953B8003AB19462068962701228DF898
:106EB0000C70FEF797FC9DF80D209DF80C300196A4
:106EC00043EA02230095AAF8003003AB1946206874
:106ED000982701228DF80C70FEF784FC9DF80D2098
:106EE0009DF80C302068019643EA02230095A9F82A
:106EF000003003AB19469A2401228DF80C40FEF7AE
:106F000071FC9DF80D209DF80C3043EA0223A8F88F
:106F1000003004B0BDE8F08770B5457A45F0100543
:106F200084B00146C5F3000605F06E040123344326
:106F300003AE0068019344F010044D721A460096A7
:106F400080250DF10F018DF80F408DF80C50FEF7E4
:106F5000E5FB04B070BD00BFF0B585B003AF012301
:106F60004FF0840C06460D460068019314460DF15F
:106F70000F011A4600978DF80CC08DF80F50FEF7E0
:106F8000CDFB0123CDE900732D128DF80F501A4669
:106F90000DF10F01306885258DF80C50FEF7BEFB12
:106FA0000123CDE900731A460DF10F0130688DF809
:106FB0000F4086258DF80C50FEF7B0FB012330689A
:106FC0002412CDE900730DF10F011A4687258DF8C3
:106FD0000F408DF80C50FEF7A1FB05B0F0BD00BFCF
:106FE00008B590F8890009F007FA003818BF0120A9
:106FF00008BD00BF10B590F890300446002B14BFB8
:107000000221002190F8890009F054F92368124AFE
:107010009B6893421DD194F8890009F0EDF900387E
:1070200018BF012094F8793084F87A001BB180F001
:10703000010084F87A0005F0ABFE94F87A20C4F8D9
:1070400080000023C4F8840084F87B2084F87C301E
:1070500010BD20469847E5E7E16F03002DE9F041B8
:10706000044605F095FE2368334A9B689342064622
:107070005ED194F8890009F0BFF9003818BF0120EB
:1070800094F8793013B180F00100C0B2D4F88430A4
:10709000D4F88C20F31A93422AD2002384F87C304F
:1070A000204600F051F8B0B394F88830A3B9236FAC
:1070B00003B19847251D04F15C0704F154082846E4
:1070C0003146103500F074F808B13B689847A84580
:1070D00007F10407F3D102E0002384F8883000238D
:1070E00084F8783094F87A00C4F88060BDE8F081C4
:1070F00094F87A3084F87B30834283EA000284F883
:107100007A0018BFC4F8846084F87C20204600F020
:107110001BF80028C8D1204600F012F80028E1D062
:1071200094F89130012BDDD1204600F015F8D9E715
:1071300020469847A4E700BFE16F0300016770474E
:1071400090F87A00704700BF90F87A3013B990F841
:107150007C00704700207047F0B5044685B005F00C
:1071600017FE94F87A300BB3D4F88420A36D801AFC
:1071700098421BD3636FCBB1012384F88830264635
:1071800004F150076D46331D0FCB103685E80F0014
:10719000284600F035F8BE42F5D1636F33B194F85C
:1071A00078201AB9012284F87820984705B0F0BDFC
:1071B000037813B9002318467047C26870B462B9E7
:1071C000447881600125AC42C56015D04368934284
:1071D0000ED90023184670BC704745788668541C49
:1071E000AC42C460A1EB0602F0D14468944203D2E1
:1071F0000123C0E90213ECE70022C0E90222E9E71B
:107200000023C0E902337047704700BF704700BFDA
:10721000704700BF10B5044608F0CAF8204610BDFC
:1072200010B5044608F0C4F8204610BD38B5282231
:107230000446084600210AF035FB0A490A4D0B2294
:107240000BF0A4F80022C272034664681C6101249A
:1072500006480749DC600D245A625C61DD61986173
:10726000196238BDB4590400000020C20000AA42CF
:107270000AD7233C38B528220446084600210AF0E4
:1072800011FB0A490A4D0B220BF080F80022C27252
:10729000034664681C61012406480749DC60062433
:1072A0005A625C61DD619861196238BDB4590400AD
:1072B0000000964300808944A69B443C2DE9F04F92
:1072C0000446406889B007AB002800F047810025DC
:1072D0000322CDE9015319460092FA2501228DF8C7
:1072E0001C50FEF77FFA029B9DF81D209DF81C00A4
:1072F000218C9DF81E60B4F92450120242EA00422B
:10730000C1EB122000FB00F0001332434900B4F936
:10731000226005FB00F5C1EBD212AD1306FB02F2B1
:10732000606805EBE222E261002800F00A81032296
:107330000021CDE90021F725194601228DF81C50C6
:10734000FEF750FAE0699DF81C300593C117B0F5BF
:10735000FA3341F1FF35B4F92A80A3FB030103FBA3
:1073600005F601EB46014FEAE87908FB01FCB4F9A8
:10737000286000FB09CCA8FB00894A46F717624445
:1073800006FB05FCCDE9028903FB07CCA6FB039AAB
:107390000392E244029EDDE902BC4FEA16284FEA5E
:1073A000093E48EA0C684FEA0A3718EB0E0847EA2C
:1073B0001957B4F826A09DF81EE04FEA2C2C4CEB90
:1073C000070C18F100084CF50047A8FB0A890AFBD6
:1073D00007994FEA69064FEAE97756EA07089DF8E8
:1073E0001DC000F0A980B4F92E80059AB4F930A030
:1073F0004FEA0C2C4FEAE87908FB05F503FB095529
:107400004CEA0242A8FB038942EA0E020AFB01FC95
:107410004FEAEA7BA94400FB0BCC4FEA4843AAFBA6
:1074200000AB4FEA4945121113EB0A00C2F5801276
:10743000E34445EAD835B4F92C804BEB050500232D
:107440004FEAE27B1B184FEACB714FEAC2704FEA5A
:10745000C80848EB050841EA5201C01A61EB080868
:10746000031848EB08011B1841EB08014FEA831C85
:107470008A0142EA936213EB0C0342EB010189009B
:107480009A0041EA9371131841EB08019A008900B0
:10749000101841EA937132463B4641EB080109F06E
:1074A000A3FFB4F93660B4F93480B4F932404B1319
:1074B000420B42EAC14206FB03F5F71702FB0755F0
:1074C000A6FB02672F4406FB03F3A6FB02AB02FBFD
:1074D00007334FEAE87908FB01F29B4400FB0922DD
:1074E0004FEA5A63A8FB0089914443EACB134FEA61
:1074F000D8461B184FEA6B6546EA493645EB010250
:107500009B194FEAE94141EB0202E5171B0A43EAE6
:107510000263200129011212C01841EA147142EBE2
:10752000010109F023FF9FED150A07EE900A27EEEF
:10753000800A09B0BDE8F08F9FED110A09B0BDE8DF
:10754000F08F0322FF21CDE90021F725A0688DF8F7
:107550001C5019460122FEF78DFBF3E6FF20CDE912
:107560000103032200921946A068FA2501228DF832
:107570001C50FEF77FFB029BB6E600BF0000803B7D
:107580000000000038B505460C46081D20220021E9
:107590000AF088F96A68242323600623C4E90123DA
:1075A00005F0F6FBAB6820619A692AB99FED080ADD
:1075B00084ED050A012038BD1846FFF77FFEDFED98
:1075C000057A20EE270A012084ED050A38BD00BFA8
:1075D0000000C07F0AD7233C70B505460C4684B036
:1075E000081D202200210AF05DF96A682423236027
:1075F0000D23C4E9012305F0CBFBAD682061AB6925
:1076000033B9DFED297A0120C4ED057A04B070BDED
:107610006868D8B30026032203ABCDE900261946DB
:10762000FA2601228DF80C60FEF7DCF89DF80D308B
:107630009DF80C00298C9DF80E60B5F924209FED73
:107640001B7A1B0243EA0043C1EB132000FB00F04E
:10765000001349003343B5F9226002FB00F2C1EB8D
:10766000D31306FB03F3921302EBE32202EB820334
:1076700080331B1207EE903AF8EEE77A012067EEAE
:10768000877AEA61C4ED057A04B070BDFF26032253
:1076900003ABA8681946CDE90026FA2601228DF829
:1076A0000C60FEF7E7FAC1E70000C07F0AD7233C71
:1076B00038B500250446C0E90015C0E9025505614A
:1076C000856180F8385080F83C500C2007F06EFE41
:1076D0000949846003464FF48C72C3E90012E060EC
:1076E0000C2007F063FE0346044A2061C0E9015400
:1076F00020461A6038BD00BFC4590400E059040098
:1077000038B5856804462DB12846FEF7BBF82846F3
:1077100007F04EFE606808B107F04AFEE06810B15D
:1077200003685B689847206910B103685B689847F5
:10773000204638BD70B50446406884B003AD0028CB
:1077400000F01A8100260222CDE900262B46882669
:10775000294601228DF80C60FEF744F89DF80C20B4
:107760009DF80D30606843EA02235BBA2384002849
:1077700000F09C8102230022CDE900328A262B46AC
:10778000012229468DF80C60FEF72CF89DF80C209C
:107790009DF80D30606843EA02235BBA63840028D9
:1077A00000F0768102230022CDE900328C262B46A0
:1077B000012229468DF80C60FEF714F89DF80C2084
:1077C0009DF80D30606843EA02235BBAA384002869
:1077D00000F0508102230022CDE900328E262B4694
:1077E000012229468DF80C60FDF7FCFF9DF80C2066
:1077F0009DF80D30606843EA02235BBAE3840028F9
:1078000000F02A8102230022CDE9003290262B4687
:10781000012229468DF80C60FDF7E4FF9DF80C204D
:107820009DF80D30606843EA02235BBA2385002887
:1078300000F0048102230022CDE9003292262B467B
:10784000012229468DF80C60FDF7CCFF9DF80C2035
:107850009DF80D30606843EA02235BBA6385002817
:1078600000F0DE8002230022CDE9003294262B4670
:10787000012229468DF80C60FDF7B4FF9DF80C201D
:107880009DF80D30606843EA02235BBAA3850028A7
:1078900000F0B88002230022CDE9003296262B4664
:1078A000012229468DF80C60FDF79CFF9DF80C2005
:1078B0009DF80D30606843EA02235BBAE385002837
:1078C00000F0928002230022CDE9003298262B4658
:1078D000012229468DF80C60FDF784FF9DF80C20ED
:1078E0009DF80D30606843EA02235BBA23860028C6
:1078F0006CD002230022CDE900329A262B460122C9
:1079000029468DF80C60FDF76DFF9DF80C209DF861
:107910000D30606843EA02235BBA6386002847D0D3
:1079200002230022CDE900329C262B460122294663
:107930008DF80C60FDF756FF9DF80C209DF80D307A
:10794000606843EA02235BBAA38618B302230022CD
:10795000CDE900329E262B46294601228DF80C6087
:10796000FDF740FF9DF80C209DF80D3043EA0223FF
:107970005BBAE38604B070BDFF200222CDE900208F
:107980008826A0688DF80C602B4629460122FEF758
:1079900071F9E3E60223FF22CDE900329E26A068BA
:1079A0008DF80C602B4629460122FEF763F9D9E7D2
:1079B0000223FF22CDE900329C26A0688DF80C60DE
:1079C0002B4601222946FEF755F9B5E70223FF228F
:1079D000CDE900329A26A0688DF80C602B46012272
:1079E0002946FEF747F990E70223FF22CDE900324E
:1079F0009826A0688DF80C602B4601222946FEF7D8
:107A000039F96BE70223FF22CDE900329626A06800
:107A10008DF80C602B4601222946FEF72BF945E72D
:107A20000223FF22CDE900329426A0688DF80C6075
:107A30002B4601222946FEF71DF91FE70223FF22EC
:107A4000CDE900329226A0688DF80C602B46012209
:107A50002946FEF70FF9F9E60223FF22CDE90032AD
:107A60009026A0688DF80C602B4601222946FEF76F
:107A700001F9D3E60223FF22CDE900328E26A06869
:107A80008DF80C602B4601222946FEF7F3F8ADE68F
:107A90000223FF22CDE900328C26A0688DF80C600D
:107AA0002B4601222946FEF7E5F887E60223FF224E
:107AB000CDE900328A26A0688DF80C602B460122A1
:107AC0002946FEF7D7F861E6F0B50446806885B030
:107AD000164600B3FDF7DEFE88B3606890B303ADD1
:107AE00000270122CDE900272B46D02729468DF813
:107AF0000C70FDF777FE9DF80C30A361B3421ED1E8
:107B00002046FFF717FEA36953BB642005F04CF92C
:107B1000012005B0F0BD60680D4608B107F048FCD3
:107B2000102007F043FC294622680546FDF7D6FDE4
:107B3000656028460121FDF7DBFD0028CDD100203E
:107B400005B0F0BDFF200122CDE9002003ADD02714
:107B5000A0688DF80C702B462946FEF78BF8CAE713
:107B600094F83820606822F03F02D109ED2384F8B0
:107B700038208DF80D1084F83C3028B30023CDE96F
:107B80000033F5260123022229468DF80C60FDF70B
:107B9000C5FD94F83C106068C1F3C202920001F088
:107BA000070342EA431242EA91128DF80D20B0B168
:107BB0000023CDE90033F4242946012302228DF865
:107BC0000C40FDF7ABFDA0E7009003467526A068CA
:107BD0008DF80C6002222946FDF79EFED9E7009041
:107BE00003462946A068022274248DF80C40FDF754
:107BF00093FE8AE7836913B99FED270A704730B572
:107C00000446406885B0C0B30025032203ABCDE92C
:107C100000251946FA2501228DF80C50FDF7E2FDEA
:107C20009DF80D309DF80C00218C9DF80E50B4F994
:107C30002420DFED1A7A1B0243EA0043C1EB132034
:107C400000FB00F0001349002B43B4F9225002FB63
:107C500000F2C1EBD31305FB03F3921302EBE32213
:107C600002EB820380331B1200EE103AB8EEC00A1A
:107C7000E26120EE270A05B030BDFF200322CDE9E6
:107C8000002003ABFA25A0688DF80C50194601229C
:107C9000FDF7F0FFC4E700BF0000C07F0AD7233C18
:107CA000836913B99FED020A7047FFF707BB00BF56
:107CB0000000C07F10B5044682B0142005F074F8AF
:107CC000E068012306226946FDF756FD002800F012
:107CD00003819DF800109DF80220C943CBB209062C
:107CE00000F1FC805900CBB249B20029C0F2FE80FD
:107CF0005900CBB249B20029C0F200815900CBB281
:107D000049B20029C0F202815900CBB249B2002920
:107D1000C0F204815900CBB249B20029C0F20681F9
:107D20005900CBB249B20029C0F208815900CBB248
:107D300049B200294FEA43039DF80110B8BF83F010
:107D40003103DBB24B40190600F125815900CBB25B
:107D500049B20029C0F219815900CBB249B20029B9
:107D6000C0F20D815900CBB249B20029C0F20181A5
:107D70005900CBB249B20029C0F2F5805900CBB20C
:107D800049B20029C0F2E9805900CBB249B20029BA
:107D9000C0F2DD805900CBB249B25B000029B8BF08
:107DA00083F03103DBB29A4240F0CE809DF803307D
:107DB0009DF80520DB43D9B21B0600F1F280490093
:107DC000CBB249B200294FEA4303C0F2F480D9B2E2
:107DD0005BB2002BC0F2F6804900CBB249B2002959
:107DE0004FEA4303C0F2F880D9B25BB2002BC0F275
:107DF000FA804900CBB249B200294FEA4303C0F2EE
:107E0000FC80D9B25BB2002BC0F2FE804900CBB23D
:107E100049B200294FEA43039DF80410B8BF83F02C
:107E20003103DBB24B40190600F118815900CBB287
:107E300049B20029C0F20C815900CBB249B20029E5
:107E4000C0F200815900CBB249B20029C0F2F480DF
:107E50005900CBB249B20029C0F2E8805900CBB238
:107E600049B20029C0F2DC805900CBB249B20029E6
:107E7000C0F2D0805900CBB249B25B000029B8BF34
:107E800083F03103DBB29A425ED1BDF80030BDF819
:107E90000320DFED756A5BBA99B241F2171303FB59
:107EA00001F352BA91B29B1340F27122A3F58C53A5
:107EB00002FB01F2143B120B07EE102A07EE903A78
:107EC000B8EEC77AF8EEE77A27EE267A67EEA67A5A
:107ED00084ED007AC4ED017A02B010BD5B0083F03E
:107EE000310359B20029DBB2BFF602AF5B0083F069
:107EF000310359B20029DBB2BFF600AF5B0083F05B
:107F0000310359B20029DBB2BFF6FEAE5B0083F04D
:107F1000310359B20029DBB2BFF6FCAE5B0083F03F
:107F2000310359B20029DBB2BFF6FAAE5B0083F031
:107F3000310359B20029DBB2BFF6F8AE5B0083F023
:107F4000310359B2DBB2F4E6002002B010BD5B0091
:107F500083F0310359B2DBB21FE75B0083F03103DA
:107F600059B2DBB213E75B0083F0310359B2DBB2E5
:107F700007E75B0083F0310359B2DBB2FBE65B003D
:107F800083F0310359B2DBB2EFE65B0083F03103DB
:107F900059B2DBB2E3E65B0083F0310359B2DBB2E6
:107FA000D7E64B0083F0310359B20029DBB24FEA28
:107FB0004303BFF60CAF83F031014BB2002BC9B2C3
:107FC000BFF60AAF4B0083F0310359B20029DBB290
:107FD0004FEA4303BFF608AF83F031014BB2002BE9
:107FE000C9B2BFF606AF4B0083F0310359B2002986
:107FF000DBB24FEA4303BFF604AF83F031014BB26B
:10800000002BC9B2BFF602AF4B0083F0310359B267
:10801000DBB2FEE65B0083F0310359B2DBB22CE742
:108020005B0083F0310359B2DBB220E75B0083F0E1
:10803000310359B2DBB214E75B0083F0310359B26C
:10804000DBB208E75B0083F0310359B2DBB2FCE638
:108050005B0083F0310359B2DBB2F0E65B0083F0E2
:10806000310359B2DBB2E4E60AD7233C10B4044A28
:1080700002600024C0E9021442605DF8044B7047BE
:108080000000C07F10B50446C06808B107F090F941
:10809000204610BD70B50446C06886B018B1039183
:1080A00007F086F903990391102007F07FF90399EF
:1080B000A2680546FDF712FBE56028460121FDF7A1
:1080C00017FB50B30025CDE9005505A90123022275
:1080D000E0684AF23026ADF81460FDF71FFB0A2075
:1080E00004F062FECDE9005505A901230222E068F3
:1080F00042F6F355ADF81450FDF710FB0123E0688C
:1081000005A90322FDF738FBBDF8140040BA80B280
:108110004FF6FF73C01A18BF012006B070BD00BF34
:1081200030B5002385B004462425C068ADF80C5056
:10813000CDE900330222012303A9FDF7EFFA18B9B4
:108140009FED060A05B030BD2046FFF7B3FD0028BD
:10815000F6D094ED000A05B030BD00BF0000C07F2E
:1081600042DF704744DF704712DF704738B5074C75
:108170004FF00055C4F88050BFF34F8FBFF36F8F9F
:10818000143000F01DFA256038BD00BF00E100E0AA
:1081900038B5074C4FF00055C4F88050BFF34F8FEF
:1081A000BFF36F8F143000F0DFF9256038BD00BFDA
:1081B00000E100E0F0B587B00023016104460DF155
:1081C00007008DF807300D461746FFF7CDFF9DF8E5
:1081D0000730002B40F08D804FF08046D6F80031FC
:1081E000002B69D0B7F57A5F75D04AF2C3239F425E
:1081F0005FD14B4B4FF0A852012DC3F8042574D02A
:10820000022D56D1464B0022C3F80825444DA068E4
:108210001423C5F818350121C5F81C3508F04AF8B3
:10822000A068002108F0CAF86068002108F042F850
:10823000D4E901103B4B3C4A53F8200053F821107D
:10824000C5F840050023C5F8441513601168049172
:1082500004999360916803910399E06853605368AF
:10826000029300284FF00303029AC5F8043306DB9B
:10827000012108F01FF8E068012108F09FF804F1DF
:10828000140000F047F9294BE0214FF0005283F829
:108290001D13C3F880211A60214B234A01200021BD
:1082A000C3F80005116012680592059A186007B0BE
:1082B000F0BD002007B0F0BD01233360D6F80031D7
:1082C000002B8FD107F0E4FCD6F80031002BF9D059
:1082D000B7F57A5F89D1124B01214FF02062012D51
:1082E000C3F82015C3F804258AD10D4BC3F80855EF
:1082F0008CE705A8FFF736FF059B002B7FF472AFD4
:10830000FFF72EFF059B002B7FF46CAF07F0C0FC3E
:1083100005A8FFF727FF059B002BF7D062E700BFFA
:1083200000D0014030B2040000D1014000E100E083
:1083300038B51249124B00254FF00052C1F80055D4
:108340000446C3F88020BFF34F8FBFF36F8FC06820
:10835000A84206DB294608F031F8E068294607F014
:10836000A9FF064BA0684FF00042C3F8402500214A
:10837000C3F84425BDE8384007F09CBF00D0014059
:1083800000E100E081637047034BC9B2C3F81815E0
:10839000C3F81C15704700BF00D0014030B5254B15
:1083A0001A6885B092B9244B196829B11A601B6804
:1083B0000293029B05B030BD204B1A68002AF9D009
:1083C00019601B680193019B05B030BD00251D603D
:1083D0001B4C1B68039304F11400039B00F0F0F89E
:1083E00020B1184BC3F8005505B030BD04F114009E
:1083F00000F0E0F8054604F1140000F0A9F8114976
:108400002269C1F860555200034604F11400B3FB21
:10841000F2F3C1F8643500F09BF8014604F1140052
:1084200000F0D8F8A36B002BC4D005B0BDE83040F5
:10843000184700BF00D1014004D1014008D10140DC
:1084400058B6002000D0014010B50B4C0B4B2360F8
:10845000222123224FF0FF3304F11400C4E901125A
:10846000E36000F033F800232046A363044A054983
:10847000BDE8104009F084B958B60020FC5904004A
:10848000006000208984030010B5044B044640F8C6
:10849000143B00F013F8204610BD00BFFC59040047
:1084A00010B5054B044640F8143B00F007F8204691
:1084B00006F07EFF204610BDFC590400704700BF47
:1084C00010B5044606F074FF204610BD104B4FF463
:1084D000007110B504460360C160406804F0B0FC50
:1084E0006060D4E9020104F0ABFCE268A060002106
:1084F000606809F0D7F9D4E90202002109F0D2F945
:1085000000232362204623616361A361E36110BD00
:10851000145A040010B5C1680446406804F090FC89
:108520006060D4E9020104F08BFCE268A0600021E5
:10853000606809F0B7F9D4E90202002109F0B2F944
:108540000023236223616361A361E36110BD00BF67
:10855000036AC168043350F82330026A063250F8C7
:108560002200181A081A7047036A043370B550F8CD
:108570002330066A0636044650F826505B1B9342A9
:1085800028BF13461D4693B1226A236A04EB820278
:108590000633084654F8233051682A46194409F036
:1085A00059F9206A04EB8004A3692B44A36128468F
:1085B00070BD00BF036A00EB83004068704700BFD6
:1085C000036A043350F82320036A063350F823006B
:1085D000101A7047036A5BB901230362036A04330C
:1085E000002240F82310036A063340F82320704726
:1085F00000230362F2E700BF2DE9F04F490883B082
:108600008C1E012A01F1010801944FEA420C4AD163
:10861000426850F82140446040F8212003EB0C04EC
:108620001A88019B012B00F1040500EB810E26D96D
:108630000EF1040E0223934208EB020A01EB020939
:1086400020D250F8237050F8226040F8236040F8A0
:1086500022705EF8237050F82A204EF8232040F84C
:108660002A70019E50F8292055F8237045F82320E0
:1086700002339E42228840F829706444DBD203B062
:10868000BDE8F08F50F8296055F8232045F82360A5
:10869000019E40F829200233B34222886444CAD99B
:1086A00003B0BDE8F08F50F8214042681D88446057
:1086B00003EB0C04019B40F82120012B00F104077F
:1086C00000EB810EDBD90EF1040E02239D4208EB74
:1086D000050A01EB050923D950F8232050F825603D
:1086E00040F8236040F825205EF8235050F82A20F7
:1086F0004EF8232040F82A5050F8292057F82350EC
:1087000047F82320019A40F8295002339A422588DD
:108710006444B4D39D4208EB050A01EB0509DBD89C
:1087200050F8292057F8235047F82320019A40F8A1
:1087300029500233934225886444C7D99FE700BF7C
:108740002DE9F04F8A4689B04910002903918346EC
:108750000792029340F3C680BAF1010F73D1174616
:10876000029ACDF804A000EB810E4FEA82090EF1C7
:10877000020800268A46B7F90000B7F902404F44C4
:108780005EBBBEF90030BBF90010BBF902C09B1004
:1087900003EBA1025210ABF80020B8F90020C3EBA4
:1087A000A10392101BB2C2EBAC0503FB00F12DB28A
:1087B00003FB04F302EBAC0205FB04F405FB00F041
:1087C00009141B14521001EB2441C3EB2043ABF8F6
:1087D0000220AEF80010A8F800300136B245CAD128
:1087E000DDF804A0039B4FEA630CBCF1000F27DD0A
:1087F0000BEB8C04A61C00270BF102059E46BA4524
:1088000088BF3B4619D934F823803BF8231001EB8D
:1088100008022BF8232035F8232036F82300A1EB9B
:10882000080102EB0008121A25F8238024F823100F
:1088300026F8232073449A45E5D80137BC45DED19C
:1088400009B0BDE8F08F029B9B0000EB810504930B
:10885000079B019305F1020E4FF0000900F1020C95
:10886000019BCA45B3F90060B3F9027088BF4B465B
:108870002FD935F923203BF92340921002EBA401B4
:1088800049102BF823103EF923103CF923008910DE
:10889000C2EBA402C1EBA00412B224B204FB07F89D
:1088A00001EBA00102FB07F04FEA284804FB06F4A5
:1088B00002FB06F20014491008EB2248C0EB2444E6
:1088C0002CF8231025F823802EF8234013EB0A03FD
:1088D000CFD2019B049A13440193039B09F1010930
:1088E0004B45BDD1029B4FEA43091FFA89F305931B
:1088F000BAF1050F4FEA5A0306937FF673AF0BF1F7
:108900000209039B98465B10002B039345DD0BEB9C
:10891000830C059B9B000493079B029300230CF19F
:10892000020E0193029BB3F90060B3F90270019B40
:108930009A4528D93CF923003BF923201118491006
:108940002BF823103EF9234039F92310121A081B83
:1089500012B200B200FB07F5214402FB07F42D140C
:1089600000FB06F002FB06F22414491005EB224539
:10897000C4EB204029F823102CF823502EF82300B4
:1089800043449A45D6D8029A0499019B0A4402921C
:10899000039A01339A420193C4D1059B069A5B0066
:1089A00052109BB2022A06920593AADC1AE700BF76
:1089B000B1F5807F2DE9F0410C46054600F00681B7
:1089C0002DD8402900F0858013D980297DD1914A86
:1089D000811E02F5807632F8020B31F8023F13FB5C
:1089E00000F3DB13B2420B80F5D1DFF85082202771
:1089F00042E010297FD0202967D1874A811E02F1E9
:108A0000400632F8020B31F8023F13FB00F3DB1390
:108A1000B2420B80F5D1DFF8288280272CE0B1F537
:108A2000806F00F0E580B1F5006F11D17B4A811EA7
:108A300002F5805632F8020B31F8023F13FB00F3C7
:108A4000DB13B2420B80F5D1DFF8F881022713E087
:108A5000B1F5007F39D1724A811E02F5806632F885
:108A6000020B31F8023F13FB00F3DB13B2420B8021
:108A7000F5D1DFF8D48108276A4E002306F1020CF5
:108A800018462A4632F9021B26F823102CF8230038
:108A900001339C42F6DC644A62483B462146FFF7BC
:108AA0004FFE43465F483A462146FFF7A5FD0023A7
:108AB00036F923200133002AB8BF52429C4225F8E0
:108AC000022BF5DC0020BDE8F0814FF0FF30BDE85F
:108AD000F081564A811E02F1800632F8020B31F80D
:108AE000023F13FB00F3DB13B2420B80F5D1DFF83A
:108AF0005C814027C0E74E4B42885E880788198812
:108B00009888B5F808C0DFF8488116FB02F6AA88F5
:108B100017FB01F710FB02F0D988EA8811FB02F17C
:108B20001A89FF13F613C01312FB0CF22F80B3F84F
:108B30000AC09F896E80A8806E89A889C913D21344
:108B400017FB00F71CFB06FC288AEE89E9802A81C6
:108B5000D9891A8A16FB01F610FB02F0698A5A8A33
:108B600011FB02F1FA13AA819F8AAA8A12FB07F26B
:108B70004FEAEC3CF613C013C913D213A5F80AC090
:108B8000EE8128826982AA82198B288BEF8A5A8B00
:108B9000DE8AB3F81CC010FB01F0698B17FB06F6E8
:108BA00011FB02F1DF8BAA8BEB8B12FB0CF213FB98
:108BB00007F3F613C013C913D213DB13EE82288315
:108BC0006983AA83EB834FF4807755E7194A811EA6
:108BD00002F5007632F8020B31F8023F13FB00F386
:108BE000DB13B2420B80F5D1DFF86880102743E732
:108BF000114A811E02F5006632F8020B31F8023F7D
:108C000013FB00F3DB13B2420B80F5D1DFF8488091
:108C1000042731E71C9A04003CAD04003C9B04008F
:108C20007CAD040094B600201C6204007CB10400FA
:108C30001C9B04003CAB04001C9204005A5A040024
:108C40001A5B04001E5A04002A5A04009A5A0400AF
:108C50001A5C04003A5A0400225A04000B464FF4EE
:108C600050724FF4105101F0CFBB00BFF0B5054674
:108C700083B00E460DF1060301224FF40041284651
:108C800001F0C2FB044660BBBDF806301B07F1D5FE
:108C9000074630224FF40041284601F013FC0446F9
:108CA000B4F1FF3F33464FF450724FF480612846D1
:108CB00017D001F0A9FB04460DF1060301224FF481
:108CC000004128466CB901F09FFB0137FFB2044612
:108CD00038B9BDF806301B0706D5052FD9D16FF07E
:108CE0000704204603B0F0BD052FF8D001AB28469D
:108CF000012248F20D0101F087FBBDF80640BDF8E6
:108D00000430A6F8803604F00104A6F88246002854
:108D100018BF0446204603B0F0BD00BF30B583B095
:108D20000C460DF10603012248F20D01054601F043
:108D30006BFB08B103B030BDBDF80620E40122F49E
:108D4000607204F4607492B22846224348F20D0126
:108D500001F0B8FB03B030BD2DE9F843B0F854364C
:108D60002DED028B07EE903A0C461904B8EE678A97
:108D700048BFDFED597A054694F8240048BF38EE25
:108D8000678A07F081FEB5F880360646C3F3812076
:108D90000F4607F089FE02460B463046394607F07B
:108DA00035FD49A3D3E9002307F0E8FE41EC100BA1
:108DB00001F0B6FD51EC100B08F0B8F9B4F902302F
:108DC00007EE903A06EE900AB4F90030F8EEE77A32
:108DD00007EE103AD6EE887AB8EEC77AC7EE877AF1
:108DE00017EE900A07F072FE39A3D3E9002307F0CB
:108DF0000FFD08F09BF9B5F8403607EE903A1A04DB
:108E0000B8EE677AB5F8003644BFDFED337A37EE57
:108E1000677A07EE903A1B0448BFDFED2F6AF8EE41
:108E2000677A814648BF77EEE67AD4ED046AE6EECB
:108E3000877AC7EE277A17EE900A07F047FE274B8E
:108E4000002207F09BFE08F071F907F03FFE06468E
:108E500060680F4607F03AFE02464846904689464B
:108E600007F034FE1AA3D3E9002307F0CFFC024633
:108E70000B464046494607F081FE194B002207F099
:108E8000C7FC02460B463046394607F0A1FF0646AE
:108E9000A0890F4607F008FE02460B4630463946C9
:108EA00007F0B4FC08F042F9D4ED027A07EE100A9C
:108EB00087EE270ABDEC028BF3EE097A30EE270A23
:108EC000BDE8F883AFF30080EF39FAFE422EE63FAB
:108ED0006666666666660A400000804700001041CC
:108EE0000000F03F000000002DE9F04F2DED108B49
:108EF000B0F85436B0F882B68BB007EE903A1C0446
:108F00000190F8EE678A019B48BFDFEDBF7A91F8C8
:108F10002400B3F88046059248BF78EEE78A0D46F4
:108F200010EE909AB0EE408A07F0AEFD0646C4F30C
:108F300081200F4607F0B8FD02460B463046394601
:108F400007F064FCA8A3D3E9002307F017FE41EC67
:108F5000100B01F0E5FC51EC100B08F0E7F8B5F947
:108F6000022007EE902A06EE900AB5F90020F8EEEE
:108F7000E77A07EE102AD6EEA87A6411B8EEC77A1F
:108F8000B7EE00BAC7EE877A17EE900A07F09EFD9B
:108F900097A3D3E9002307F03BFC08F0C7F8DDF8FE
:108FA00004A0804629465046FFF7D6FE10EE100A70
:108FB000F0EE409A07F08AFD8FA3D3E9002307F073
:108FC00027FC02460B4607F0D9FD064648460F46E9
:108FD00007F07CFD88A3D3E9002307F019FC0246C3
:108FE0000B4607F0CBFD02460B4607F0C7FD08F025
:108FF0009DF8324684463B463046394608EE90CAD4
:1090000007F0BCFD08F092F8B5F94230B5F9402000
:1090100095ED0E5AD5ED0B5A9FED7C6AD5ED0D6A94
:109020000DEE903A07EE900A1DEE901A77EEE87A70
:10903000891A87EE889ABAF814361804404607EE63
:10904000902A07EE101AB8EEE7CAB8EEC77AF7EE24
:10905000007AB0EE67EAA5EE07EA04F08001049119
:10906000B0EE677AA5EE867AF0EE67EAC7EE87CAB9
:1090700007EE903AB5F91430B8EE677A44BFDFEDE9
:10908000627A37EE677A07EE903A019BF8EEE77A5C
:10909000B3F81026B3F8503687EE87AA110407EE0E
:1090A000902A39EE289AF8EE678A07EE903AF8EEA1
:1090B00067AA44BFDFED547A78EEE78A1A0444BF0A
:1090C000DFED517A7AEEE7AAF3EE097A79EEE79AC4
:1090D000D5ED087AE6EE8CEAA7EEA9BA07F0F6FC21
:1090E0000B46024642A1D1E9000107F08FFB024680
:1090F00016460F46E869CDE9026707F0E7FC3246FD
:109100003B4607F03BFD0022414B07F07FFB42F658
:109110004C230646EB5E07EE903AF8EEE77A0F46F0
:1091200067EE8B7A6AEE288A17EE900A07F0CEFC7B
:1091300032463B4607F022FD804618EE900A8946EB
:1091400007F0C4FC02460B464046494607F060FB68
:1091500007F0ECFF95F82530049A089093422EEE24
:109160008EEA6AEE2AAA00F0CC8142F64E2205F57C
:109170002953AA5E93ED047A07EE902AF8EEE77A77
:1091800077EE877A67EE8B7A9FED1FDA17EE900AFB
:1091900007F09CFC32463B4607F0F0FC06461AEE10
:1091A000900A0F4607F092FC02460B4630463946BD
:1091B00007F02EFB07F0BAFF0BF5296305EB8303DD
:1091C00007930AAB62B2F7EE007A03EB8B03C7EEAC
:1091D00088AA0990009205F1440A002406939FEDA5
:1091E00008BB1DE0AFF30080EF39FAFE422EE63FE8
:1091F0006666666666660A40666666666612714000
:10920000000000000000D03F000080470000204226
:109210000000F03FB4F5407F0AF1040A00F05481E9
:10922000009AC4F34016002A27463346BCBF07F015
:10923000010373409B4504F10104EBD1019B023B08
:1092400033F8143007EE903A1B040AF5905393ED6F
:10925000007A05F64243B8EE678A33F91430F7EE28
:10926000007AE9EE877A07EE103AB8EEC77A48BF7F
:1092700038EE4D8A67EE277A17EE900A07F026FC43
:109280000AF5F05380461868894607F01FFCDDE9AF
:10929000022307F073FCA24B002207F0B7FA024644
:1092A0000B464046494607F069FC68EE0A7A80465C
:1092B00017EE900A894607F009FC02460B46404625
:1092C000494607F0A5FA07F031FF95F82530049AD2
:1092D000934207EE100A30D07600F91C731E002965
:1092E00006EE103A07F1020308464FEAA303B8BF9F
:1092F000B81DA3EBA00303EBA40337EA270728BF9D
:109300000F46A3EBA707C6F1010617FB06F671B2DD
:1093100007EE901A05F5295305F52952F8EEE77A7C
:10932000D3ED056AD2ED065AB8EEC66A66EEE77A64
:109330001832E5EE867A37EE277A079BD5ED066A76
:10934000D3ED015A95ED0A6A9AED008A069BF7EE75
:10935000007AE9EE867AA6EEE58A53ED028A28EED7
:10936000278A68EEE68A18EE100AEAEE878A07F086
:10937000ADFBB0EE68FA06460F4602460B4607F014
:10938000FDFBA9EE08FA32463B4607F0F7FB8046A4
:109390001FEE100A894607F099FB02460B4640462D
:1093A000494607F0EBFB07F0C1FE07EE900AF1EE2D
:1093B000E77A18EE900AF1EEE7FA07F087FB8046AD
:1093C000894695ED0CFA1FEE100A07F07FFB52A3B9
:1093D000D3E9002307F0D2FB02460B460020504998
:1093E00007F014FA32463B4607F0C8FB6FEE2F7ABF
:1093F000064617EE900A0F4607F068FB02460B463A
:109400003046394607F004FA02460B4640464946C4
:1094100007F0DEFC064619EE100A0F4607F056FB71
:1094200002460B463046394607F0F2F9B0EE4B1AC9
:10943000F0EE6B1A41EC100B01F07AFB36A3D3E986
:10944000002351EC100B07F0E1F907F06FFEB5F9BE
:109450003E3007EE103A07EE900AB8EEC77AB4EE47
:10946000E77AF1EE10FA34DDB5F93C3095ED0BFA00
:1094700007EE103A28EE2C8AB8EEC77A77EEC77A54
:10948000B7EE007AA7EE8F7A059B03EB840627EEF2
:10949000088A0AF1040AC8EE887A77EE897AB1EE72
:1094A000E77AF1EEC77A17EE900A07F00FFB1AA3DE
:1094B000D3E9002307F0AAF907F038FEB4F5407F9E
:1094C00046F8040C7FF4ACAE0BB0BDEC108BBDE8DD
:1094D000F08FB4EEE7CAF1EE10FACFDCB8EEED7A19
:1094E000B4EEE77AF1EE10FA06DD28EE2E8A95ED5D
:1094F0000DFAB0EE4C7AC1E728EE0E8A95ED0EFA21
:10950000BCE742F64E23EB5E07EE903AF8EEE77AC0
:1095100038E600BFAFF3008066666666661271408B
:109520000000F03F4FF6D872B0F87E30CA63B0F852
:109530007E209FED465AC2F30312C3F30133A1F814
:10954000402003EB830330B45B00B0F87E4012FB95
:1095500003F292B2C4F3032404FB0323A1F84230C4
:10956000A1F84020B0F87E40B0F87A30B0F87C2006
:1095700004F00F0000F108040120A040D4B2120A48
:1095800007EE902AB8EEE77A07EE900AF8EEE76A5F
:10959000F7EE004A81ED0E7A84EEA67A1D0ADBB260
:1095A00007EE903AF8EEE77A05EE905AF4EEC57AB7
:1095B00006EE104AF1EE10FAF8EEE55AC8BFDFEDFC
:1095C000246AC1ED0C5AB8EEC66AC8BF77EEE67AD7
:1095D00081ED0D6AD1ED0C6A9FED1C6A67EE277A6A
:1095E000F4EEC66AF1EE10FAC1ED0B7AC8BFDFEDFA
:1095F000187A9FED166AC8BF76EEE76AD1ED0D7A4C
:1096000067EE266AF4EEC67AF1EE10FAC1ED0C6A46
:10961000C8BFDFED0F6A9FED0D6AC8BF77EEE67A2F
:10962000D1ED0E6A67EE277AF4EEC66AF1EE10FA13
:10963000C1ED0D7AC4BFDFED067A76EEE76A30BC85
:1096400027EE267A81ED0E7A704700BF0000FE42B9
:1096500000008043000000002DE9F04F2DED048B49
:10966000B0F844E0B0F846C0B0F84860B0F84A50EE
:10967000B0F84C20B0F84E30B0F84070BFB00EF0EB
:109680000F098846CEF30311CDF818900791CEF359
:1096900003294FEA1E31CDE908910CF00F010A9120
:1096A000CCF303110B914FEA1C31CCF3032E0D9137
:1096B000C6F30321C6F3031CCDF830E0109106F089
:1096C0000F0EC5F30311360BCDF838E0CDF83CC0D2
:1096D00005F00F0EC5F3032C119613912E0BC2F358
:1096E000031102F00F05CDF848E0CDF850C04FEA65
:1096F000133EC2F3032C1596120B03F00F061695BA
:109700001791C3F30315C3F30321044605ABB0F867
:1097100042000590CDF860C00393CDE91926CDE94C
:109720001B51380BC7F30322CDF874E01E3007F04D
:109730000F0EC7F3031B049253F8042F072AC4BF6C
:10974000103A1A601DAA9A42F6D1B4F85070B4F8D3
:109750005260B4F85450B4F85610B4F85820B4F825
:109760005A3007F00F0CCDF878C0C7F3031CCDF8C2
:109770007CC0C7F3032C3F0BCDE920C706F00F07D1
:109780002297C6F303172397C6F30327360BCDE9B9
:10979000247605F00F062696C5F303162796C5F323
:1097A00003262D0B299501F00F052A95C1F303150A
:1097B0002B95C1F30325090BCDE92C5102F00F01C4
:1097C0002E91C2F3031128962F91B4F85C60C2F376
:1097D0000321120B30913192C3F30311C3F303221F
:1097E00003F00F0533911B0B06F00F013492C6F303
:1097F0000312CDE9353132953792B4F85E30C6F3B5
:10980000032203F00F01C3F30325360B3892C3F391
:1098100003121B0BCDE93A12CDE93C5339961DAB2F
:109820003DA953F8042F072AC4BF103A1A60994281
:10983000F7D1012303FA0EF307EE903AB8EEE78A68
:1098400007F022F901F1004730A3D3E9002339469C
:1098500007F094F941EC100B01F062F804F17E037B
:1098600002939FED299A08F1440357EC106B019382
:109870000DF1F80AF3EE0F8A039A019D52F8043FA6
:109880000392049ADDF8088003FA02F9059B1EACE6
:10989000994438F8023FC3F3051307EE903A54F8A1
:1098A000043BF8EEE77A03FA0BF34B44F4EEE87A64
:1098B00007EE103AF1EE10FAC8BF77EEC97AB8EEAB
:1098C000C77AC5ED007AA8EE277A17EE100A07F0DE
:1098D000FDF832463B4607F051F907F027FCA24558
:1098E00045F8040BD5D1029B40330293019B803392
:1098F0000193039B1DAA9A42BED13FB0BDEC048BDD
:10990000BDE8F08FAFF3008000008042EF39FAFE2F
:10991000422EE63F2DE9F04F878CC68C058D448D95
:10992000828DC38DB0F820B0BBB08E46418C0191C2
:10993000C7F3031107F00F0C0391C7F303213F0B8B
:10994000CDE9041706F00F010691C6F30311079144
:10995000C6F30321089105F00F01360B0A91C5F3F8
:10996000032109960C91C5F30316C4F303112D0BC3
:109970000B960D9504F00F06C4F303250F91240BED
:10998000C2F3031102F00F070E961095C2F30326DF
:10999000119403F00F05C3F303141391120BC3F3D7
:1099A00003210DF104081B0BCDF808C01297CDE977
:1099B000152514960BF00F07CDE91741CBF3031CC7
:1099C0001993F146CBF3032B43460DF1640A53F888
:1099D000042F072AC4BF103A1A609A45F7D1068EA1
:1099E000458E848EC18E028F438F06F00F0ECDF808
:1099F00068E0C6F3031ECDF86CE0C6F3032E360B09
:109A0000CDE91CE605F00F061E96C5F303161F965A
:109A1000C5F303262D0BCDE9206504F00F05229533
:109A2000C4F303152395C4F30325240B259401F0F7
:109A30000F042694C1F303142794C1F30324090BE4
:109A4000CDE9284102F00F012A91C2F303112495B8
:109A50002B91858FC2F30321120B2C912D92C3F30E
:109A60000311C3F3032203F00F042F911B0B05F026
:109A70000F013092C5F30312CDE931312E943392A8
:109A8000C38FC5F30322C3F3031103F00F042D0B9F
:109A90003492C3F303221B0BCDE93641CDE93823C1
:109AA0003595534639A953F8042F072AC4BF103AF5
:109AB0001A609942F7D100F17E0E09F642493AAE9A
:109AC00058F8045F019B05FA0BF51D44ADB24846FA
:109AD0001AA9744634F8022FB2F5004F4FEA9223C8
:109AE0001AB228BFA3F1400251F8043B28BF12B2BA
:109AF00003FA0CF342802B44BA4013448E4220F800
:109B0000023FE7D1C2450EF1400E09F14009D7D11D
:109B10003BB0BDE8F08F00BF2DE9F04F07462DEDBB
:109B2000048BB0F87000B7F86E20B7F86C4000F006
:109B30000F05012385B0AB4007EE903AC0F3031048
:109B400097F96D508DF80F200830120AB8EEE78AA9
:109B500001958DF80D208B468DF80C508DF80E4038
:109B600006F092FF01F1004537A3D3E9002329460F
:109B700007F004F841EC100B00F0D2FE0BF5925BFD
:109B800059EC108B0BF1040BBE374FF0000AB0EE0E
:109B9000089AF2EE008ADDED017AA7F140050AF19C
:109BA00001045E460DE0C4F3401204F0010303EB30
:109BB000420304AA1344013413F9043C019307EE51
:109BC000903A35F8023FC3F34203B8EEE77A07EE66
:109BD000903AF8EEE77AF0EE476A37EEE86AF4EE8C
:109BE000C97AF1EE10FAC8BFE6EE086AA7EE887AE5
:109BF00017EE100AC8BF16EE900A06F067FF42463D
:109C00004B4606F0BBFF07F091FAAF4246F8040B53
:109C1000C9D10AF1200ABAF5407F07F140070BF1DC
:109C2000800B0BD00AF00102CAF3401302EB43038E
:109C300004AA134413F9043C0193ACE705B0BDEC4E
:109C4000048BBDE8F08F00BFEF39FAFE422EE63FED
:109C50002DE9F047B0F86830B0F870001C0BB3F590
:109C6000004F82B0C3F3032228BF103C1D0548BF3C
:109C7000103A8A468DF806201906C3F3031248BF2E
:109C8000103A8DF8052003F00F021B0748BF103A69
:109C900064B2C0F303208DF807208DF8044006F06D
:109CA000F3FE01F100472EA3D3E90023394606F065
:109CB00065FF41EC100B00F033FE0AF5F65857EC47
:109CC000106B0AF52B5A08F104080AF1040A4FF048
:109CD000000907EE904AF8EEE77A09F1010417EE61
:109CE000900A06F0F3FE32463B4606F047FF07F0C7
:109CF0001DFAA8F17C0548F8800CC4F3401204F06A
:109D0000010303EB420302AA1344013413F9040CC8
:109D100007EE900AF8EEE77A17EE900A06F0D6FE04
:109D200032463B4606F02AFF07F000FA45F8040BDE
:109D30004545E2D108F18008C24509F120090AD061
:109D400009F00102C9F3401302EB430302AA1344D2
:109D500013F9044CBDE702B0BDE8F087AFF3008013
:109D6000EF39FAFE422EE63F2DE9F04D06462DED85
:109D7000048BB6F97420B6F87430B6F87250DFED83
:109D80006E7AB0F84000C2F30908920546BFA8F504
:109D900080681FFA88F21FFA88F24FEA932748BFBB
:109DA0000FFA88F8B3F5004FC5F3090308EE103A2F
:109DB000B8EEC88A28BF403FB4EEE78A28BFBFB2DA
:109DC000F1EE10FAC8BFDFED5D7A4FEA103000F116
:109DD0001B00C8BF38EE678A0C46174406F054FED5
:109DE00001F10043194652A3D3E9002306F0C6FE51
:109DF00041EC100B00F094FD5BEC10AB18EE100A78
:109E000006F064FE52465B4606F0B8FEAD0A07F067
:109E10008DF907EE905AF8EEE77AB6F87650DFED56
:109E2000486AB6F87060B3EE0F7AF4EEC77AF1EED6
:109E300010FAEBB2C8BF9FED437A08EE103AC8BFE4
:109E400077EEC77AB8EEC88A9FED3F7AB4EEC78A3C
:109E5000F1EE10FAF7EE008AE7EEA68A4FEA152532
:109E60003FB2C8BFDFED397A09EE100AC6F303101E
:109E700000F10800C8BF38EE678A06F005FE01F160
:109E8000004319462AA3D3E9002306F077FE41ECEC
:109E9000100B00F045FD5BEC10AB18EE100A06F05D
:109EA00015FE52465B4606F069FE07F03FF907EEE5
:109EB000905AB8EEE78ADFED247A2062B4EEE78AA2
:109EC000F1EE10FAC8BFDFED217AC6F30320C8BF58
:109ED00038EE678A06F0D8FD01F10043194614A355
:109EE000D3E9002306F04AFE41EC100B00F018FD08
:109EF0005BEC10AB18EE100A06F0E8FD52465B462C
:109F000006F03CFE07F012F969EE288A04F52952A2
:109F1000E06182ED019AC2ED028ABDEC048B42F64B
:109F20004C2542F64E2124F805806752BDE8F08D9D
:109F3000EF39FAFE422EE63F0080FF4300008044E6
:109F40000000003C000080420000FE420000804310
:109F500042F65C2201EB020C2DE9F0414FF0FF3399
:109F600000268B507E30CCF80430CCF80830CCF88A
:109F70000C30CCF810303546334641F2305841F2BF
:109F80002C5E0CE09380BDB201339BB2B3F5407FF1
:109F90001DD0052D00F0FC80052E00F0FD8030F86E
:109FA000024F05EB0E0201EB42026F1C002CE9D0C0
:109FB00014F0010F06EB0802E6D001EB4202013675
:109FC000D38001339BB2B3F5407FB6B2E1D1052D0A
:109FD00000F0DE80052E00F0DF80AB19042B00F3CB
:109FE000E380002D3FD060460424E31E9D4233DD14
:109FF000038842889A1A02F12107022F40F2D0808A
:10A00000571C022F40F2CC801F3A022A40F2C8802F
:10A01000A21E954220DD82889A1A02F12107022FA2
:10A0200040F2BE80571C022F40F2BA801F3A022A2B
:10A0300040F2B680621E95420EDDC2889B1A03F183
:10A040002102022A40F2AC805A1C022A40F2A88067
:10A050001F3B022B40F2A4800134231F9BB29D4280
:10A0600000F10200C1D8002E3BD001F52950263066
:10A070000424E31E9E422DDD038842889A1A02F1D1
:10A080002107022F40F28C80571C022F40F288805B
:10A090001F3A022A40F28480A21E96421ADD82886C
:10A0A0009A1A02F12107022F7AD9571C022F77D969
:10A0B0001F3A022A74D9621E96420BDDC2889B1A8F
:10A0C00003F12102022A6BD95A1C022A68D91F3BCC
:10A0D000022B65D90134231F9BB29E4200F102007E
:10A0E000C7D8002D52D001F5295E774674467146D7
:10A0F00028370EF1260E2A342C310020002E41D0B4
:10A100003CF81030BEF800209A1A02F12108B8F18C
:10A11000020F45D902F10108B8F1020F40D91F3AE8
:10A12000022A3DD9012E2DD03A889A1A02F121082F
:10A13000B8F1020F34D902F10108B8F1020F2FD99A
:10A140001F3A022A2CD9022E1CD022889A1A02F118
:10A150002108B8F1020F23D902F10108B8F1020F6A
:10A160001ED91F3A022A1BD9032E0BD00A889B1A2C
:10A1700003F12102022A13D95A1C022A10D91F3BCB
:10A18000022B0DD9013083B29D42B7D8002001E0E7
:10A190006FF00200BDE8F0816FF00300BDE8F081D0
:10A1A0006FF00500BDE8F0816FF00400F2E700BF3A
:10A1B000838A5B0600F10C8170B50C46B0F866101E
:10A1C000B0F966300A0AB1F5004F28BFA2F58072D7
:10A1D00063F0FF0328BF92B25B01A3F50053520165
:10A1E0002DED028B22806380B0F86430DFED7A8A37
:10A1F0009A0A07EE902AF8EEE77AB3EE0F7AF4EEB9
:10A20000C77AF1EE10FAC8BF9FED747AC3F3090361
:10A21000C8BF77EEC77A07EE103AB8EEC78A9FED4F
:10A22000707AB4EEC78A0546F1EE10FA008CB5F8E4
:10A23000626067EEA88AC8BFDFED6A7A00F47040FA
:10A24000C8BF38EE678A06F02FFC674B002206F085
:10A2500095FC0022654B06F0DBFA06F067FFA6814D
:10A26000B5F86030A38295F87830DFED617A9FED24
:10A27000616A206107EE103AB5F87030C4ED018ACA
:10A28000B8EEC77AC3F30133B4EEE77A84F824302A
:10A29000B5F87830F1EE10FAC8BFDFED577A4FEA23
:10A2A0001323C8BF37EE677A07EE903AF4EE006AE0
:10A2B00028EE268AF8EEE77ADFED4D6A84ED028A11
:10A2C00027EE067AF4EEE67AF1EE10FA84ED067ADD
:10A2D000C4BF9FED497A77EEC77A9FED487A67EE63
:10A2E000877A2146C4ED0A7A2846FFF71BF92846EB
:10A2F000FFF7B2F921462846FFF70CFB2146284616
:10A30000FFF70AFC21462846FFF7A2FC2146284613
:10A31000FFF72AFDB5F86A30DFED396AAA8A03F043
:10A320003F0107EE901AF8EEE77AB3EE0F7AF4EEFB
:10A33000C77AF1EE10FAC8BF9FED287AC3F38411F3
:10A34000C8BF77EEC77A07EE101AB8EEC77AB2EE3A
:10A350000E6AB4EEC67AF1EE10FA67EEA66AC8BFCE
:10A36000DFED287A4FEAD323C8BF37EE677A07EECE
:10A37000903AF8EEE77AB2EE0E6AF4EEC67A6FEA39
:10A380001212F1EE10FA02F0800284F82520C8BF04
:10A390009FED1C6ABDEC028BC8BF77EEC67A04F550
:10A3A0002951F6EE005AB4EE006A0B4627EE257AE4
:10A3B00067EE867A0E461833C1ED046A284686EDAC
:10A3C000057A2146C3ED007ABDE87040FFF7C0BDB5
:10A3D0006FF00600704700BF000080390000804227
:10A3E0000080FF43000080440000103F0000204038
:10A3F0000000FE420000003D0000804300000039E4
:10A400000000803D000000422DE9F04F520097B25D
:10A4100083B0002F4FD02A4C824688461D464FF00D
:10A42000000B06E073080193BF1BBFB29844002FD6
:10A4300041D051462046FBF783FFC8F30721204651
:10A44000FBF71CFE5FFA88F12046FBF717FE0021A0
:10A450002046FBF77FFF70BB202F3E4628BF2026FB
:10A46000324651462046FBF72BFF2046FBF702FE03
:10A470000028D7D073080193D6D003EB0B091FFA3D
:10A4800089F92046FBF70EFE000225F81B00204646
:10A49000FBF708FE35F81B100BF10102084325F805
:10A4A0001B001FFA82FBCB45EBD1019BBF1BBFB248
:10A4B0009844002FBDD1002003B0BDE8F08F00BF4D
:10A4C0009CB5002070B50D4682B001460646164880
:10A4D0001446FBF735FFC5F307211348FBF7CEFD04
:10A4E000E9B21148FBF7CAFD210A0F48FBF7C6FD88
:10A4F0000D48E1B2FBF7C2FD0B48FBF789FF78B9C5
:10A500000DF10603294630460122FFF77DFFBDF815
:10A510000630A3420CBF00206FF0010002B070BDF6
:10A520004FF0FF30FAE700BF9CB5002038B5282275
:10A5300004460846002107F0B5F90A490A4D0B22E6
:10A5400007F024FF01210022C160C2720346646A41
:10A55000064807491C6102245A625C61DD6198610A
:10A56000196238BDFCB104000000C8C40000C84432
:10A570008FC2753C034A02600022C0E907220276BE
:10A58000704700BF1CB20400F0B597B0012400274B
:10A590002126D0E9071205462346039408A8019412
:10A5A00002970096FAF734FE2246022308A904A86F
:10A5B000FAF766FF214604A8FAF7F2FF0A2002F034
:10A5C000F3FBCDE90274CDE900642346D5E9071217
:10A5D0000FA8FAF71DFE0FA90523022206A8FAF715
:10A5E0004FFF06A8FAF754FF287617B0F0BD00BF5A
:10A5F000F0B58FB001230625002728260446D0E9B0
:10A600000712CDE901570393009607A8FAF700FE59
:10A610002A4605A907A8FAF7E5FE9DF817509DF808
:10A620001620207E9DF819C09DF818309DF8156001
:10A630009DF81410059F676042EA0522032812B2B4
:10A6400007EE102A9DBF154A02EB8000D0ED007A7C
:10A65000F7EE007AF7EE005A85EEA76A43EA0C237C
:10A6600041EA06211BB209B2238106EE901A07EED9
:10A67000903AF8EEE66AB8EEC77AF8EEE77A66EE58
:10A68000866A27EE067A67EE867AC4ED036A84ED61
:10A69000047AC4ED057A0FB0F0BD00BF04B2040027
:10A6A00038B520220C460546081D002107F0FAF8AF
:10A6B000242323606B6A63600223A36002F068FBBB
:10A6C00020612846FFF794FFD5ED037A9FED097AC4
:10A6D00067EE877A0120C4ED057AD5ED047A67EE3E
:10A6E000877AC4ED067AD5ED057A67EE877AC4EDF0
:10A6F000077A38BD0000C842F0B597B04FF0200C83
:10A70000012500270E460446D0E907122B460DEB23
:10A710000C00CDF800C0039501950297FAF778FD7B
:10A7200008A90523022204A8FAF7AAFE314604A8C4
:10A73000FAF736FFCDE9027501952320D4E9071217
:10A740002B4600900FA8FAF763FD02230FA91A46C3
:10A7500006A8FAF795FE314606A8FAF721FF17B0CA
:10A76000F0BD00BFF0B505468FB0FFF70DFF2846DE
:10A770000321FFF7C1FF2846032101240026FFF72C
:10A78000BBFF20270A2002F00FFBD5E90712234662
:10A79000039407A8019402960097FAF739FD23461F
:10A7A00007A9042205A8FAF76BFE214605A8FAF7C7
:10A7B000F7FECDE9026401942123D5E9071207A829
:10A7C00000932346FAF724FD07A90523022205A8D2
:10A7D000FAF756FE314605A8FAF7E2FE2E76CDE9E5
:10A7E000026401942223D5E9071207A800932346A7
:10A7F000FAF70EFD334607A9022205A8FAF740FE34
:10A80000314605A8FAF7CCFE20460FB0F0BD00BFD8
:10A81000F0B50446C0698DB00D46164608B104F087
:10A82000C7FD276A2FB13846FBF72CF8384604F0ED
:10A83000BFFD00272762102004F0B8FD29463246EC
:10A840000546FAF74BFFE56128460121FAF750FF6C
:10A8500008B90DB0F0BD01230F22CDE90023039309
:10A860000297D4E9071205A8FAF7D2FC05A8FAF76F
:10A8700037FD3D2802D038460DB0F0BD2046FFF729
:10A8800071FF0DB0F0BD00BF70B58EB00123002583
:10A8900022260C46D0E90712CDE90135039307A81B
:10A8A0000096FAF7B5FC2B4607A9022205A8FAF78D
:10A8B000E7FD214605A8FAF773FE0EB070BD00BF94
:10A8C000F0B58FB00123002721260D460446D0E9BC
:10A8D0000712CDE90137039307A80096FAF798FC11
:10A8E00007A90523022205A8FAF7CAFD294605A8EB
:10A8F000FAF756FE25760FB0F0BD00BF08B501216E
:10A900000D2005F0D7FC0D2005F098FD0420012155
:10A9100005F0D0FCBDE80840042005F08FBD00BF65
:10A92000F0B52DED048BB0EE408AF0EE608A3A4C23
:10A930008BB000F0B5FA94F90030B0EE409AF0EE2A
:10A94000609A013317D0B0EE480AF0EE680A01F0C1
:10A95000D7FD80B12CA3D3E9002351EC180B06F0EE
:10A960009DFB0546A0BB2AA3D3E9002351EC180B9D
:10A9700006F076FB38B9B0EE490AF0EE690A0BB082
:10A98000BDEC048BF0BD94F90030244A08950026F4
:10A9900000270421022B8DED048B8DED028BCDE978
:10A9A0000667CDE900120ED0684601F0B5FD50B142
:10A9B000089B0BBB9DED069BDDE719490020022B90
:10A9C000CDE90601F0D106F0F7FE22230360EFE7A0
:10A9D000124A94F900300192032100228DED048B7C
:10A9E0008DED028B00910892002BE6D10D4B4FF0BC
:10A9F0006042CDE90623D7E706F0DEFE089B036040
:10AA0000D8E700BFAFF30080EF39FAFE422E864050
:10AA100051302DD5104987C091610020C4B2040087
:10AA20000000F07FFFFFEF47F0B52DED028B8BB0FC
:10AA300055EC104B00F024FE384BB0EE408AF0EE9F
:10AA4000608A93F900707B1C0ED022462B4620466C
:10AA5000294606F02DFB064630B900220023204689
:10AA6000294606F007FB38B9B0EE480AF0EE680A4E
:10AA70000BB0BDEC028BF0BD294B0896CDE9024529
:10AA8000CDE904450193C7B1264B0022CDE9062349
:10AA9000204629460022002306F0D8FA002833D0A9
:10AAA00002239F42009329D106F086FE22230360F1
:10AAB000089BE3B99DED068BD6E71B4F4FF0604630
:10AAC0002046294600220023CDE9066706F0BEFA9B
:10AAD00090B901230093684601F01EFDC0B11348F0
:10AAE00001F01EFD089B8DED060B002BE2D006F059
:10AAF00063FE089B0360DDE702230093684601F0D4
:10AB00000BFD0028D4D1CFE70123022F0093E2D11F
:10AB100006F052FE21230360E1E700BF91610020AF
:10AB2000C8B204000000F0FFFFFFEFC7983B04002D
:10AB30002DE9F04F2DED028B8DB057EC106B55ECDD
:10AB4000114B00F035FEAE4BB0EE408AF0EE608A5D
:10AB500093F90090B9F1FF3F37D022462B462046AB
:10AB6000294606F0A5FA834678BB32463B46304676
:10AB7000394606F09DFA8046002840F093804FF059
:10AB8000000A4FF0000B3046394652465B4606F04D
:10AB90005DFA18B352465B462046294606F056FA3F
:10ABA0000090002857D0974BCDF828800122CDE99E
:10ABB0000467CDE90645CDE908AB02920393B9F1EC
:10ABC000000F00F089809FED8A8BB0EE480AF0EE0E
:10ABD000680A0DB0BDEC028BBDE8F08FB0EE480AFC
:10ABE000F0EE680A01F08CFC8046002800F08280BC
:10ABF0004FF000084FF0000951EC180B42464B464D
:10AC000006F024FA0028E0D047EC106B01F078FC45
:10AC10000028DAD045EC104B01F072FC0028D4D0AB
:10AC2000774B784A93F90030039204210022022BDB
:10AC3000CDE90467CDE90645CDE9088902910A927C
:10AC400004D002A801F068FC00284AD106F0B4FD47
:10AC50002223036045E045EC104B01F051FC002835
:10AC6000B3D052465B462046294606F0F9F9002843
:10AC7000ABD0634B0099634A93F900300A910121EC
:10AC8000CDE90467CDE90645CDE90212002B6FD16D
:10AC9000CDE908AB02A801F03FFC00286ED00A9B6A
:10ACA0002BB320E0002200232046294606F0CEF9EF
:10ACB00000288AD09FED4E8B524BCDF828B0012250
:10ACC000B9F1020FCDE90467CDE906458DED088B9A
:10ACD000029203933FF479AF02A801F01DFC002813
:10ACE00051D00A9B1BB106F067FD0A9B03609DEDE6
:10ACF000088B6AE747EC106B01F002FC00283FF478
:10AD000077AF45EC104B01F0FBFB00283FF470AF30
:10AD100053EC182B18EE100A194606F0C9F9384BF7
:10AD2000002840F0968093F900800A900323029354
:10AD3000344B0393CDE90467CDE90645B8F1000F24
:10AD400026D1DFF8D0904FF0604852465B4630463F
:10AD50003946CDE9088906F083F948BB02A801F01D
:10AD6000DBFB00289BD106F027FD2223036096E73A
:10AD700025490020022BCDE908018BD106F01CFDEE
:10AD8000212303608BE706F017FD21230360A8E76A
:10AD90009FED197B52465B46304639468DED087B68
:10ADA00006F05EF9002837D1B8F1020FDBD0D5E705
:10ADB000164B00222046294605F0E0FE02460B46CF
:10ADC00043EC102BCDE9002301F0B2FBDDE90023B9
:10ADD00051EC100B06F03AF9002836D10C4B08491B
:10ADE0004FF06042CDE9082391F90080DCE700BF15
:10ADF000000000000000F03F000000000000F07FB5
:10AE000091610020D0B204000000F0FF0000E03F9C
:10AE1000FFFFEFC7FFFFEF471C4B002220462946EC
:10AE200005F0ACFE02460B4643EC102BCDE90023A7
:10AE300001F07EFBDDE9002351EC100B06F006F972
:10AE400018B9134B0022CDE90823124B93F9008067
:10AE5000AAE793F90090104BCDF828800122CDE9A4
:10AE60000467CDE90645CDE90223B9F1000F3FF4AF
:10AE70000FAF52465B465046594605F0A9FFB9F15F
:10AE8000020FCDE908013FF479AF03E70000E03F8E
:10AE90000000F0FF91610020D0B20400000000002B
:10AEA0002DE9F04F55EC104B2DED028BDC4925F0D0
:10AEB00000428A4283B04FEAD57613D9D9498A42F3
:10AEC0002FD9C5F31303234310EE102A40F06281FB
:10AED000002E00F0F9809FEDBA0B03B0BDEC028BA1
:10AEE000BDE8F08FD04B9A425BD8D04B9A4200F22B
:10AEF000F080B5A3D3E9002310EE100A294605F02F
:10AF000087FCCB4B002206F0C9F8002800F0E18056
:10AF1000C74B20462946002205F07AFC41EC100B75
:10AF2000D2E0ABA3D3E9002310EE100A294606F0C5
:10AF3000B5F8002840F03A81A7A3D3E900232046C2
:10AF4000294606F08DF80028C5D1BA49A4A3D3E953
:10AF5000002301EBC6062046294605F00FFED6E980
:10AF6000002305F055FC06F0B9F8019005F09CFDB2
:10AF70009DA3D3E9002306460F4605F0FFFD0246D8
:10AF80000B462046294605F041FC99A3D3E900234E
:10AF9000804689463046394605F0F0FD41EC180BF5
:10AFA0001CE0A54B9A42D0D8A44B03EBC603D3E9CF
:10AFB000002310EE100A294605F028FCA04BF200F1
:10AFC000134493ED007BC6F1010AAAEB0603804609
:10AFD00089460193B0EE478AF0EE678A53EC182B4E
:10AFE0004046494605F012FC02460B4682468B4617
:10AFF00005F0C4FD80A3D3E9002304460D4605F007
:10B00000BDFD7FA3D3E9002305F000FC22462B46BB
:10B0100005F0B4FD7CA3D3E9002305F0F9FB22463B
:10B020002B4605F0ABFD7AA3D3E9002305F0EEFB38
:10B0300022462B4605F0A2FD77A3D3E9002305F0B5
:10B04000E7FB22462B4605F099FD02460B4650468B
:10B05000594605F0DBFB019B0F46064654465D460C
:10B0600001463A46002B6DD032463B465046594683
:10B0700005F084FD324604463B460D4600204FF065
:10B08000804105F0C3FB02460B462046294605F0E9
:10B090009FFE02460B4651EC180B05F0B7FB4246EB
:10B0A0004B4605F0B3FB0B4602466149002005F014
:10B0B000ADFB019C6FF47F739C42C0F2C3800246DB
:10B0C00001EB045343EC102B03B0BDEC028BBDE845
:10B0D000F08F22462B462046294605F04FFD46A319
:10B0E000D3E9002306460F4605F048FD44A3D3E903
:10B0F000002305F08BFB32463B4605F03FFD42A3A3
:10B10000D3E9002305F084FB32463B4605F036FDCB
:10B110003FA3D3E9002305F079FB32463B4605F017
:10B120002DFD3DA3D3E9002305F072FB32463B46DB
:10B1300005F024FD02460B462046294605F066FB35
:10B140000A460146914688460A464B46204629460D
:10B1500005F014FD002206460F464FF0804340469E
:10B16000494605F053FB02460B463046394605F08A
:10B170002FFE22462B4605F049FB02460B460020D7
:10B180002B4905F043FB41EC100B03B0BDEC028BE7
:10B19000BDE8F08F2B462046294605F039FB41ECEF
:10B1A000100B03B0BDEC028BBDE8F08F06A3D3E912
:10B1B00000231046194605F0E1FC41EC100B83E733
:10B1C00000000000000000009C7500883CE4377E11
:10B1D000EF39FAFE422E864051302DD5104987C0F6
:10B1E000FE822B654715F73F0000E0FE422EE63F4A
:10B1F000763C7935EF39EA3DD0A4BE726937663EB8
:10B20000F16BD2C541BDBB3E2CDE25AF6A56113F66
:10B2100093BDBE166CC1663F3E5555555555C53F4D
:10B22000412E8640FFFFEF7F422ED63FFFFF2F3E8D
:10B230000000F03FD8B20400B1A2F03FE8B2040031
:10B24000F8B20400019B03F57A7A01EB0A53194620
:10B2500000224FF0B87305F091FC41EC100B03B0E5
:10B26000BDEC028BBDE8F08F2DE9F04F51EC100BD7
:10B270002DED028BB1F5801F83B00B4657DA21F01C
:10B280000042024300F0FE800029C0F23E81E44B00
:10B29000002205F073FCE34A0B4693426FF035073A
:10B2A0004ADCC3F3130505F5152606F6647606F4A5
:10B2B000801686F07F5282F4401242EA05011C1586
:10B2C0000022D94B05F0A2FAAB1CA4F2FF34C3F361
:10B2D00013033C44022B04EB165482468B464FF07A
:10B2E000000234DC002305F0B1FE002800F0D78016
:10B2F000002C00F06681204605F0D6FBB2A3D3E90E
:10B30000002306460F4605F039FCB1A3D3E900231C
:10B3100004460D463046394605F030FC02460B46E1
:10B320002046294605F074FA41EC100B0AE0BD4AAC
:10B3300093424FF00007B4DD02460B4605F068FA71
:10B3400041EC100B03B0BDEC028BBDE8F08F4FF069
:10B35000804305F05DFA02460B465046594605F01B
:10B3600037FD02460B46204643EC182B05F09CFBAC
:10B3700053EC182B06460F4651EC180BCDE900672D
:10B3800005F0FCFB02460B468046894605F0F6FBBD
:10B3900091A3D3E9002306460F4605F0EFFB90A3E7
:10B3A000D3E9002305F034FA32463B4605F0E6FBCC
:10B3B0008DA3D3E9002305F02BFA32463B4605F076
:10B3C000DDFB8BA3D3E9002305F022FA42464B466E
:10B3D00005F0D4FB88A3D3E9002380468946304694
:10B3E000394605F0CBFB86A3D3E9002305F010FA1C
:10B3F00032463B4605F0C2FB83A3D3E9002305F0A8
:10B4000007FA32463B4605F0B9FB0B460246494671
:10B41000404605F0FDF9A5F5C223C5F5D725A3F2F1
:10B420007A4351351D43002D06460F465FDD7F4BA5
:10B4300000225046594605F0A1FB52465B4605F0F6
:10B440009DFB80468946002C6AD142464B463046D9
:10B45000394605F0DDF953EC182B05F08FFB024659
:10B460000B464046494605F0D1F902460B46504688
:10B47000594605F0CBF941EC100B03B0BDEC028B43
:10B48000BDE8F08F002200236949002005F0A0FCF0
:10B4900041EC100B03B0BDEC028BBDE8F08F5CA358
:10B4A000D3E900235046594605F068FB02460B4697
:10B4B00000205E4905F0AAF9524606460F465B4653
:10B4C0005046594605F05AFB02460B46304639466F
:10B4D00005F054FB06460F46002C5AD102460B4697
:10B4E0005046594605F092F941EC100B2AE7002C22
:10B4F00040F0A08002460B465046594605F086F9BA
:10B5000053EC182B05F03AFBAFE710EE102A05F0CC
:10B510007DF90022002305F05BFC41EC100B11E7E4
:10B5200029A3D3E90023DDE9000105F027FB42460A
:10B530004B4604460D463046394605F069F953EC52
:10B54000182B05F01BFB22A3D3E9002306460F4668
:10B55000DDE9000105F012FB02460B463046394694
:10B5600005F056F902460B464046494605F04EF9AD
:10B5700052465B4605F04AF902460B4620462946EC
:10B5800005F044F941EC100B03B0BDEC028BBDE8B3
:10B59000F08F204605F088FA0BA3D3E900238046FC
:10B5A000894605F0EBFA0AA3D3E9002304460D46C9
:10B5B0004046494605F0E2FA02460B463046394617
:10B5C000D4E79FED150BBDE60000E0FE422EE63FFE
:10B5D000763C7935EF39EA3D44523EDF12F1C23F05
:10B5E000DE03CB966446C73F599322942449D23F49
:10B5F000935555555555E53F9FC678D0099AC33F99
:10B60000AF788E1DC571CC3F04FA97999999D93FAF
:10B61000555555555555D53F000000000000000018
:10B6200000005043FFFFEF7F0000F03F0000E03FCD
:10B63000000050C3DDE900890DA3D3E90023404693
:10B64000494605F09BFA32463B4604460D465046B5
:10B65000594605F0DBF853EC182B05F08FFA06A3DA
:10B66000D3E9002306460F46A2E700BFAFF30080F0
:10B670000000E0FE422EE63F763C7935EF39EA3DA8
:10B680002DE9F84355EC104BB5F5801F2B461EDA1B
:10B6900025F00042224360D0002D68DB404B294654
:10B6A000002210EE100A05F069FA3E4A0D462B46BC
:10B6B000934204466FF035010EDD22462B462046AC
:10B6C000294605F0A5F841EC100BBDE8F883354A92
:10B6D00093424FF00001F0DC1815A0F2FF3008444F
:10B6E000C70F00EBD070C3F3130605F0DDF9C7F503
:10B6F0007F73033346EA035545EC104B06460F466D
:10B70000FFF7B2FD20A3D3E900233046394659ECB8
:10B71000108B05F033FA1EA3D3E9002304460D462F
:10B720004046494605F02AFA02460B46204629467D
:10B7300005F06EF818A3D3E9002304460D46304601
:10B74000394605F01BFA02460B462046294605F00D
:10B750005FF841EC100BBDE8F8830022002312498A
:10B76000002005F035FB41EC100BBDE8F88310EE2E
:10B77000102A2046294605F049F80022002305F04A
:10B7800027FB41EC100BA0E7362BF111F3FE593DDE
:10B790000EE526157BCBDB3F00609F501344D33F63
:10B7A00000005043FFFFEF7F000050C30000000087
:10B7B0002DE9F04F57EC116B2DED0A8B27F0004A65
:10B7C0005AEA060289B03DD055EC104B764925F077
:10B7D0000048884510EE102AA9462CDC11EE103ADC
:10B7E000BB463AD08A4526DC6F498A4521D0B9F15B
:10B7F000000F3DDB00210391002B55D16A4B9A4588
:10B8000000F0A880694B9A4500F0B680BBF1804FEC
:10B8100000F00185664B9B4546D1B9F1000F43DB33
:10B8200045EC104B09B0BDEC0A8BBDE8F04F00F0C1
:10B8300099BD002BDBD008F1404808F5801858EA84
:10B8400002030DD19FED547B8DED007B9DED000B30
:10B8500009B0BDEC0A8BBDE8F08F0CB9C245C3DD61
:10B86000544809B0BDEC0A8BBDE8F04F00F058BE5B
:10B8700051498A4500F38780A1F154718A450FDD53
:10B880004FEA2A51A1F2FF31142940F3CE84C1F1CD
:10B89000340123FA01F000FA01F1994200F0208509
:10B8A00000210391002BADD045EC104B069200F027
:10B8B0001DFE069A8DED000B5ABBB8F1000F04D0A7
:10B8C0003A4B29F040429A4223D1BBF1000F07DAEC
:10B8D000DDE900233549002005F07AFACDE90001C1
:10B8E000B9F1000FB2DA039B08F1404808F580185F
:10B8F00058EA030340F0BE84DDE9002310461946F0
:10B9000004F084FF02460B4605F062FACDE900011F
:10B910009CE7039A4FEAD973013B0693134335D052
:10B92000264B9A454EDD03F104739A45244B40F3B0
:10B93000ED83984540F36B83BBF1000F40F36B83BD
:10B9400017A3D3E900231046194605F017F9CDE9EE
:10B9500000017BE708F1404303F5801313433FF4F4
:10B9600071AF174B984540F38883BBF1000FC0F2CD
:10B970005283CDE9006769E7BBF1000FC0F2418453
:10B98000CDE9004562E70221039135E722462B46C7
:10B99000B4E700BFAFF30080000000000000F03FFC
:10B9A0009C7500883CE4377E0000F07F0000F03F8B
:10B9B0000000E03F983B0400FFFF3F430000E041F0
:10B9C000FFFFEF3FE44B09EA0303002B40F016842E
:10B9D000DDE90001E14B002205F0D0F8CDE90001DE
:10B9E000DDF804806FF034004FEA2853DC49C8F3D7
:10B9F0001302A3F2FF3342F07F5818188A420790CF
:10BA000048F4401840F3E983D64B9A4240F33E8411
:10BA10009FEDBB7BB0EE47BAF0EE67BAB0EE47CA17
:10BA2000F0EE67CA9FEDB87B013054EC173B0790EE
:10BA3000A8F580184FF00009DDE900AB44EC183B95
:10BA40001A4650462346414604F0E0FE53EC182BBC
:10BA500004460D465046414604F0DAFE02460B46C7
:10BA60000020C14905F0B4F945EC1A4B41EC190B23
:10BA700051EC1A0B53EC192B05F080F8C3464FEA32
:10BA8000680848F0005808F5002303EB09050A464A
:10BA900000230146CDE900120093DDE9008900246E
:10BAA000CDE904122B4622464046494605F066F889
:10BAB00002460B4651EC1A0B04F0A8FE41EC170BA2
:10BAC00053EC182B2046294655EC174B04F09EFEEC
:10BAD00002460B465046594604F098FE42464B46F5
:10BAE00005F04CF802460B462046294604F08EFE2F
:10BAF00053EC192B05F042F8DDE904AB04460D4682
:10BB000052465B465046594605F038F880A3D3E9C3
:10BB1000002345EC1A4B04460D4605F02FF87EA392
:10BB2000D3E9002304F074FE22462B4605F026F8E4
:10BB30007BA3D3E9002304F06BFE22462B4605F0DD
:10BB40001DF879A3D3E9002304F062FE22462B46B8
:10BB500005F014F876A3D3E9002304F059FE224639
:10BB60002B4605F00BF874A3D3E9002304F050FE34
:10BB700022462B4604460D461046194604F0FEFFA9
:10BB800002460B462046294604F0F8FF424604468A
:10BB90000D464B4650465946CDE904AB04F038FEFD
:10BBA00053EC1A2B04F0EAFF22462B4604F030FE39
:10BBB000424604460D464B464046494604F0DEFFE9
:10BBC00045EC194B694B002282468B4604F020FE5F
:10BBD00053EC192B04F01CFE009C0D4622462B460C
:10BBE0004046494604F0CAFF604B80468946002221
:10BBF0002046294604F00AFE52465B4604F006FE43
:10BC000002460B4651EC190B04F000FEDDE904235B
:10BC100004F0B4FF49EC188B2246804689462B4637
:10BC200051EC1A0B04F0AAFF02460B464046494667
:10BC300004F0EEFD82468B4652465B4651EC180BF3
:10BC400004F0E6FD009C3EA3D3E9002320460D4608
:10BC500004F094FF53EC182B804689462046294671
:10BC600004F0D4FD02460B465046594604F0CEFD82
:10BC700035A3D3E9002304F081FF49EC198B34A3E9
:10BC8000D3E90023804689462046294604F076FF02
:10BC900002460B464046494604F0BAFD53EC1C2BC5
:10BCA00004F0B6FD824607988B4604F0FDFE52462E
:10BCB000804689465B4651EC190B04F0A9FD53EC14
:10BCC0001B2B04F0A5FD42464B4604F0A1FD009C51
:10BCD00042464B4620460D4604F098FD53EC1B2B84
:10BCE00004F094FD53EC192B04F090FD02460B4632
:10BCF0005046594604F08AFD82468B4638E000BF24
:10BD00000000000000000000000000000000F03F04
:10BD1000EF4E454A287ECA3F65DBC9934A86CD3F30
:10BD200001411DA96074D13F4D268F515555D53F16
:10BD3000FFAB6FDBB66DDB3F033333333333E33FAE
:10BD4000000000E009C7EE3FFD033ADC09C7EE3F03
:10BD5000F5015B14E02F3EBE0000F07F0000404381
:10BD60008E98030079B60B000000F03F00000840F9
:10BD7000039B069A013B134340F078819FEDC47BFF
:10BD8000B0EE479AF0EE679A0023CDE90067009382
:10BD9000DDE900893046424639464B4604F036FD1F
:10BDA00022462B4604F0EAFE32463B4606460F4644
:10BDB0005046594604F0E2FE02460B4630463946EC
:10BDC00004F026FD424682468B464B4620462946D5
:10BDD00004F0D4FE06460F463B46504659463246CE
:10BDE00004F016FDC44B994204460D46884640F3C4
:10BDF000178101F13F4303F5E003034340F02A823A
:10BE0000A5A3D3E900235046594604F001FD32466C
:10BE100041EC180B3B462046294604F0F7FC02464D
:10BE20000B4651EC180B05F039F9002840F012824E
:10BE3000C8F30A534FF48012A3F2FE3342FA03F31D
:10BE40004344AE49C3F30A52A2F2FF3241FA02FC64
:10BE5000C3F3130523EA0C01C2F1140445F4801561
:10BE6000B8F1000F0B4645FA04F103914FF00000C2
:10BE7000B8BF49420246B8BF03913046394604F084
:10BE8000C5FC06460F463B4650465946324604F02E
:10BE9000BFFC039B1B0500930D46002480A3D3E940
:10BEA00000232046294604F069FE32468046894632
:10BEB0003B462046294604F0A9FC02460B46504664
:10BEC000594604F0A3FC78A3D3E9002304F056FEFE
:10BED00077A3D3E9002306460F462046294604F0FF
:10BEE0004DFE02460B463046394604F091FC0646AC
:10BEF0000F4632463B464046494604F089FC4246DE
:10BF00004B4604460D4604F081FC02460B46304683
:10BF1000394604F07BFC224682468B462B4620465F
:10BF2000294604F02BFE64A3D3E9002306460F46FE
:10BF300004F024FE62A3D3E9002304F067FC324638
:10BF40003B4604F01BFE60A3D3E9002304F060FC31
:10BF500032463B4604F012FE5DA3D3E9002304F011
:10BF600055FC32463B4604F009FE5BA3D3E90023AF
:10BF700004F04EFC32463B4604F000FE02460B46FF
:10BF80002046294604F042FC06460F4632463B4610
:10BF90002046294604F0F2FD0022804689464FF0F3
:10BFA00080433046394604F031FC02460B46404699
:10BFB000494604F00DFF524606460F465B462046B2
:10BFC000294604F0DBFD52465B4604F021FC0246A4
:10BFD0000B463046394604F019FC22462B4604F045
:10BFE00015FC02460B460020454904F00FFC0B46A9
:10BFF00000991944B1F5801F0246C0F269811046CC
:10C0000053EC192B04F0BAFDCDE900011EE4BBF19D
:10C01000000FFFF695AC9FED327B8DED007B15E4B4
:10C02000DFF8E4C021F00043634540F30B81354B5A
:10C030000B4403430AD132463B4604F0E7FB524629
:10C040005B4605F021F800283FF4F2AE26A3D3E9C1
:10C05000002351EC190B04F091FD23A3D3E9002335
:10C0600004F08CFDCDE90001FFF7F0BB9FED207BD4
:10C07000B0EE479AF0EE679A86E6BBF1000FCADA97
:10C0800007F1004300960193FFF7E0BBAFF3008098
:10C09000000000000000F0BFFE822B654715973CB2
:10C0A00000000000432EE63FEF39FAFE422EE63F45
:10C0B000396CA80C615C20BED0A4BE726937663EA4
:10C0C000F16BD2C541BDBB3E2CDE25AF6A56113F98
:10C0D00093BDBE166CC1663F3E5555555555C53F7F
:10C0E000000000000000000059F3F8C21F6EA50117
:10C0F000000000000000F03FFFFF8F40FFFF0F0037
:10C100000000F03F00346F3FFFCB90409845FFF6B2
:10C110007EAF914B98453FF70FAC8F4B0022DDE986
:10C12000000104F073FB78A3D3E9002304460D4615
:10C1300004F024FD76A3D3E9002382468B462046F3
:10C14000294604F01BFD854B804689460022204687
:10C15000294604F013FD02460B466FA1D1E9000108
:10C1600004F054FB22462B4604F008FD02460B4621
:10C1700000207B4904F04AFB22462B4604460D462C
:10C180001046194604F0FAFC02460B4620462946A2
:10C1900004F0F4FC62A3D3E9002304F0EFFC0246B0
:10C1A0000B464046494604F031FB804689465046DE
:10C1B000594642464B4604F02BFB002452465B4650
:10C1C00020460D4604F022FB02460B4640464946F7
:10C1D00004F01CFB82468B46CAE59FED537BB0EE14
:10C1E00047BAF0EE67BAB0EE47CAF0EE67CA9FED05
:10C1F000507B4FF0000954EC173B1DE40020FFF783
:10C20000F3BB554922462B46002004F0E1FDCDE961
:10C210000001FFF71BBB22462B462046294604F0AF
:10C22000ADFCCDE90001FFF711BB002B42D1C1F1FC
:10C2300014014AFA01F000FA01F151455AD0039372
:10C24000FFF7E0BA464A93425BDCDDE90012009159
:10C25000039122E638A3D3E9002351EC190B04F033
:10C260008DFC35A3D3E9002304F088FCCDE900015F
:10C27000FFF7ECBA039B012B7FF4E8AADDE900216C
:10C2800001F10043CDE90023FFF7E0BA9FED2C7BDD
:10C29000B0EE47BAF0EE67BA9FED2B7BB0EE47CA1F
:10C2A000F0EE67CA9FED2A7B4FF4802954EC173BD0
:10C2B000FFF7C2BB45EC104B039200F017F9039A4D
:10C2C0008DED000B002A7FF461AB0392FFF7F5BA06
:10C2D000039843EC102B00F0BFF951EC100B8FE6E4
:10C2E00000F00100C0F102010391002B3FF48AAA83
:10C2F000FFF7DABA00F00100C0F102030393FFF781
:10C3000081BA1B1596E500BF000000604715F73F96
:10C3100044DF5DF80BAE543E555555555555D53F48
:10C32000FE822B654715F73F00000000000000006B
:10C33000000000000000F03F9C7500883CE4377E60
:10C340000000004003B8E23F06D0CF43EBFD4C3E77
:10C35000000000000000F83F0000F03F0000D03F68
:10C360000000E03F2DE9F0415F4A57EC106BBA4303
:10C3700000F09880002F10EE104A3B464EDD391534
:10C380005BD0C3F31303CA0743F48013A1F2FF3E4B
:10C3900003D45B0003EBD4736400E20F4FF0000C96
:10C3A00002EB43034FEA6E0E6400664616254FF417
:10C3B0000012B118994202DC5B1A8E1894445B009B
:10C3C000013D03EBD4734FEA52024FEA4404F0D12B
:10C3D0002F4620204FF0004209E03ED0E10F013807
:10C3E0004FEA520201EB43034FEA44043ED0B3420A
:10C3F00002EB0501F1DD002901EB020509DBB04686
:10C400009B1BA14288BF03F1FF33641A17444646C1
:10C41000E4E7002DF3DB06F10108F1E727F0004225
:10C42000324336D0002F4DD13946E20A1539640522
:10C430001346002AF9D0D70251D400205B00DE0257
:10C44000054600F10100F9D51A4623468440C0F1A3
:10C450002000C3401343491B93E7A142BED80029E3
:10C4600001EB0205D5DB98460023CEE7234312D12A
:10C4700078084FEA6C0101F17F511CF0010F01F5C2
:10C48000001118BF40F0004001EB0E53024643EC90
:10C49000102BBDE8F0817B1C16BF781C0CF1010C41
:10C4A0004008E6E710EE102A10EE100A3B46394627
:10C4B00004F064FB32463B4604F0AAF941EC100B51
:10C4C000BDE8F08110EE102A3046394604F09EF99E
:10C4D00002460B4604F07CFC41EC100BD9E72346E6
:10C4E00020204FF0FF35B4E70000F07F51EC100B37
:10C4F00010EE102A21F0004343EC102B704700BFD0
:10C5000082B08DED000B019840F0004000F58010E6
:10C51000C00F02B0704700BF00207047000000004D
:10C520009FED010B704700BF000000000000F87F86
:10C53000F0B553EC102BC3F30A56A6F2FF301328C4
:10C5400010EE105A83B019464FEAD37431DC00283C
:10C550004CDB3E4E064103EA060717432ED003EAA2
:10C5600056031D434FEA56060CD04FF48023132880
:10C5700021EA060643FA00F141EA06010CBF4FF03A
:10C5800000450025324800EBC4042A46D4E90045A2
:10C590000B462046294604F03BF9CDE90001DDE9D0
:10C5A000000122462B4604F031F941EC100B03B098
:10C5B000F0BD332806DDB0F5806F40D043EC102B82
:10C5C00003B0F0BDA6F213464FF0FF30F040024238
:10C5D000F4D015EA50024FEA5003D3D04FF0804216
:10C5E00025EA030542FA06F63543CBE723F000407F
:10C5F0001043E3D0C3F313001043454205431448EE
:10C6000000EBC400D0E90067590C2D0B490405F478
:10C61000002545EA01033046394604F0F9F8CDE932
:10C6200000013B46DDE90001324604F0EFF821F05D
:10C63000004343EAC47141EC100B03B0F0BD10EEAF
:10C64000100A04F0E5F841EC100BB9E7FFFF0F000A
:10C6500008B304000000000038B553EC102BC3F3FE
:10C660000A511C46054681BB10EE101A23F0004407
:10C67000214329D0194600223D4B3E4C10EE100AB2
:10C6800004F07CFAA54202460B4616DB0C46C1F3C9
:10C690000A513639294440F2FE70814221DC0029DA
:10C6A00047DC11F1350F34DA4CF250318D4218DC91
:10C6B000002B27A1D1E9000144DB25A3D3E9002306
:10C6C00004F05CFA41EC100B38BD40F2FF7081427F
:10C6D000E0D110EE100A194604F09AF841EC100B64
:10C6E00038BD002B1CA1D1E9000107DB1AA3D3E957
:10C6F000002304F043FA41EC100B38BD18A1D1E936
:10C70000000115A3D3E9002304F038FA41EC100B23
:10C71000F3E724F0FF4424F4E004363144EA015303
:10C72000104619460022144B04F028FA41EC100B75
:10C7300038BD24F0FF4424F4E00444EA015343EC00
:10C74000102B38BD08A1D1E90001B6E7AFF3008096
:10C7500059F3F8C21F6EA5019C7500883CE4377E32
:10C760009C7500883CE437FE59F3F8C21F6EA58122
:10C7700000005043B03CFFFF0000903CF8B5174666
:10C7800082B105460E46002402E00134A74207D0DC
:10C790002B6816F8011B1B68284698470028F4D11F
:10C7A0002046F8BD1446FBE70368104A2DE9F04126
:10C7B0005E680F688D68964212D175B104460026F6
:10C7C00003E00136B54208D023681B6817F8011B47
:10C7D000204698470028F4D135462846BDE8F08128
:10C7E0002A4639463346BDE8F04118477DC7030065
:10C7F0002DE9F0410C46D9B107688046084605F09E
:10C80000BDFD7B68104A9342064615D1D0B1002584
:10C8100004E00135AE4208D0D8F800703B6814F847
:10C82000011B404698470028F3D12846BDE8F08117
:10C830000D462846BDE8F081024621464046BDE847
:10C84000F04118470546F0E77DC7030010B54022C8
:10C850000021044605F026F80023C4E910332046E1
:10C8600010BD00BF10B4D0E91024531C03F03F03E7
:10C870009C4218BF81545DF8044B18BF0364704795
:10C880000023C0E910337047D0E91023934206D04B
:10C890005A1CC35C02F03F024264184670474FF0D6
:10C8A000FF307047D0E91030181A48BF4030704749
:10C8B000D0E91023934214BFC05C4FF0FF307047A3
:10C8C000D0E91030013303F03F03181AB0FA80F0BA
:10C8D000400970472DE9F0431B4B1C4FD3F804630C
:10C8E000DFF86C80DFF86C9085B000250123AC0088
:10C8F000AB4004F18044334204F5C0440FD0D4F877
:10C90000003163B1EB57013306D058F825201AB136
:10C9100015F809307BB990470023C4F80031013580
:10C92000082DE3D1BFF34F8F00BF00BF00BF00BF92
:10C9300005B0BDE8F08300210091084603AB0391E8
:10C9400003F086FAE8E700BF00600040BCD6002094
:10C950009CD6002094D6002010B4019C401AE41A02
:10C9600004FB00F4521A94FBF2F05DF8044B1844F7
:10C97000704700BFF8B50026C0E90066044686602F
:10C9800079B108460D4605F0F9FC0746013000F084
:10C9900027FA30B1C4E900070670A760294605F000
:10C9A000E5FC2046F8BD00BFF8B588424FF0000511
:10C9B000C0E90055044685600DD00E685EB18F68F1
:10C9C000781C00F00DFA30B1C4E900070570A760CB
:10C9D000314605F0CBFC2046F8BD00BF30B504461B
:10C9E000002385B0C4E90033A360084601A902F022
:10C9F00023FC01A805F0C2FC2368054613B1626858
:10CA000090420BD91846691C00F01AFA034668B127
:10CA1000A268C4E900050AB902702368A56001A9EB
:10CA2000184605F0A3FC204605B030BD206808B1CB
:10CA300000F0F0F900232046C4E90133236005B07B
:10CA400030BD00BF30B5044600238BB0C4E90033CD
:10CA5000A360084601A902F0EDFB01A805F08EFCD9
:10CA60002368054613B1626890420BD91846691CC9
:10CA700000F0E6F9034668B1A268C4E900050AB906
:10CA800002702368A56001A9184605F06FFC2046D6
:10CA90000BB030BD206808B100F0BCF9002320467F
:10CAA000C4E9013323600BB030BD00BF70B504464C
:10CAB00000238AB010EE100AC4E90033A3600D46CB
:10CAC0008E1C04F003F876B241EC100B01AA294643
:10CAD000304600F047F9E0B1054605F04FFC236809
:10CAE000064613B1626890420BD91846711C00F0DB
:10CAF000A7F9034668B1A268C4E900060AB9027042
:10CB00002368A6602946184605F030FC20460AB086
:10CB100070BD206808B100F07DF900232046C4E90B
:10CB2000013323600AB070BD70B504468AB000239B
:10CB3000881CC4E90033A36040B201AA00F012F9D6
:10CB4000E0B1054605F01AFC2368064613B1626899
:10CB500090420BD91846711C00F072F9034668B177
:10CB6000A268C4E900060AB902702368A6602946D3
:10CB7000184605F0FBFB20460AB070BD206808B1DE
:10CB800000F048F900232046C4E9013323600AB0CD
:10CB900070BD00BF10B50446006800F03BF92046A8
:10CBA00010BD00BF884270B504461FD00D680068F4
:10CBB000ADB18E6810B163689E4209D9711C00F056
:10CBC0003FF958B1A368C4E900060BB903702068A7
:10CBD000A660294605F0CAFB204670BD206808B152
:10CBE00000F018F90023C4E901332360204670BD2A
:10CBF000884238B5044612D000680D4628B16268F4
:10CC00008B689A420DD200F005F9D5E90031AA6887
:10CC100023600023C4E90112C5E90033AB6020465C
:10CC200038BD096805F0A2FBAB68A3600023AB60C8
:10CC3000204638BD70B50E68EEB18D680DB9012083
:10CC400070BD826804460068154410B163689D4257
:10CC50000AD9691C00F0F4F868B1A268C4E90005BB
:10CC600012B902702068A2683146104405F07EFBBC
:10CC7000A560012070BD002070BD00BF70B50E68BA
:10CC800004461EB18D685DB9204670BD206808B1AC
:10CC900000F0C0F80023C4E901332360204670BDD2
:10CCA00082680068154410B163689D420BD9691C05
:10CCB00000F0C6F80028E9D0A268C4E9000512B95E
:10CCC00002702068A2683146104405F04FFBA56051
:10CCD000204670BD70B5044631B108460D4605F0DA
:10CCE0004DFB58B9204670BD206808B100F092F89D
:10CCF0000023C4E901332360204670BDA268236885
:10CD0000861813B161688E420DD91846711C00F067
:10CD100097F803460028E7D0A268C4E9000612B9D4
:10CD200002702368A2682946981805F01FFBA660C8
:10CD3000204670BD8368994203D203688160002257
:10CD40005A54704710B5046844B1207830B105F0EA
:10CD500031FB207014F8010F0028F8D110BD00BF7E
:10CD6000FEE700BFD0B50B4686B0144657EC106BFB
:10CD70000246064901A805F0D9FA32463B4601A908
:10CD8000204605F0D3FA204606B0D0BD18B3040003
:10CD900008B501F0FFF94FF47A73A0FB0323900A62
:10CDA00040EA835008BD00BF014638B54FF47A729F
:10CDB00000238002890D04F067FB044601F0EAF9C4
:10CDC0000546EFF7D7FC01F0E5F9431B9C4200D87C
:10CDD00038BD2C44201ABDE8384001F013BB00BF19
:10CDE00010B5044601F06AFD022804D02046BDE8D3
:10CDF000104004F01FBD01F0C5F9204604F01AFDF3
:10CE0000044601F06FFA0CB1204610BD02F052FF4B
:10CE1000FAE700BF10B5044601F050FD02280AD120
:10CE200044B101F0AFF9204604F00CFDBDE810401C
:10CE300001F058BA10BD2046BDE8104004F002BD14
:10CE400010B582B00446019101F038FD0228019925
:10CE500005D0204602B0BDE8104005F04FBA01F001
:10CE600091F92046019905F049FA044601F03AFA91
:10CE700014B1204602B010BD02F01CFFF9E700BF5C
:10CE800010B582B00446019101F018FD0228019905
:10CE900005D0204602B0BDE8104004F077BC01F098
:10CEA00071F92046019904F071FC044601F01AFA68
:10CEB00014B1204602B010BD02F0FCFEF9E700BF3D
:10CEC00010B582B0019001F05DF9019804F0B2FC58
:10CED000044601F007FA14B1204602B010BD02F07A
:10CEE000E9FE204602B010BD50B110B5044601F075
:10CEF00049F9204604F0A6FCBDE8104001F0F2B963
:10CF0000704700BF38B51C469DF8105043B3002948
:10CF100008BF1A460123C4E90F01226084F8463095
:10CF200001F092FFD4E90F132268A26001FB03F124
:10CF3000CB1A134400200A44FF21A063E36084F865
:10CF40004410626084F8451004F1100003F00EFCF8
:10CF500004F1240003F00AFC01F080FF84F84C5037
:10CF6000204638BDF8B5064617460D4669B100FBA8
:10CF700001F05030FFF7A4FF044690B3002200F107
:10CF8000500380F84620036007E05020FFF798FF29
:10CF9000044630B384F846502460C4E90F6501F0BC
:10CFA00053FFD4E90F132268A26001FB03F1CB1AEF
:10CFB000134400200A44FF21A063E36084F8441076
:10CFC000626084F8451004F1100003F0CFFB04F117
:10CFD000240003F0CBFB01F041FF84F84C702046A5
:10CFE000F8BD00242046F8BD2DE9F047044684B082
:10CFF0001F460192884600F1240601F025FFA26B2E
:10D00000E36BDFF840939A424FF0000A7CD3022F83
:10D0100000F0E880019D002D00F0128102ADBAF110
:10D02000000F00F0DB8001F019FF01F0ABF801F018
:10D030000BFF94F84430FF2B04BF002384F84430E6
:10D0400094F84530FF2B04BF002384F8453001F0ED
:10D0500005FF284601A901F0DBFB002840F0F6801F
:10D0600001F0F2FEA26BE36B9A4261D001F0F6FE92
:10D0700001F0EAFE94F845506DB2002D05DC12E097
:10D080006B1E13F0FF0F5DB20DD0636A304653B1D3
:10D0900001F060FB0028F3D001F0EEFB6B1E13F0F3
:10D0A000FF0F5DB2F1D1FF2384F8453001F0D6FEC9
:10D0B00001F0CAFE94F844506DB2002D15DD04F164
:10D0C000100A04E06B1E13F0FF0F5DB20DD0236950
:10D0D000504653B101F03EFB0028F3D001F0CCFBE9
:10D0E0006B1E13F0FF0F5DB2F1D1FF2384F84430C3
:10D0F00001F0B4FE01F0F6F801F0A6FEA26BE36BBE
:10D100009A424FF0010A82D2226CA56B002A40F0AD
:10D11000E7802668002E00F0F9800135A563636A78
:10D12000002B7CD101F09AFE012004B0BDE8F0870D
:10D1300004F1100A01F092FE0199504601F08EFAB6
:10D1400001F082FE94F845506DB2002D05DC12E02E
:10D150006B1E13F0FF0F5DB20DD0636A304653B102
:10D1600001F0F8FA0028F3D001F086FB6B1E13F0F3
:10D17000FF0F5DB2F1D1FF2384F8453001F06EFE60
:10D1800001F062FE94F844506DB2002D05DC12E00F
:10D190006B1E13F0FF0F5DB20DD02369504653B1E3
:10D1A00001F0D8FA0028F3D001F066FB6B1E13F0F3
:10D1B000FF0F5DB2F1D1FF2384F8443001F04EFE41
:10D1C00001F090F8002897D14FF08053C9F804304F
:10D1D00040BFBFF34F8FBFF36F8F8DE7284601F03D
:10D1E0000BFB20E7226CA56B002A92D04146E06839
:10D1F00004F030FB226CE36821689B1A8B42E360E9
:10D20000C2F1000204D263681A44E260022F84D1A2
:10D21000002D83D10123A363636A002B82D004F124
:10D22000240001F097FA00283FF47CAF454B4FF003
:10D2300080525A6040BFBFF34F8FBFF36F8F71E7CB
:10D2400001F00CFE284604B0BDE8F08701F0FCFDBB
:10D2500094F845506DB2002D15DD04F1240604E06C
:10D260006B1E13F0FF0F5DB20DD0636A304653B1F1
:10D2700001F070FA0028F3D001F0FEFA6B1E13F0F3
:10D28000FF0F5DB2F1D1FF2384F8453001F0E6FDD8
:10D2900001F0DAFD94F844506DB2002D15DD04F173
:10D2A000100604E06B1E13F0FF0F5DB20DD0236972
:10D2B000304653B101F04EFA0028F3D001F0DCFA09
:10D2C0006B1E13F0FF0F5DB2F1D1FF2384F84430E1
:10D2D00001F0C4FD01F006F8002004B0BDE8F087BD
:10D2E000414607BBA06804F0B5FAA368216C6268E8
:10D2F0000B449342A360FFF410AF0135A563636A4A
:10D300002268A260002B3FF40DAF88E7606801350A
:10D3100001F02AFBA563636A6660002B7FF47FAF90
:10D32000002883D1FEE6E06804F094FA226CE368FA
:10D3300021689B1A8B42E360C2F10002BFF466AF22
:10D3400061E700BF00ED00E0F8B50C4679B30025B9
:10D3500001232160C1E90F3581F84630064601F00E
:10D3600073FDD4E90F322168A56303FB02F39A1A17
:10D370000A440B44FF27C4E90131E26084F8447099
:10D3800004F1100084F8457003F0F0F904F1240072
:10D3900003F0ECF901F062FDC4E90055E56084F8A2
:10D3A0004C602B462A4629462046FFF71DFE2046A4
:10D3B000F8BD00BF2DE9F043044683B016469946F8
:10D3C000EFF31188402282F31188806BE26B904268
:10D3D0001ED3022B05D0002088F3118803B0BDE8CE
:10D3E000F08394F84550226CA76B6DB232BB236872
:10D3F000002B47D001376B1CA76335D001356DB2C8
:10D4000084F84550012088F3118803B0BDE8F0830B
:10D4100094F84550226CA76B6DB2002AE7D0002B20
:10D4200038D1A06804F016FAA368216C62680B4436
:10D430009342A36024BF2368A360DBE7E06804F0A5
:10D4400009FA226CE0682168801A8842E060C2F123
:10D45000000205D261680A44E260B9F1020FC9D145
:10D46000012F38BF0127C6E7636A002BCAD004F139
:10D47000240001F06FF90028C4D0002EC2D0012092
:10D480003060A9E76068019301F06EFA019B636068
:10D490000137B0E7E06804F0DDF9226CE06821684C
:10D4A000801A8842E060C2F10002D6D2D2E700BF03
:10D4B0002DE9F043044685B00F46019201F0C4FC0B
:10D4C000A56B002D40F02781019B002B00F0D2803E
:10D4D00002A801F091F9DFF88C8204F1240601F032
:10D4E000BDFC00F04FFE01F0AFFC94F84430FF2B80
:10D4F00004BF002384F8443094F84530FF2B04BF68
:10D50000002384F8453001F0A9FC01A902A801F02C
:10D510007FF900285BD101F097FCA36B002B40F052
:10D52000AF8001F09BFC0199304601F097F801F0C3
:10D530008BFC94F845506DB2002D05DC12E06B1E9B
:10D5400013F0FF0F5DB20DD0636A304653B101F0A6
:10D5500001F90028F3D001F08FF96B1E13F0FF0FD3
:10D560005DB2F1D1FF2384F8453001F077FC01F082
:10D570006BFC94F844506DB2002D15DD04F11009D8
:10D5800004E06B1E13F0FF0F5DB20DD02369484617
:10D5900053B101F0DFF80028F3D001F06DF96B1EF4
:10D5A00013F0FF0F5DB2F1D1FF2384F8443001F096
:10D5B00055FC00F097FE002853D14FF08053C8F877
:10D5C000043040BFBFF34F8FBFF36F8F49E001F0CE
:10D5D0003BFC94F845506DB2002D05DC12E06B1E4B
:10D5E00013F0FF0F5DB20DD0636A304653B101F006
:10D5F000B1F80028F3D001F03FF96B1E13F0FF0FD4
:10D600005DB2F1D1FF2384F8453001F027FC01F031
:10D610001BFC94F844506DB2002D15DD04F1100987
:10D6200004E06B1E13F0FF0F5DB20DD02369484676
:10D6300053B101F08FF80028F3D001F01DF96B1EF3
:10D6400013F0FF0F5DB2F1D1FF2384F8443001F0F5
:10D6500005FC00F047FE01F0F7FBA36B53B101F0AE
:10D66000FDFB01F0F1FBA56B002D54D1019B002BBC
:10D670007FF435AF01F0F2FB002005B0BDE8F08388
:10D6800001F0ECFB01F0E0FB94F845506DB2002D89
:10D6900005DC12E06B1E13F0FF0F5DB20DD0636A64
:10D6A000304653B101F056F80028F3D001F0E4F809
:10D6B0006B1E13F0FF0F5DB2F1D1FF2384F84530EC
:10D6C00001F0CCFB01F0C0FB94F844506DB2002D8A
:10D6D00015DD04F1100904E06B1E13F0FF0F5DB2BD
:10D6E0000DD02369484653B101F034F80028F3D037
:10D6F00001F0C2F86B1E13F0FF0F5DB2F1D1FF23F2
:10D7000084F8443001F0AAFB00F0ECFD01F09CFB32
:10D71000A56B002DAAD0226C52B1E1686368114458
:10D720009942E16024BF2168E160384604F092F834
:10D73000013DA56323692BB901F090FB012005B0E1
:10D74000BDE8F08304F1100001F004F80028F3D0E4
:10D75000044B4FF080525A6040BFBFF34F8FBFF36E
:10D760006F8FE9E700ED00E02DE9F043044685B056
:10D7700000F12406019101F067FBA36BDFF8DC8266
:10D780000027B946002B40F0D780019D002D00F006
:10D79000418102ADB9F1000F00F0DE8001F05EFBC7
:10D7A00000F0F0FC01F050FB94F84430FF2B04BF74
:10D7B000002384F8443094F84530FF2B04BF002345
:10D7C00084F8453001F04AFB284601A901F020F811
:10D7D00000285FD101F038FBA36B002B40F0C8801C
:10D7E00001F03CFB2368002B00F01B8101993046BF
:10D7F00000F034FF01F028FB94F845506DB2002D85
:10D8000005DC12E06B1E13F0FF0F5DB20DD0636AF2
:10D81000304653B100F09EFF0028F3D001F02CF801
:10D820006B1E13F0FF0F5DB2F1D1FF2384F845307A
:10D8300001F014FB01F008FB94F844506DB2002D88
:10D8400015DD04F1100904E06B1E13F0FF0F5DB24B
:10D850000DD02369484653B100F07CFF0028F3D077
:10D8600001F00AF86B1E13F0FF0F5DB2F1D1FF2338
:10D8700084F8443001F0F2FA00F034FD002853D16E
:10D880004FF08053C8F8043040BFBFF34F8FBFF351
:10D890006F8F49E001F0D8FA94F845506DB2002D31
:10D8A00005DC12E06B1E13F0FF0F5DB20DD0636A52
:10D8B000304653B100F04EFF0028F3D000F0DCFFFB
:10D8C0006B1E13F0FF0F5DB2F1D1FF2384F84530DA
:10D8D00001F0C4FA01F0B8FA94F844506DB2002D8A
:10D8E00015DD04F1100904E06B1E13F0FF0F5DB2AB
:10D8F0000DD02369484653B100F02CFF0028F3D027
:10D9000000F0BAFF6B1E13F0FF0F5DB2F1D1FF23E1
:10D9100084F8443001F0A2FA00F0E4FC01F094FA3B
:10D92000A36BEBB101F09AFA01F08EFAA36B4FF002
:10D930000109002B3FF429AF2268013BA363002AB1
:10D9400000F088802369002B74D101F087FA012749
:10D95000384605B0BDE8F083284600F04DFF1DE7CE
:10D9600001F07CFA002F4AD1384605B0BDE8F083BB
:10D9700001F074FA01F068FA94F845506DB2002D88
:10D9800005DC12E06B1E13F0FF0F5DB20DD0636A71
:10D99000304653B100F0DEFE0028F3D000F06CFFFB
:10D9A0006B1E13F0FF0F5DB2F1D1FF2384F84530F9
:10D9B00001F054FA01F048FA94F844506DB2002D89
:10D9C00015DD04F1100904E06B1E13F0FF0F5DB2CA
:10D9D0000DD02369484653B100F0BCFE0028F3D0B7
:10D9E00000F04AFF6B1E13F0FF0F5DB2F1D1FF2371
:10D9F00084F8443001F032FA00F074FC94E701F04E
:10DA000023FA616A19B1236B1968C1F105016068D5
:10DA100000F0DAFF01F022FA0027384605B0BDE831
:10DA2000F08301F011FA606800F058FF074601F03A
:10DA300015FADBE604F1100000F08CFE002884D01B
:10DA4000064B4FF080525A6040BFBFF34F8FBFF379
:10DA50006F8F7AE700F0F2FF606073E700ED00E09F
:10DA600010B5044682B001F0EFF9A06B019001F00F
:10DA7000F5F9019802B010BD104B5A68904208D0D9
:10DA8000DA68904208BF012204D090F8463093B182
:10DA900070470022002110B403EBC20443F8321097
:10DAA00090F84630616013B15DF8044B70475DF843
:10DAB000044BFFF719BAFFF717BA00BF64E1002063
:10DAC000074B1A681AB19A6802B17047012210B464
:10DAD00003EBC20443F8321060605DF8044B7047FA
:10DAE00064E1002070B504460E46154601F0ACF91D
:10DAF00094F84430FF2B04BF002384F8443094F89A
:10DB00004530FF2B04BF002384F8453001F0A6F90F
:10DB1000A36B002B45D001F097F994F845506DB2F6
:10DB2000002D15DD04F1240604E06B1E13F0FF0F39
:10DB30005DB20DD0636A304653B100F00BFE002891
:10DB4000F3D000F099FE6B1E13F0FF0F5DB2F1D120
:10DB5000FF2384F8453001F081F901F075F994F85C
:10DB600044506DB2002D15DD04F1100604E06B1E6B
:10DB700013F0FF0F5DB20DD02369304653B100F0B2
:10DB8000E9FD0028F3D000F077FE6B1E13F0FF0FC5
:10DB90005DB2F1D1FF2384F84430BDE8704001F05C
:10DBA0005DB92A46314604F1240000F093FDB2E746
:10DBB0002DE9F041044601F047F9344A344D136829
:10DBC000013313602B68002B30D0324E336833B3EF
:10DBD000E36A3148314907680A689F4238BF0360E9
:10DBE0002F48013203EB83030A6000EB8300E263FA
:10DBF000211D02F0CBFD01F031F933686BB12A68C9
:10DC0000E36AD26A9A4208D2264B4FF080525A6099
:10DC100040BFBFF34F8FBFF36F8FBDE8F0812A681D
:10DC2000E36AD26A9A4298BF2C60D2E72C601368EC
:10DC3000012B02D0E36A174ECBE71948DFF890803A
:10DC4000194F144E02F092FD184802F08FFD18484B
:10DC500002F08CFD174802F089FD174802F086FD9E
:10DC6000404602F083FD384602F080FD134802F082
:10DC70007DFD134802F07AFD124802F077FD124B49
:10DC8000124AC2F800801F60E36AA2E734D700207E
:10DC9000C4D6002094D7002048D7002044D70020C5
:10DCA000D0D6002000ED00E060D70020E4D60020B0
:10DCB000F8D600200CD7002020D7002080D70020E5
:10DCC000ACD7002098D70020CCD60020C8D60020A2
:10DCD0004CD700202DE9F843DDE909C4002C66D0BB
:10DCE000BCF1000F60D00D469600984602233246E4
:10DCF00084F85130A5210746C4F830C0604603F0CF
:10DD0000D1FD2A7884F83420236B2978321F1A44F5
:10DD100022F0070601B36B7884F835306B78DBB1FD
:10DD2000AB7884F83630AB78B3B1EB7884F8373021
:10DD3000EB788BB12B7984F838302B7963B16B7920
:10DD400084F839306B793BB1AB7984F83A30AB79F0
:10DD500013B1EB7984F83B30089D042D28BF0425CE
:10DD60004FF00009E5626564201D84F83B90C4F81B
:10DD7000489002F007FDC5F1050504F1180002F016
:10DD800001FDC4F84C9042463946A561246184F8EF
:10DD900050906462304601F01BF820602046FFF787
:10DDA00007FF2046BDE8F8836046BDE8F8832046BB
:10DDB000BDE8F8832DE9F0479600804630460D46D1
:10DDC0009946FFF77DF8002862D007465420FFF7F8
:10DDD00077F8044600285FD000230763324684F8B2
:10DDE00051303846A52103F05DFD2B7884F834309E
:10DDF0002B78D4F830A003B36B7884F835306B7887
:10DE0000DBB1AB7884F83630AB78B3B1EB7884F81B
:10DE10003730EB788BB12B7984F838302B7963B1BC
:10DE20006B7984F839306B793BB1AB7984F83A304F
:10DE3000AB7913B1EB7984F83B30089D042D28BFF2
:10DE400004250027E5626564201D84F83B70A76403
:10DE5000043E02F097FCC5F1050504F11800564494
:10DE600002F090FCE764A56126F0070084F850708A
:10DE7000246164624A46414600F0AAFF099B206083
:10DE800003B11C602046FFF793FE0120BDE8F08738
:10DE90004FF0FF30BDE8F0873846FFF725F84FF028
:10DEA000FF30F3E770B50446534E00F0CDFF002C71
:10DEB00000F08280251D284602F090FCA36A1BB169
:10DEC00004F1180002F08AFC29464C484C4D02F03F
:10DED0005DFC94F85030012B04BF002384F85030CF
:10DEE00000F0BCFF2B68002B57D13368A34200D051
:10DEF00070BD2B68002B66D14049424A0968126800
:10DF000091426AD0404B1B68002B68D13F4A136096
:10DF10003268336812681B6B9A4266D93C4C3D4BA1
:10DF2000226802EB820080009100185828BB501E26
:10DF300000EB8005AD0081005D59002D53D1901E8E
:10DF400000EB8005AD0081005D59002D4BD1D01E46
:10DF500000EB8005AD0081005D59002D43D1101FFD
:10DF600000EB8005AD0081005D59002D3BD1053AE5
:10DF700002EB8200800091001858114403EB8100ED
:10DF800003464168496841600833994204BF4968C3
:10DF90004160CB683360226070BD00F055FF1E4BBE
:10DFA0001A68126852B11A681C4BD268D26852685B
:10DFB0001A6000F053FF98E734687BE7174B4FF087
:10DFC000FF321A60F5E7164B4FF080525A6040BF9F
:10DFD000BFF34F8FBFF36F8F70BD336070BD0B4BBE
:10DFE00001221A6070BD0246C7E7306831683431DB
:10DFF00001F05EFE92E700BFC4D6002098D7002053
:10E0000094D7002034D7002040D70020C4D7002068
:10E0100048D70020D0D60020C8D6002078D70020CE
:10E0200000ED00E098B130B51D4D2B68834283B000
:10E0300004460AD000F008FF1A4B62699A4207D0E2
:10E0400003B0BDE8304000F009BF03B030BD7047F9
:10E05000A36A154A9342F3D0002BF1D1211D084643
:10E06000019102F0BBFB114AE36A106801998342F7
:10E070000F4888BF136003EB830300EB830002F0BB
:10E0800085FB2B68E26ADB6A9A42D9D3094B4FF0D1
:10E0900080525A6040BFBFF34F8FBFF36F8FCFE7FF
:10E0A000C4D6002098D7002080D7002048D7002071
:10E0B000D0D6002000ED00E070B584B0002503AAA2
:10E0C00002A901A8CDE9015501F0F6FD019C002C43
:10E0D00046D00298002843D0039E20630223B60056
:10E0E0003246A52184F8513003F0DCFB206B1F4B36
:10E0F0006363043E0644C4E91155201D84F838507A
:10E1000084F83B50E56202F03DFB04F1180002F098
:10E1100039FB26F0070605231549A3612A46E56465
:10E1200030462461646284F8505000F051FE206053
:10E130002046FFF73DFD0F4B1C6000F0EFFD01286E
:10E1400011D1402383F311880B490C4A0C4B4FF03B
:10E15000FF340C6010601D6000F050FE04B070BD14
:10E16000044B00221A6004B070BD00BF49444C4506
:10E1700089E4030074D7002078D7002094D70020CA
:10E18000C0D70020024A136801331360704700BFF4
:10E1900040D70020014B1868704700BFC0D700204F
:10E1A000024A136818441060704700BFC0D70020AF
:10E1B0002DE9F04F404B1B6883B0002B46D13F4BFD
:10E1C0001E6801361E60002E4ED0DFF808B1DBF865
:10E1D0000030B3425FD83A4F3B681D68002D65D0D0
:10E1E000DFF8F480DFF8F4A0DFF8F490002522E0F7
:10E1F000019102F0F3FAA36A019904F1180013B136
:10E2000002F0ECFA0199E36AD8F8002003EB8300EE
:10E2100093420AEB800088BFC8F8003002F0B6FADB
:10E22000D9F800203B68E16AD26A1B68914228BF96
:10E230000125002B3AD03B68DB68DC686368211D50
:10E240009E420846D4D2CBF8003004E01D4A136841
:10E250000133136000251C4B1B68002B0CBF2846A4
:10E26000012003B0BDE8F08F154B184A1868184913
:10E2700014681C6010600A6801320A601A6812682B
:10E280005AB9DFF850B04FF0FF33CBF80030DBF86D
:10E290000030B3429FD90025DDE71B68DFF834B0BA
:10E2A000DB68DB685B68CBF8003090E74FF0FF334A
:10E2B000CBF80030CFE700BF40D70020C0D7002008
:10E2C000C8D600203CD70020C4D70020CCD60020E0
:10E2D0007CD7002078D7002048D70020D0D6002057
:10E2E000C4D600202DE9F04F83B000F0ADFD3A4BCD
:10E2F0001A68013A1A601B68002B55D1374B1B680E
:10E30000002B51D0364D2B68002B62D0354EDFF8F4
:10E31000EC80354FDFF8E8904FF0010AEB68DC68DD
:10E3200004F1040B04F1180002F058FA584602F008
:10E3300055FAE36A326803EB83009342594608EBCF
:10E34000800088BF336002F021FA3B68E26ADB6A32
:10E350009A4231D3C9F800A02B68002BDED1234BA1
:10E360001A681268002A2FD01A68214BD268D26826
:10E3700052681A601F4E346844B10125FFF718FF38
:10E3800008B1C9F80050013CF8D13460D9F8003028
:10E3900053B1194B4FF080525A6040BFBFF34F8FBB
:10E3A000BFF36F8F012000E00020019000F056FDC8
:10E3B000019803B0BDE8F08F2B68002BAED10B4B5A
:10E3C0001A681268002ACFD1094B4FF0FF321A6049
:10E3D000D0E7DFF82C90CDE740D7002034D70020DD
:10E3E00080D7002048D70020C4D60020C8D60020FF
:10E3F00078D700203CD7002000ED00E0D0D60020E8
:10E40000C4D7002070B548B9184B4FF080525A60FD
:10E4100040BFBFF34F8FBFF36F8F70BD144A1549D4
:10E420001368154D013313600E68044628680430E4
:10E4300002F0D4F92B68A4195C600FD20F4B186856
:10E440002968043102F0B2F90D4B1A68944238BFC2
:10E450001C60FFF747FF0028D6D070BD094B186835
:10E460002968043102F0A2F9F3E700BF00ED00E0F3
:10E4700040D70020C0D70020C4D60020C8D6002036
:10E4800078D70020CCD600202DE9F84F3A4CDFF8A1
:10E4900004913A4D3A4EDFF800813A4FDFF8FCB074
:10E4A0002368EBB100F0D0FCD9F80C30D3F80CA005
:10E4B0000AF1040002F092F92B68013B2B602368FB
:10E4C000013B236000F0CAFC9AF85130002B34D095
:10E4D000012BE5D15046FEF707FD2368002BE1D163
:10E4E0003368012B08D94FF08053CBF8043040BF7C
:10E4F000BFF34F8FBFF36F8F00F056FED8F8003098
:10E500001BBB3B68DB6A002BCAD13368012BC7D821
:10E510001D4B1E4A1B6812689B1A012BC0D91C4A4E
:10E52000136801331360D8F80030A3B13B68DB6A8D
:10E5300003B93368FFF7D6FEB2E7DAF83000FEF72A
:10E54000D3FC5046FEF7D0FCAAE73B68DB6A002B01
:10E55000A6D13368A4E73B68DB6A002BEAD13368B5
:10E56000012BE7D8084B1868084B1B68C01A012814
:10E57000E0D900F0E3FCDDE738D7002034D70020F5
:10E58000D0D60020C4D6002078D70020C0D70020E5
:10E5900040D70020ACD7002048D7002000ED00E095
:10E5A000294B1B681BB1294B01221A607047274A6F
:10E5B00070B5274C13602268236812681B6B9A425F
:10E5C0003CD9244D244B2A6802EB82008000910044
:10E5D000185808BB501E00EB8006B60081009E59FB
:10E5E00056BB901E00EB8006B60081009E591EBBF4
:10E5F000D01E00EB8006B60081009E59E6B9101FC0
:10E6000000EB8006B60081009E59AEB9053A02EBD8
:10E610008200800091001858114403EB81000346EA
:10E620004168496841600833994204BF49684160C4
:10E63000CB6823602A6070BD0246EDE72068216840
:10E64000343101F035FBBCE740D70020C4D70020AF
:10E65000C4D6002048D70020D0D6002070B5174D72
:10E660002B680C4603F1180102F0A0F8144B1E6849
:10E670002868043002F0B2F8631C17D02B68A41984
:10E680005C6007D30F4B18682968BDE870400431FF
:10E6900002F08CB80C4B18682968043102F086F837
:10E6A0000A4B1A68944238BF1C6070BD296808483C
:10E6B000BDE87040043102F069B800BFC4D6002044
:10E6C000C0D70020CCD60020C8D6002078D70020A4
:10E6D00098D7002070B5194D2B6816460C4603F1EB
:10E6E000180102F053F8164B5EB11B68286804301D
:10E6F00002F074F829681348BDE87040043102F054
:10E7000045B81E682868043002F068F82B68A41920
:10E710005C6007D30C4B18682968BDE87040043171
:10E7200002F044B8094B18682968043102F03EF839
:10E73000074B1A68944238BF1C6070BDC4D60020D5
:10E74000C0D7002098D70020CCD60020C8D6002003
:10E7500078D7002030B5C368DC6804F1180583B0B1
:10E76000284602F03BF81C4B1B683BBB211D0846AA
:10E77000019102F033F8194AE36A10680199834263
:10E78000174888BF136003EB830300EB830001F09D
:10E79000FDFF144BE26A1B68DB6A9A4282BF124B90
:10E7A00001201860114B1A68126898BF002052B9F6
:10E7B0000F4B4FF0FF321A6003B030BD0D482946B1
:10E7C00001F0E4FFE5E71A68094BD268D2685268A5
:10E7D0001A6003B030BD00BF40D7002048D70020EA
:10E7E000D0D60020C4D60020C4D70020C8D6002030
:10E7F00078D7002080D70020034A044B12681B689A
:10E80000C0E90023704700BF7CD70020C0D700209C
:10E81000F0B50D4683B0044600F016FB2B68144A91
:10E82000591C10681DD0DFF84CC0D4E90061DCF839
:10E830000070BE4208D0814206D80120019000F04D
:10E840000DFB019803B0F0BD471ABB420BD91B1A50
:10E850000B44DCF8001012682B600020C4E90012A1
:10E86000ECE70020EAE700232B600120E6E700BF89
:10E87000C0D700207CD70020014B01221A607047CE
:10E88000C4D70020094B186818B9094B1B6813B18D
:10E89000704700207047074A074B10681B68013B10
:10E8A000984214BF01200220704700BF80D700208B
:10E8B000C4D7002098D7002034D70020054B1B6810
:10E8C00033B1054B1B68002B0CBF022000207047A2
:10E8D0000120704794D7002040D7002070B504462F
:10E8E00082B0C8B11D4DC36A2A68D26A934215D25C
:10E8F0008269002A04DB2A68D26AC2F105028261B9
:10E90000174E626903EB830306EB83039A420ED032
:10E910002B68DB6AE362012002B070BD2B68406C9B
:10E92000DC6AA0422CBF0020012002B070BD211D76
:10E930000846019101F052FF2A680A4BD06A1A6812
:10E940000199E062904200D9186000EB800006EB6C
:10E95000800001F01BFF0120DEE700BFC4D60020CD
:10E96000D0D6002048D7002068B130B5836CC16A8A
:10E97000426C013B914283B00446836400D023B1D2
:10E98000002003B030BD00207047011D08460191F2
:10E9900001F024FF0A4A636C1068E362834209486D
:10E9A00088BF1360C3F1050503EB830300EB83000D
:10E9B0000199A56101F0EAFE012003B030BD00BF5E
:10E9C00048D70020D0D6002070B130B5426CC36A61
:10E9D000914238BF11468B4283B0044602D0826C0C
:10E9E000012A02D003B030BD70478269114DC16267
:10E9F000002A03EB83034269A8BFC1F1050105EBBF
:10EA00008303A8BF81619A42ECD1011D08460191A0
:10EA100001F0E4FE084BE06A1A680199904288BF51
:10EA2000186000EB800005EB800003B0BDE83040CB
:10EA300001F0ACBED0D6002048D70020044B1A68A5
:10EA40001AB119688A6C01328A641868704700BF6D
:10EA5000C4D600202DE9F0431D4EDFF87C9085B030
:10EA60004FF000080CE0DB68DC681F68251D2846B5
:10EA700001F0B4FE636A20469847E369012B0AD08F
:10EA800033681A68002AEED1124A116831601360A7
:10EA900005B0BDE8F083A3693B449F42294610D3EB
:10EAA000D9F80030002BEBD0CDE900870294FFF7B6
:10EAB00005FF0023D9F800001A466946FEF794FACC
:10EAC000DEE730686360246101F070FED8E700BFC4
:10EAD000C8D70020CCD700204CDA00202DE9F04F19
:10EAE000894E8A4CDFF82C82894DDFF82CA28BB03E
:10EAF0003368D3F800B0BBF1000F00F0A980DB68E9
:10EB0000D3F800B0FFF73EFBFFF744FB22688242D8
:10EB1000814600F2AE808345206040F2BF80002233
:10EB20002868ABEB0901FEF7DDFFFFF7DBFB40B91F
:10EB30004FF08053CAF8043040BFBFF34F8FBFF38C
:10EB40006F8F2868002202A9FEF7B2FC0028CFD000
:10EB5000029B002B73DBDDF81090D9F814301BB149
:10EB600009F1040001F03AFEFFF714FB2368984214
:10EB70000746C0F08580029B2760092BE1D801A2DF
:10EB800052F823F0ADEB0300ADEB0300ADEB030057
:10EB900043EB030007EC03002FEC0300ADEB030095
:10EBA000ADEB030043EB030007EC03000398D9F837
:10EBB0001830C9F81090C2182CBF01210021BA42A8
:10EBC000C9F804205FD8381A834228D8D9F82430ED
:10EBD00048469847D9F81C302868012BB2D1002844
:10EBE000B0D0D9F81820039B00211344CDE9073990
:10EBF0000691FFF763FE002328681A4606A9FEF770
:10EC0000F3F928689EE7039BC9F81090DA19BA4215
:10EC1000C9F81830C9F8042039D8002B91D0D8F899
:10EC2000000009F1040101F0C1FD28688AE799F8A4
:10EC30002C30002B85D14846FEF756F981E7039B1F
:10EC4000DDE904019847029B002BFFF67AAF82E7CB
:10EC5000FFF798FAFFF79EFA22689042814608D3A0
:10EC6000D8F80020C4F800901268B2FA82F2520973
:10EC700056E7FFF7EFFEC4F80090FFF733FB60E7BD
:10EC8000FFF7E8FE77E7B84201D900299ED0306847
:10EC900009F1040101F08AFD286853E7FFF722FB20
:10ECA0003268D268D768391D0846019101F096FD97
:10ECB000F8690199012803D07B6A3846984740E7F4
:10ECC000BA693F610BEB02004845786003D93068B0
:10ECD00001F06CFDF0E7A9EB0B039A420FD82B680B
:10ECE000002BE9D00023CDE9063B0897FFF7E6FDAE
:10ECF000002328681A4606A9FEF776F9DCE7D8F85B
:10ED0000000001F053FDD7E7C8D70020F8D9002054
:10ED10004CDA0020CCD7002000ED00E0F0B51F4C0D
:10ED200089B000F091F82568F5B100F097F82068F7
:10ED3000C0B1002407AA06A905A8CDE9054400F042
:10ED4000C9FFDDE905310222CDE900210293079ACE
:10ED5000134914482346FEF7BDFF134B1860001BF0
:10ED600018BF012009B0F0BD104F114E384601F018
:10ED7000FDFC304601F0FAFC0E4A0F4900950F4B9E
:10ED800017600E600E4A10212020FEF7BBF82060AD
:10ED90000028CAD00B49FEF793FEC6E74CDA0020E4
:10EDA0002CB30400DDEA030050DA0020D0D90020A3
:10EDB000E4D90020C8D70020CCD70020FCD90020FF
:10EDC000D0D7002024B30400402383F31188FEE74A
:10EDD00030B46FF00203084C40F80C4C4FF08075D3
:10EDE00040F8045C40F8081C40F8202C40F8243C13
:10EDF00030BC4438704700BFC9ED03000F4C08B564
:10EE0000E02384F8223000F07BF80D4B0D4A0021FE
:10EE10001960D4F8883043F47003C4F8883053681C
:10EE200043F040435360236943F01003236100F033
:10EE300069F9402383F31188FEE700BF00ED00E08D
:10EE400054DA002030EF00E0402383F31188024AB7
:10EE5000136801331360704754DA0020034A1368C3
:10EE6000013B13600BB983F31188704754DA00201B
:10EE700041DF704712DF704770B51D4B00221A60EA
:10EE800082B01B680193019BEFF31186402383F34B
:10EE900011881849184BD1F804451A601B68009373
:10EEA000009BFFF777F9201A20F07F4323F001033E
:10EEB00020F07F459BB96C1E6DB10025FFF778F9F6
:10EEC000013C631C45EA0005F8D125B10B4B4FF01E
:10EED00080525A6040BF86F3118802B070BDFFF7C0
:10EEE000EDFC0228E7D0FFF763F90546EDE700BF28
:10EEF00040110140001001400011014000ED00E010
:10EF00000B4B0C4930B41F200B4DC3F808050122F0
:10EF10000224E020C3F804232A601A60C3F84443A3
:10EF200081F811034FF400330B6030BC704700BF11
:10EF30000010014000E100E0081001402DE9F0411F
:10EF4000054684B0EFF3108272B6634CA36883B9B0
:10EF5000624B63480121A160D3F880100140216019
:10EF6000C3F88000D3F8841061604FF0FF31C3F81C
:10EF7000841002B962B65B4ED6F80485FFF782FCB6
:10EF800078B3594F594AAF4228BF2F4607EB0803C1
:10EF900023F07F4301214FF0000CC6F80813C6F898
:10EFA0004035C2F800C0136801934FF480330198D4
:10EFB000C6F80433BFF34F8F25BBC6F8083315607E
:10EFC00012684B4B0392039A1D601B680293434BDC
:10EFD000029AC6F804134FF40032D6F80415C3F8A9
:10EFE0008021A3685BB1EFF3108272B63B4B2168BE
:10EFF0001960616859600023A36002B962B604B069
:10F00000BDE8F081F1EE103A23F09F03E1EE103AF3
:10F01000F1EE103A314D4FF480634022C5F884215F
:10F0200003A8C5F884318DF80CC0FFF723FF9DF8C5
:10F030000C30002B4DD12B4620BFD3F80011D3F854
:10F0400004210A43F8D0274B2848294A4FF480313D
:10F05000C3F8081300210160006803900398116051
:10F060001268029201220299C3F80423D3F80435EE
:10F070001A4AA3EB080828F07F48474528BF4746AF
:10F080004FF40033012FC2F8803120D9781EFFF7EA
:10F0900087F8184BDB68DA010FD5174A1368DB07CE
:10F0A0000BD5164B516803FB07F7A7F57427A7F597
:10F0B0001077BF0A01EB87175760FFF779F8002830
:10F0C0008FD00F4B4FF080525A6040BF89E7F4D089
:10F0D00087E7FFF7CDFEB6E778E1002000E100E02A
:10F0E000FC06FFBD00100140FDFFFF004011014084
:10F0F00000110140F0ED00E0001000E040420F0080
:10F1000000ED00E00748006880F3088862B661B649
:10F11000BFF34F8FBFF36F8F4FF0E00080F3118884
:10F1200000DF00BF00600200064B19680868B0E805
:10F13000F04F80F30988BFF36F8F4FF0000080F32A
:10F1400011887047C4D60020EFF30980BFF36F8F9A
:10F15000144B1A681EF0100F08BF20ED108A20E92A
:10F16000F04F10604DF8043D4FF0400080F31188DF
:10F17000BFF34F8FBFF36F8FFFF712FA4FF000000E
:10F1800080F3118808BC19680868B0E8F04F1EF0D9
:10F19000100F08BFB0EC108A80F30988BFF36F8F9F
:10F1A000704700BFC4D60020704700BF00293ED082
:10F1B000931E222B3BD8F0B40A2A8AB0044631D0E1
:10F1C000002001AF3B467CB1B4FBF2F502FB1546D3
:10F1D000092E2C4606F1570598BF06F13005EDB211
:10F1E00003F8015B002CEFD1302201E003F8012B82
:10F1F000BB42FBD00D4688B9BB4209D96C1E1A46EA
:10F2000012F8010D04F8010FBA42F9D19B1A1D44FE
:10F21000002308462B700AB0F0BC70472D2205F879
:10F22000012BE9E70028CBDA44420120C9E700209E
:10F23000704700BFFFF7BABF69B3931E222B2AD8CD
:10F2400070B48BB0054601A803466DB1B5FBF2F66C
:10F2500002FB1654092C94BF30345734E4B23546BF
:10F2600003F8014B002DF1D1302201E003F8012B0E
:10F270008342FBD011D94C1E1A4612F8015D04F8E6
:10F28000015F8242F9D19B1A0B44002208461A7092
:10F290000BB070BC7047002070470B46F5E700BF0D
:10F2A0000A490B4A0B4B9B1A03DD043BC858D0504C
:10F2B000FBDC094809494FF0AD32026004300439E3
:10F2C000FBD100F0D3FBE6F7C3FF00001CB604003F
:10F2D00000600020A863002000F803200008000060
:10F2E000FEE7FEE7FEE7FEE7FEE7FEE7FEE7FEE7F6
:10F2F000FEE7FEE708B50020EDF736FAECF76AFB0B
:10F30000114BBBB1114B63B1EAF76EFD00F0C0FCCD
:10F31000AFF30080EAF768FD00F0BAFCAFF30080BD
:10F32000F2E7EAF761FD00F0B3FCEAF75DFD00F0FB
:10F33000AFFCF6E7EAF758FD00F0AAFCEAF754FD47
:10F3400000F0A6FCF6E700BF00000000000000008F
:10F3500000B583B000F00EFEFBF7D0FA0E4B019320
:10F3600001230E4900934FF4806200230C48FEF7FE
:10F3700021FD4FF4407000F0B1FDFEF79DFEBFF39C
:10F380004F8F0849084BCA6802F4E0621343CB6010
:10F39000BFF34F8F00BFFDE758DA002034B30400FD
:10F3A000F5F2030000ED00E00400FA05FDF718BDDA
:10F3B000FDF730BD084A094908B51368184488426A
:10F3C00002D81060184608BD02F0F6F90C2303605D
:10F3D0004FF0FF33184608BD9461002000F8032069
:10F3E000114B1A78EAB90178104810B40A464FF068
:10F3F000804402F00102C1F34001C4F88015C4F852
:10F4000078250268D20706D4E021012280F8001393
:10F41000C0F880210260012205485DF8044B1A7093
:10F4200070470448704700BF74E1002000E100E02D
:10F430000000AD0B0C00AD0B044B02684FF0804197
:10F440004FF46070C1F808031A60704764DA002056
:10F450004FF080434FF46072C3F80423704700BF3D
:10F4600010B54FF0804386B0D3F80443620705D54A
:10F47000D3F8082103F58473002A4ED1A30603D5DF
:10F480002A4B1A68002A3FD1600603D5284B1A6818
:10F49000002A2FD1210602D5264B1A680ABBE205A5
:10F4A00002D5254B1A6892B9A3050ED5234B1A68CD
:10F4B0005AB100221A601A68214B0592059A1B68FE
:10F4C000022006B0BDE81040184706B010BD00226B
:10F4D0001A601B4A1B68049301201368049A98471A
:10F4E000E2E700201860164A1B6803931368039A2A
:10F4F0009847D4E700221A60124A1B680293012041
:10F500001368029A9847C5E7002018600D4A1B68E7
:10F5100001931368019A9847B6E700221A600A4AD5
:10F520001B6800931368009A9847A7E714010040EE
:10F53000180100401C01004020010040240100404F
:10F5400064DA002060DA00205CDA00202DE9F04F58
:10F5500005799A4E05EBC50406EB840C83B09CF844
:10F560001CE0BEF1000F40F0F780A7000068F251E8
:10F57000CCF8043091F80CC00B78BCF1010F4FEAC5
:10F58000C50440F2DA801F2B87BFDFF834E203F0B6
:10F590001F0898464FF0A04E012707FA08F7CEF84B
:10F5A00008751F2B8BBF03F01F071F46DFF810E203
:10F5B0004FF0A04E07F5E0774FF001084EF8278096
:10F5C0004F78FF2F00F0D0801F2F8ABF07F01F0950
:10F5D000B946DFF8EC81009798BF4FF0A04809F5D5
:10F5E000E07A4FF0010E0EFA09FE4FF00309C8F859
:10F5F0000CE548F82A9091F802E0BEF1FF0F00F008
:10F60000AF80BEF11F0F91F80E8088BFDFF8B0B158
:10F61000CDF804E08EBF0EF01F0AF2464FF0A04B6B
:10F620000AF5E07A4FEA88084BF82A8004EB0508CF
:10F6300006EB880888F820E091F803E088F81FE0DE
:10F64000BEF1FF0F2BD091F80490F046B9F1000FF6
:10F6500000F08E80BEF11F0F87BF594F0EF01F0BB9
:10F66000F3464FF0A0474FF0010A0AFA0BFAC7F829
:10F670000CA5BEF11F0F88BF0EF01F0804EB050E8E
:10F680008CBFDFF83CB14FF0A04B08F5E07806EBFB
:10F690008E0E4FF0030A4BF828A08EF81E90D1F87A
:10F6A00008E0C0F80835009BC0F80C35019BC0F895
:10F6B0001035C0F824E54B7B003B18BF0123BCF19B
:10F6C000020F74D0BCF1030F74D0BCF1010F6BD0EA
:10F6D000C0F854358B79C0F8C035002A58D0402284
:10F6E000C0F80423072340F30732C0F80035002A8E
:10F6F0004B794FEA10304FDB5109890002F160422B
:10F7000001F1604102F5614201F5614101275B01B0
:10F7100000F01F00DBB207FA00F082F80033C1F8F6
:10F72000800108602C4406EB840626480022012351
:10F730007277337703B0BDE8F08F1F2B87BFDFF8F8
:10F7400080E003F01F0898464FF0A04E012707FA0B
:10F7500008F7CEF80C7524E71B4803B0BDE8F08F1E
:10F760004FF0FF37019761E74FF0FF37009742E70F
:10F77000BEF11F0F87BF124F0EF01F0BF3464FF065
:10F78000A0474FF0010A0AFA0BFAC7F808A570E77C
:10F790000723C0F80035C5E70C4A00F00F005B01F5
:10F7A0000244DBB21376BDE743F0020390E743F077
:10F7B00004038DE743F006038AE700BF68DA002000
:10F7C000000300500000AD0B0500AD0BFCEC00E0A9
:10F7D0002DE9F04F0779DFF898E107EBC70384467E
:10F7E0000EEB830083B0457F002D40F0A2809B008C
:10F7F0000C465EF8039016464FEAC708B9F1000FB1
:10F8000004D012F0140F04BF0123437708EB07055F
:10F810000EEB850594E80F0095F81FA005F10C0B81
:10F82000BAF1FF0F8BE80F000FD0AB7F002B55D044
:10F83000BAF11F0F8DBF4A4A51464FF0A0420AF05D
:10F840001F0101238B40C2F80835226872B102F013
:10F850006043B3F1005F09D047440EEB870E0023ED
:10F8600040488EF81D3003B0BDE8F08FA16821B18B
:10F8700001F06043B3F1005FEED1DCF80030E068E6
:10F880006568C3F844250022C3F84855C3F8341509
:10F89000C3F83805C3F81821D3F818210192019A4A
:10F8A00016F0010218BF0122C3F8502516F002021B
:10F8B00018BF01223007C3F840255CBF01221A613E
:10F8C000B9F1000F18D02848402271074CBFC3F887
:10F8D0000823C3F8042303B0BDE8F08FBAF11F0F6B
:10F8E0008DBF1F4A51464FF0A0420AF01F0101236D
:10F8F0008B40C2F80C35A8E7D3F81821002AFBD0BA
:10F90000BAF1FF0F29D047440EEB870E9EF81E3048
:10F910009BB1BAF11F0F88BF114A134894BF4FF033
:10F92000A0420AF01F0A012303FA0AF3C2F80C35B9
:10F9300099E70E4803B0BDE8F08FBAF11F0F88BFFA
:10F94000074A094894BF4FF0A0420AF01F0A01235A
:10F9500003FA0AF3C2F8083585E7034883E700BFD6
:10F96000000300500A00AD0B0000AD0B0B00AD0B07
:10F9700068DA0020194BD3F8182102B9704700212A
:10F98000174AC3F81811D3F81811D37F82B0FF2B90
:10F99000019101990DD0917F99B11F2B8ABF114818
:10F9A0004FF0A04003F01F03012101FA03F3C0F858
:10F9B0000C35002353771372D2E900310A4802B0A4
:10F9C00018471F2B8ABF07484FF0A04003F01F03C2
:10F9D000012101FA03F3C0F80835EAE700300240DC
:10F9E00068DA00200003005070DA00201B4BD3F8C7
:10F9F000182102B970470021194AC3F81811D3F829
:10FA0000181192F8433082B0FF2B019101990ED06A
:10FA100092F84210A9B11F2B8ABF12484FF0A040A4
:10FA200003F01F03012101FA03F3C0F80C35002392
:10FA300082F8413082F82C30D2E909310A4802B00C
:10FA400018471F2B8ABF07484FF0A04003F01F0341
:10FA5000012101FA03F3C0F80835E8E700F002409D
:10FA600068DA00200003005094DA0020764B1B680F
:10FA700010B45C1C00F0B880744A082B126822D0C5
:10FA8000714B1B68082B72D0591C15D06F4A126835
:10FA9000082B00F0CB806E4AD2F8883043F4700314
:10FAA000C2F88830BFF34F8FBFF36F8F694B6A4A3C
:10FAB0005DF8044B1A607047684A694B12681B78FE
:10FAC000C2F30312E4E7032A40F2A1805F4A1268FE
:10FAD000082BD5D1032AD3D84FF08052614BD2F8EE
:10FAE0000414C3F82015D2F80814C3F82415D2F86A
:10FAF0000C14C3F82815D2F81014C3F82C15D2F83A
:10FB00001414C3F83015D2F81814C3F83415D2F809
:10FB10001C14C3F84015D2F82014C3F84415D2F8C9
:10FB20002414C3F84815D2F82814C3F84C15D2F899
:10FB30002C14C3F85015D2F83014C3F85415D2F869
:10FB40003414C3F86015D2F83814C3F86415D2F829
:10FB50003C14C3F86815D2F84014C3F86C15D2F8F9
:10FB60004424C3F87025384B1B68082B8CD1374BC5
:10FB70001A68032A8FD83C4B9B5C13B13B4B3C4922
:10FB800019603C4B9B5C6BB12F4B3B491B682F4A68
:10FB9000FB20C1F81805082B12687FF475AF032A03
:10FBA0003FF679AF354B9B5CA3B1354B354C1968AB
:10FBB0002068264AA3F5947320F00F001B68126892
:10FBC00001F00F010143082B21607FF45DAF032A90
:10FBD0003FF661AF2C4B9B5C5BB31B4B2B4A1B6806
:10FBE0004FF4007111604FE71D4A1C4B12781B68DF
:10FBF000082A4FEA13137FF443AF13F00C0F06D01B
:10FC0000164A174B12681B78C2F3031260E70E4BBB
:10FC10001B684FF080420021581CC2F80C11C2F83A
:10FC20001011C2F838157FF451AFE9E7032A3FF607
:10FC300032AF4FF08043D3F80024D20744BF6FF0B7
:10FC40000102C3F8002426E730010010340100103F
:10FC500000ED00E0986100200090D003E80F00F074
:10FC6000E00F00F000C000403CB304008C560040A0
:10FC7000488103003CB3040000F000403CB30400A2
:10FC800058020010E40E00403CB3040040960240CD
:10FC900008B5ECF76FFD054B4FF080525A6040BF3E
:10FCA000BFF34F8FBFF36F8F08BD00BF00ED00E0C3
:10FCB000704700BF704700BF044B036010B464235B
:10FCC000034C0C605DF8044B13607047B0DA002001
:10FCD00004DB0020054B036010B44FF48073044C28
:10FCE0000C605DF8044B1360704700BF94DC00208B
:10FCF000E8DC002070B51F4D84B028684FF0FF325B
:10FD000003A9FDF7D5FB0028F7D0039C237A66688A
:10FD1000052B0CD8DFE803F02629211B1403D4E9B6
:10FD20000523D4E90301E4690094B047039C2068EB
:10FD300010B1FDF76FF8039C2046FDF76BF8DCE788
:10FD4000D4E90523D4E90301B047039CEFE7D4E9E4
:10FD50000412E068B047039CE9E7D4E90301B04727
:10FD6000039CE4E7B047039CE1E7E068B047039CED
:10FD7000DDE700BFECE000202DE9F043304B314DD2
:10FD80005B6885B0C3F30803019001AF53B1002352
:10FD9000286839461A46FDF70DFB012809D105B040
:10FDA000BDE8F083286839466422FDF71DF9012873
:10FDB000F5D0DFF89480D8F800000022400004213C
:10FDC000FDF7D0F806460028E9D0DFF88090D9F892
:10FDD0000000FEF767F8FFF737F801E0FDF704F9D8
:10FDE000002203A92868FDF763FB04460023642270
:10FDF00003A93046002CF1D12868FDF73DFE2E60A6
:10FE0000FFF72CF8D9F80000FEF70CF9D8F800300D
:10FE10000B4A28685B00C8F800305368C3F3080336
:10FE2000394633B123462246FDF7C4FA05B0BDE892
:10FE3000F0836422FDF7D8F805B0BDE8F08300BF79
:10FE400000ED00E0ECE00020E8E00020F0E0002021
:10FE50002DE9F8439DF8206005460F4690469946E7
:10FE60009EB1B0000C30FCF7BBFF044658B1002334
:10FE7000C0F804800672036005B147B90EBB204686
:10FE8000FFF77AFF0120BDE8F8831020EBE7384642
:10FE9000FCF7A6FF80462060D0B13A46294601F023
:10FEA000D9FC002EEBD0711EC9B209EB8101A9F17A
:10FEB000040252F8043FAB4208BFC2F800809142EE
:10FEC000F7D1B200494604F10C0001F0C3FCD6E7BB
:10FED0002046FCF79FFF4046D5E700BF70B54023A2
:10FEE0000B4D82B004460022184604212B60FDF71A
:10FEF00039F8084D084B0193064602230093074941
:10FF00002E60A2B200230648FDF754FF02B070BD78
:10FF1000E8E00020ECE00020F0E0002040B3040026
:10FF2000F5FC030011DF704708B50446FFF7FAFF40
:10FF30000D4B4FF080414FF0FF32C3F88020C3F8E3
:10FF40008021C3F88420C3F88421C1F81C45BFF385
:10FF50004F8F0649064BCA6802F4E0621343CB6038
:10FF6000BFF34F8F00BFFDE700E100E000ED00E0D0
:10FF70000400FA054FF08043194AD3F800141948D9
:10FF800030B41160D3F80054D3F80024164C17494C
:10FF90002A43C3F80024D4F840250260002401223B
:10FFA0004FF40030C3F818459A60C1F88000BFF3E1
:10FFB0004F8FBFF36F8F0E4C03F588334FF0A04582
:10FFC0004FF480304FF0FF31C3F84803C3F8080303
:10FFD0005A609A60C5F80815C4F8081530BC704717
:10FFE000F4E00020F8E0002000A0004000E100E084
:10FFF0000003005008B54E20FFF796FF2DE9F04FA3
:020000024000BC
:100000003E4D3F4CDFF800C1884681B007465FFA9D
:1000100080FE05F11001A9462B4653F8042BBFF3CF
:100020005B8F5268BFF35B8FA2422CD09942F4D110
:10003000324EDFF8CCA000245FFA87FB56F8043B71
:10004000BFF35B8F5B68BFF35B8F534510D0013408
:10005000042CF3D12A4E002455F8040B314600F04D
:100060001BFB70BB0134042CF6D101B0BDE8F08F4E
:1000700056F8040C594600F019FA0028E7D01FFA88
:1000800088F259462CE053F8040C1CF82E20066820
:10009000D6F860A592452BD0D6F864A5524529D054
:1000A000D6F868A5524527D0D6F86C65B242BDD1C6
:1000B00003211FFA88F2002301B0BDE8F04F00F0E1
:1000C00065BA104B59F824001978FFB200F0E0F936
:1000D000394659F8240000F0E9F939461FFA88F248
:1000E00059F82400002301B0BDE8F04F00F084BAB5
:1000F0000021DEE70121DCE70221DAE7A46100202C
:10010000416C6F679C61002030B20400F0B44B4B2F
:100110001D6882B00023082DADF8063005DD0A2DDC
:1001200000F385800A26012300E00826444C454A56
:10013000C4F8F03501270023DFF814C14249C4F8A0
:100140000075C4F81435C4F81035C2F81435C2F877
:100150001035C2F82435C2F82035C2F83435C2F85B
:100160003035C2F84435C2F84035C2F85435C2F8CB
:100170005035C2F86435C2F86035C2F87435C2F83B
:100180007035324ADCF8003009681268DFF8C4C004
:100190001B02090301F4805103F4E06312040B43D2
:1001A00002F4E0229CF80010134343EA01630DF1CE
:1001B0000602C4F818352146C4F81405C4F8100521
:1001C000C4F82C26C4F830762760D1F80031002B13
:1001D000FBD0002001231A4AC1F800014B60D2F87D
:1001E0000431002BFBD0002001231549C2F8040183
:1001F0009360D1F81431002BFBD00023C1F81431E7
:10020000BDF80620120448BFADF806300C4B0022A2
:10021000C3F80025BDF80600B54200B204D035BFD2
:10022000751BAD1BE840A84002B0F0BC70470D2D17
:10023000B5BF0C260E260223032377E7A06100201A
:10024000007000401070004004E1002008E1002030
:1002500000E10020FCE00020242816D8144B53F8BD
:100260002030023B1D2B10D8DFE803F01E201416AF
:100270000F0F0F0F0F0F0F0F0F0F0F0F0F0F0F0F8E
:100280000F0F0F0F0F0F181A1C11002070470820B6
:10029000FFF73CBF0320FBE70420F9E70520F7E761
:1002A0000620F5E70720F3E70120F1E70220EFE75A
:1002B00030B2040024281BD83C4B53F820301F2BAD
:1002C00086BF3B4A03F01F034FF0A0420E290FD810
:1002D000DFE801F0655F59534D474039322B241D4B
:1002E000160F080003F5E07340F2037142F8231083
:1002F000704703F5E07340F2036142F82310704742
:1003000003F5E07340F2035142F82310704703F500
:10031000E07340F2034142F82310704703F5E073A5
:1003200040F2033142F82310704703F5E07340F2C6
:10033000032142F82310704703F5E07340F20311E4
:1003400042F82310704703F5E0734FF4403142F850
:100350002310704703F5E0734FF4003142F8231087
:10036000704703F5E073134942F82310704703F513
:10037000E073114942F82310704703F5E07304213C
:1003800042F82310704703F5E0730C2142F8231064
:10039000704703F5E073032142F82310704703F51B
:1003A000E073002142F82310704700BF30B2040010
:1003B00000030050040002000C00030024280FD8A2
:1003C0000B4B53F820301F2B86BF0A4A03F01F0344
:1003D0004FF0A04229B1012101FA03F3C2F8083518
:1003E0007047012101FA03F3C2F80C35704700BFD2
:1003F00030B2040000030050242818D80D4B53F8E5
:1004000020201F2A8ABF0C494FF0A04102F01F0292
:10041000D1F8140501239340034214BFD1F80425F9
:10042000D1F81025134214BF01200020704700208E
:10043000704700BF30B204000003005024280DD8DC
:10044000074B53F820201F2A86BF064902F01F02DF
:100450004FF0A04101239340C1F80C35704700BF15
:1004600030B204000003005030B401600022BFF33A
:100470005B8F4260BFF35B8F01688260FF254FF0A6
:10048000FF340582C2608274C1F8644530BC704795
:100490000F294FF0010228BF0F2102FA01F14B1E74
:1004A00002689BB20382C2F808357047F8B50C4663
:1004B0000368354ED3F8601516F824208A4223D0FD
:1004C000D3F864158A421FD0D3F868158A421BD02E
:1004D000D3F86C158A4217D0D3F86025002A054658
:1004E00014DBD3F86425002A48DBD3F86825002AFA
:1004F00046DBD3F86C35002B44DB0020F8BDD3F885
:100500006C1500292EDA6ABB0120F8BD00270121F5
:100510002046FFF7CFFE00212046FFF74FFF2B6854
:1005200056F82410D3F80025FAB107F5AC70002274
:100530000437C3F8002543F82010012125F81720BF
:10054000C3F80015D3F86025D3F86415D243002909
:10055000D3F868154FEAD272A8BF01320029CEDB6A
:10056000D3F86C2501209860F8BD07F5AC7004370E
:1005700043F8201025F817200120F8BD0127C6E711
:100580000227C4E70327C2E730B20400032931D8A9
:1005900030B463B303680431D3F8004520F8112068
:1005A0000CBB028AC3F80445C3F80825827CC3F853
:1005B0000C250830022504210122C3F81055C3F888
:1005C0001445C3F82005C3F82415C3F82845C3F81B
:1005D0002C45C3F84045C3F84445C3F84845C3F823
:1005E0004C45C3F80025012030BC9860704742F4A8
:1005F0000042CFE70020704730B4264D046815F85C
:100600002110D4F860558D420ED0D4F864558D4237
:100610003AD0D4F86855A94238D0D4F86C558D42F8
:1006200036D0002030BC704700210BB942F40042A4
:10063000D4F80035043120F811200BBB028AC4F82D
:100640000435C4F80825827CC4F80C25083002253E
:1006500004210122C4F81055C4F81435C4F820054B
:10066000C4F82415C4F82835C4F82C35C4F840352E
:10067000C4F84435C4F84835C4F84C35C4F80025EE
:100680000120A06030BC70470121CEE70221CCE7F9
:100690000321CAE730B20400214B5B6809B900208E
:1006A000704710B4BFF35B8F4368BFF35B8F994211
:1006B00000F1040416D0BFF35B8F4368BFF35B8F78
:1006C00083B90368D3F86025D3F86405D2430028C2
:1006D000D3F868054FEAD272A8BF0132002805DBC3
:1006E000D3F86C3500205DF8044B7047D3F86C05E7
:1006F0000028F7DA002AF5D1D3F80035002BF1D124
:10070000BFF35B8F54E8003F002B03D144E8001295
:10071000002AF7D1BFF35B8F0CBF01200020E2E776
:1007200000ED00E008B509490948FFF79DFE0949B9
:100730000948FFF799FE09490948FFF795FEBDE80A
:10074000084008490848FFF78FBE00BF00C00140BD
:100750000CE100200010024020E1002000200240B7
:1007600034E1002000D0024048E1002000F10803FD
:100770004FF0FF310022C0E9033381600260436023
:10078000704700BF00230361704700BF43680268E1
:1007900010B49C688C609C684B6001326160996009
:1007A0005DF8044B08610260704700BF30B40D680B
:1007B0006B1C10D000F108031C465B681A68AA4243
:1007C000FAD902684B60013299608C6061600861FF
:1007D00030BC0260704704696368F2E7036910B4D3
:1007E000D0E901125C688A608442516008BF5A6097
:1007F0001A685DF8044B0021013A01611A6018681B
:10080000704700BF81F0004102E000BF83F0004369
:1008100030B54FEA41044FEA430594EA050F08BF9B
:1008200090EA020F1FBF54EA000C55EA020C7FEA5F
:10083000645C7FEA655C00F0E2804FEA5454D4EBDC
:100840005555B8BF6D420CDD2C4480EA020281EAA6
:10085000030382EA000083EA010180EA020281EADE
:100860000303362D88BF30BD11F0004F4FEA013130
:100870004FF4801C4CEA113102D0404261EB41013F
:1008800013F0004F4FEA03334CEA133302D05242C5
:1008900063EB430394EA050F00F0A780A4F1010481
:1008A000D5F1200E0DDB02FA0EFC22FA05F28018BB
:1008B00041F1000103FA0EF2801843FA05F35941A1
:1008C0000EE0A5F120050EF1200E012A03FA0EFC20
:1008D00028BF4CF0020C43FA05F3C01851EBE3714A
:1008E00001F0004507D54FF0000EDCF1000C7EEB67
:1008F00000006EEB0101B1F5801F1BD3B1F5001FA5
:100900000CD349085FEA30004FEA3C0C04F10104C3
:100910004FEA445212F5800F80F09A80BCF1004FEC
:1009200008BF5FEA500C50F1000041EB045141EA6E
:10093000050130BD5FEA4C0C404141EB0101013C37
:1009400028BFB1F5801FE9D291F0000F04BF014626
:100950000020B1FA81F308BF2033A3F10B03B3F1F8
:1009600020020CDA0C3208DD02F1140CC2F10C0288
:1009700001FA0CF021FA02F10CE002F11402D8BFE6
:10098000C2F1200C01FA02F120FA0CFCDCBF41EAB2
:100990000C019040E41AA2BF01EB0451294330BD81
:1009A0006FEA04041F3C1CDA0C340EDC04F114045E
:1009B000C4F1200220FA04F001FA02F340EA030035
:1009C00021FA04F345EA030130BDC4F10C04C4F17B
:1009D000200220FA02F001FA04F340EA030029465B
:1009E00030BD21FA04F0294630BD94F0000F83F4A5
:1009F000801306BF81F480110134013D4EE77FEA88
:100A0000645C18BF7FEA655C29D094EA050F08BFD3
:100A100090EA020F05D054EA000C04BF19461046B4
:100A200030BD91EA030F1EBF0021002030BD5FEAF8
:100A3000545C05D14000494128BF41F0004130BD20
:100A400014F580043CBF01F5801130BD01F0004574
:100A500045F0FE4141F470014FF0000030BD7FEAE7
:100A6000645C1ABF194610467FEA655C1CBF0B46E2
:100A7000024650EA013406BF52EA033591EA030FF9
:100A800041F4002130BD00BF90F0000F04BF0021F1
:100A9000704730B54FF4806404F132044FF0000524
:100AA0004FF0000150E700BF90F0000F04BF00219D
:100AB000704730B54FF4806404F1320410F0004503
:100AC00048BF40424FF000013EE700BF42004FEAFE
:100AD000E2014FEA31014FEA02701FBF12F07F437B
:100AE00093F07F4F81F06051704732F07F4208BF32
:100AF000704793F07F4F04BF41F40021704730B539
:100B00004FF4607401F0004521F000411CE700BF84
:100B100050EA010208BF704730B54FF000050AE007
:100B200050EA010208BF704730B511F0004502D508
:100B3000404261EB41014FF4806404F132045FEA0A
:100B4000915C3FF4D8AE4FF003025FEADC0C18BFB3
:100B500003325FEADC0C18BF033202EBDC02C2F1A5
:100B6000200300FA03FC20FA02F001FA03FE40EA37
:100B70000E0021FA02F11444BDE600BF70B54FF03B
:100B8000FF0C4CF4E06C1CEA11541DBF1CEA135519
:100B900094EA0C0F95EA0C0F00F0DEF82C4481EA81
:100BA000030621EA4C5123EA4C5350EA013518BFA1
:100BB00052EA033541F4801143F4801338D0A0FB8E
:100BC00002CE4FF00005E1FB02E506F00042E0FB3B
:100BD00003E54FF00006E1FB03569CF0000F18BF41
:100BE0004EF0010EA4F1FF04B6F5007F64F54074E9
:100BF00004D25FEA4E0E6D4146EB060642EAC6217C
:100C000041EA55514FEAC52040EA5E504FEACE2EE8
:100C1000B4F1FD0C88BFBCF5E06F1ED8BEF1004FEB
:100C200008BF5FEA500E50F1000041EB045170BD67
:100C300006F0004646EA010140EA020081EA0301AB
:100C4000B4EB5C04C2BFD4EB0C0541EA045170BDA7
:100C500041F480114FF0000E013C00F3AB8014F121
:100C6000360FDEBF002001F0004170BDC4F100046A
:100C7000203C35DA0C341BDC04F11404C4F12005EB
:100C800000FA05F320FA04F001FA05F240EA020046
:100C900001F0004221F0004110EBD37021FA04F67C
:100CA00042EB06015EEA430E08BF20EAD37070BD36
:100CB000C4F10C04C4F1200500FA04F320FA05F095
:100CC00001FA04F240EA020001F0004110EBD37097
:100CD00041F100015EEA430E08BF20EAD37070BD07
:100CE000C4F1200500FA05F24EEA020E20FA04F3E0
:100CF00001FA05F243EA020321FA04F001F000418F
:100D000021FA04F220EA020000EBD3705EEA430EFF
:100D100008BF20EAD37070BD94F0000F0FD101F02E
:100D20000046400041EB010111F4801F08BF013C67
:100D3000F7D041EA060195F0000F18BF704703F0A5
:100D40000046520043EB030313F4801F08BF013D2C
:100D5000F7D043EA0603704794EA0C0F0CEA1355E8
:100D600018BF95EA0C0F0CD050EA410618BF52EAA2
:100D70004306D1D181EA030101F000414FF00000A8
:100D800070BD50EA410606BF1046194652EA4306B6
:100D900019D094EA0C0F02D150EA013613D195EA2A
:100DA0000C0F05D152EA03361CBF104619460AD172
:100DB00081EA030101F0004141F0FE4141F470017C
:100DC0004FF0000070BD41F0FE4141F4780170BD6C
:100DD00070B54FF0FF0C4CF4E06C1CEA11541DBFD1
:100DE0001CEA135594EA0C0F95EA0C0F00F0A7F8D3
:100DF000A4EB050481EA030E52EA03354FEA013100
:100E000000F088804FEA03334FF0805545EA131312
:100E100043EA12634FEA022245EA111545EA1065DA
:100E20004FEA00260EF000419D4208BF964244F171
:100E3000FD0404F5407402D25B084FEA3202B61A90
:100E400065EB03055B084FEA32024FF480104FF464
:100E5000002CB6EB020E75EB030E22BFB61A7546D8
:100E600040EA0C005B084FEA3202B6EB020E75EB6B
:100E7000030E22BFB61A754640EA5C005B084FEAD3
:100E80003202B6EB020E75EB030E22BFB61A7546A0
:100E900040EA9C005B084FEA3202B6EB020E75EBAB
:100EA000030E22BFB61A754640EADC0055EA060E6C
:100EB00018D04FEA051545EA16754FEA06164FEAAF
:100EC000C30343EA52734FEAC2025FEA1C1CC0D15B
:100ED00011F4801F0BD141EA00014FF000004FF0E8
:100EE000004CB6E711F4801F04BF01430020B4F1A9
:100EF000FD0C88BFBCF5E06F3FF6AFAEB5EB030C61
:100F000004BFB6EB020C5FEA500C50F1000041EB5D
:100F1000045170BD0EF0004E4EEA113114EB5C042A
:100F2000C2BFD4EB0C0541EA045170BD41F48011FD
:100F30004FF0000E013C90E645EA060E8DE60CEA05
:100F4000135594EA0C0F08BF95EA0C0F3FF43BAF22
:100F500094EA0C0F0AD150EA01347FF434AF95EAD9
:100F60000C0F7FF425AF104619462CE795EA0C0FBD
:100F700006D152EA03353FF4FDAE1046194622E78A
:100F800050EA410618BF52EA43067FF4C5AE50EA64
:100F900041047FF40DAF52EA43057FF4EBAE12E754
:100FA0004FF0FF3C06E000BF4FF0010C02E000BF35
:100FB0004FF0010C4DF804CD4FEA410C7FEA6C5C18
:100FC0004FEA430C18BF7FEA6C5C1BD001B050EABB
:100FD000410C0CBF52EA430C91EA030F02BF90EAA6
:100FE000020F0020704710F1000F91EA030F58BF65
:100FF000994208BF90422CBFD8176FEAE37040F0C7
:10100000010070474FEA410C7FEA6C5C02D150EA64
:10101000013C07D14FEA430C7FEA6C5CD6D152EA1F
:10102000033CD3D05DF8040B704700BF84461046E4
:1010300062468C461946634600E000BF01B5FFF7E3
:10104000B7FF002848BF10F1000F01BD4DF808EDB3
:10105000FFF7F4FF0CBF012000205DF808FB00BF84
:101060004DF808EDFFF7EAFF34BF012000205DF8DE
:1010700008FB00BF4DF808EDFFF7E0FF94BF01202B
:1010800000205DF808FB00BF4DF808EDFFF7CEFF2C
:1010900094BF012000205DF808FB00BF4DF808ED6B
:1010A000FFF7C4FF34BF012000205DF808FB00BF3C
:1010B0004FEA410C7FEA6C5C02D150EA013C0AD154
:1010C0004FEA430C7FEA6C5C02D152EA033C02D146
:1010D0004FF0000070474FF0010070474FEA4102A7
:1010E00012F5001215D211D56FF47873B3EB62527A
:1010F00012D94FEAC12343F0004343EA505311F0A1
:10110000004F23FA02F018BF404270474FF0000032
:10111000704750EA013005D111F0004008BF6FF070
:10112000004070474FF00000704700BF4FEA410297
:10113000B2F1E04324BFB3F5001CDCF1FE5C0DD935
:1011400001F0004C4FEAC0024CEA5070B2F1004F7F
:1011500040EB830008BF20F00100704711F0804F82
:1011600021D113F13872BCBF01F00040704741F447
:1011700080114FEA5252C2F11802C2F1200C10FA4B
:101180000CF320FA02F018BF40F001004FEAC1232F
:101190004FEAD32303FA0CFC40EA0C0023FA02F3D3
:1011A0004FEA4303CCE77FEA625307D150EA0133A9
:1011B0001EBF4FF0FE4040F44000704701F0004079
:1011C00040F0FE4040F40000704700BF80F0004057
:1011D00002E000BF81F0004142001FBF5FEA41030F
:1011E00092EA030F7FEA226C7FEA236C6AD04FEA0F
:1011F0001262D2EB1363C1BFD21841404840414054
:10120000B8BF5B42192B88BF704710F0004F40F405
:10121000000020F07F4018BF404211F0004F41F421
:10122000000121F07F4118BF494292EA030F3FD0ED
:10123000A2F1010241FA03FC10EB0C00C3F1200300
:1012400001FA03F100F0004302D5494260EB40008F
:10125000B0F5000F13D3B0F1807F06D340084FEAFA
:10126000310102F10102FE2A51D2B1F1004F40EBEF
:10127000C25008BF20F0010040EA03007047490057
:1012800040EB0000013A28BFB0F5000FEDD2B0FAF4
:1012900080FCACF1080CB2EB0C0200FA0CF0AABF17
:1012A00000EBC25052421843BCBFD04018437047B5
:1012B00092F0000F81F4000106BF80F400000132BB
:1012C000013BB5E74FEA41037FEA226C18BF7FEA92
:1012D000236C21D092EA030F04D092F0000F08BFD4
:1012E0000846704790EA010F1CBF0020704712F0BB
:1012F0007F4F04D1400028BF40F00040704712F1FA
:1013000000723CBF00F50000704700F0004343F05E
:10131000FE4040F4000070477FEA226216BF084694
:101320007FEA23630146420206BF5FEA412390EA57
:10133000010F40F4800070474FF0000304E000BF4D
:1013400010F0004348BF40425FEA000C08BF7047FE
:1013500043F0964301464FF000001CE050EA0102C2
:1013600008BF70474FF000030AE000BF50EA0102D7
:1013700008BF704711F0004302D5404261EB4101C4
:101380005FEA010C02BF84460146002043F0B643E9
:1013900008BFA3F18053A3F50003BCFA8CF2083A0E
:1013A000A3EBC25310DB01FA02FC634400FA02FC17
:1013B000C2F12002BCF1004F20FA02F243EB02001E
:1013C00008BF20F00100704702F1200201FA02FC80
:1013D000C2F1200250EA4C0021FA02F243EB020073
:1013E00008BF20EADC7070477BB972B90029BEBF24
:1013F00000204FF0004106E008BF00281CBF6FF03E
:1014000000414FF0FF3000F0B9B9ADF1080C6DE9C3
:1014100004CE002909DB002B1ADB00F04DF8DDF8C3
:1014200004E0DDE9022304B07047404261EB410172
:10143000002B1BDB00F040F8DDF804E0DDE90223BF
:1014400004B0404261EB4101524263EB43037047F9
:10145000524263EB430300F02FF8DDF804E0DDE9CE
:10146000022304B0404261EB41017047524263EBFA
:10147000430300F021F8DDF804E0DDE9022304B0C5
:10148000524263EB4303704753B94AB9002908BF7E
:1014900000281CBF4FF0FF314FF0FF3000F06EB955
:1014A000ADF1080C6DE904CE00F006F8DDF804E0BB
:1014B000DDE9022304B070472DE9F047089D04469A
:1014C0008C46002B40F083808A42174647D9B2FAF7
:1014D00082F242B1C2F1200024FA00F0914097401C
:1014E00040EA010C94404FEA1748230CBCFBF8F685
:1014F0001FFA87FE08FB16C143EA014306FB0EF103
:10150000994209D9FB1806F1FF3080F01981994200
:1015100040F21681023E3B445B1AA4B2B3FBF8F0E2
:1015200008FB103344EA034400FB0EFEA64509D92C
:101530003C1900F1FF3380F00581A64540F202819D
:1015400002383C4440EA0640A4EB0E0400261DB1DC
:10155000D4400023C5E900433146BDE8F08702B915
:10156000FFDEB2FA82F2002A50D1CB1B4FEA174EAF
:101570001FFA87F80126B3FBFEFC210C0EFB1C337F
:1015800041EA034108FB0CF38B4207D979180CF1AF
:10159000FF3002D28B4200F2E9808446C91AA3B21E
:1015A000B1FBFEF00EFB101143EA014408FB00F80A
:1015B000A04507D93C1900F1FF3302D2A04500F243
:1015C000D9801846A4EB080440EA0C40BFE78B42E0
:1015D00009D9002D00F0B1800026C5E90001304690
:1015E0003146BDE8F087B3FA83F6002E4AD18B422C
:1015F00002D3824200F2B880841A61EB0301012019
:101600008C46002DA8D0C5E9004CA5E7C2F1200307
:1016100020FA03F6974001FA02F04FEA174ED9403C
:101620003043030CB1FBFEF61FFA87F80EFB1611D0
:1016300043EA014306FB08F1994204FA02F409D98E
:10164000FB1806F1FF3C80F08D80994240F28A80C1
:10165000023E3B445B1A81B2B3FBFEF00EFB10333B
:1016600041EA034100FB08F38B4207D9791800F1E6
:10167000FF3C73D28B4271D902383944CB1A40EA0D
:10168000064678E7C6F1200C03FA06F422FA0CF3BA
:101690001C4320FA0CF701FA06F34FEA144E21FA24
:1016A0000CF11F433B0CB1FBFEF91FFA84F80EFB53
:1016B000191143EA014109FB08FA8A4502FA06F2C8
:1016C00000FA06F308D9611809F1FF3048D28A45BB
:1016D00046D9A9F102092144A1EB0A01BFB2B1FB2D
:1016E000FEF00EFB101147EA014700FB08F8B84571
:1016F00007D9E71900F1FF312ED2B8452CD90238AD
:10170000274440EA0940A7EB0807A0FB02894F45A0
:10171000C64649461AD317D05DB1B3EB0E0267EB4C
:10172000010707FA0CFCF2404CEA0202F740C5E957
:10173000002700263146BDE8F0872E4628460BE7F5
:101740000646E9E61846FDE64345E5D2B8EB020E4B
:1017500069EB04010138DFE70846D2E760468DE710
:101760008146B9E7664675E730464AE7ACF1020CB8
:10177000394413E702383C4424E700BF704700BFF8
:101780000B460146184600F009B80000024B0A4615
:101790000146186800F08EB8B461002010B5054C01
:1017A00013462CB10A4601460220AFF3008010BD5B
:1017B0002046FCE700000000014B1868704700BF9E
:1017C000B461002008B5074B044613B10021AFF304
:1017D0000080054B1868836A03B19847204602F0E1
:1017E00077F900BF000000004CB3040070B50D4D48
:1017F0000D4C641BA4100026A64209D10B4D0C4CC5
:1018000002F068F9641BA4100026A64205D170BD41
:1018100055F8043B98470136EEE755F8043B9847E6
:101820000136F2E784630020846300208463002093
:10183000A4630020024B0146186800F09BB800BF6B
:10184000B4610020024B0146186800F043B800BFA5
:10185000B46100200A44914200F1FF3300D1704787
:1018600010B511F8014B03F8014F9142F9D110BDA9
:10187000884210B501EB020402D98442234607D8FE
:10188000431EA14208D011F8012B03F8012FF8E7FD
:10189000024401468A4200D110BD13F8014D02F8FE
:1018A000014DF7E702440346934200D1704703F825
:1018B000011BF9E713B54A431146019200F05AF8AB
:1018C000044618B1019A0021FFF7ECFF204602B050
:1018D00010BD000037B5002948D051F8043C0190F4
:1018E000002BA1F10404B8BFE41801F041FC204A28
:1018F00001981368154633B96360146003B0BDE8FE
:10190000304001F03BBCA3420BD9216862189342DE
:1019100004BF1A685B68636004BF521822602C60C1
:10192000ECE71A465B680BB1A342FAD91168551867
:10193000A5420BD1246821445418A3421160DDD183
:101940001C685B68536021441160D7E702D90C23FF
:101950000360D3E7256861198B4204BF19685B688F
:10196000636004BF491921605460C7E703B030BD0C
:101970005CE10020F8B5CD1C25F0030508350C2DE1
:1019800038BF0C25002D064601DBA94203D90C23E4
:1019900033600020F8BD01F0EBFB21490A681446D2
:1019A0009CB9204F3B6823B92146304600F0AEFC7D
:1019B00038602946304600F0A9FC431C23D10C2393
:1019C0003360304601F0DAFBE3E723685B1B17D492
:1019D0000B2B03D923601C44256004E06368A242FA
:1019E0000CBF0B605360304601F0C8FB04F10B00E4
:1019F000231D20F00700C21ACCD01B1AA350C9E740
:101A000022466468CCE7C41C24F00304A042E3D05F
:101A1000211A304600F07AFC0130DDD1CFE700BF5B
:101A20005CE1002060E100202DE9FF4755EC104B00
:101A3000002D0E4619462B46BBBF05F100431D463F
:101A400000232D230B700D9BDDF830A0914623F071
:101A50002008BCBF22461446B8F1460F05D0B8F1A5
:101A6000450F00D10136022100E0032103AB0193B1
:101A700002AB009345EC104B5346324600F030FD6C
:101A8000B8F1470F074602D119F0010F22D0B8F183
:101A9000460F07EB060910D13B78302B0AD1002204
:101AA000002320462946FFF7D1FA18B9C6F10106EE
:101AB000CAF80060DAF8003099440022002320467A
:101AC0002946FFF7C3FA08B1CDF80C903022039BEA
:101AD0004B4507D3039B0E9ADB1B3846136004B0BB
:101AE000BDE8F087591C03911A70F0E7F7B503467B
:101AF0000029B8BF494203F8022BB4BF2D222B2284
:101B0000092942702ADD0DF10704A4460A27A646DA
:101B10000A4691FBF7F607FB16153035632A04F1E8
:101B2000FF340EF8015C3146F1DC3031AEF10205D4
:101B300004F8011C441C294661450AD30DF1090231
:101B4000A2EB0E02654588BF00221344181A03B0A9
:101B5000F0BD11F8012B04F8012FEDE730233031EF
:101B60008370C170031DF1E72DE9F04F2DED028B5D
:101B70008DB00C46DDF8608016461F46054601F024
:101B80008DFAD0F800A0504600F0F8FB00230A932D
:101B900023680593D8F8003094F818B0073323F081
:101BA000070303F10802C8F80020D3E90023C4E9C1
:101BB0001223D4E9128929F000430793CDF8188045
:101BC00008EE100A9F4BDDE906014FF0FF32FFF7E8
:101BD0006FFA88BBDDE906019A4B4FF0FF32FFF741
:101BE00049FA48BB0022002340464946FFF738FA2D
:101BF00010B12D2384F84330934B9448BBF1470F29
:101C000094BF9846804603232361059B23F004027A
:101C100022604FF00009009733460BAA2146284660
:101C200000F0D8F9013040F090804FF0FF300DB057
:101C3000BDEC028BBDE8F08F42464B46404649461C
:101C4000FFF736FA40B14B46002BBCBF2D2384F87A
:101C500043307F487F4BD1E763680BF0DF02069289
:101C60005A1C3FD106236360059B616843F4806280
:101C7000002303930AABCDE901B309AB49EC108B08
:101C8000009322600DF123032846FFF7CDFE069B4B
:101C90000999472B804608D1C81C02DB636899422A
:101CA00041DDABF1020B5FFA8BFBBBF1650F20D876
:101CB00001395A4604F150000991FFF717FF0A9ABB
:101CC0001318012A8146236102DC2268D20701D55C
:101CD000013323619DF82330002B9CD02D2384F801
:101CE000433098E7069A472ABED1002BBCD1012386
:101CF000B9E7BBF1660F18D1002963680BDD2161DC
:101D000013B92268D00702D501330B442361A165C2
:101D10004FF00009DEE713B92268D20701D502337C
:101D2000F4E70123F2E74FF0670B0A9B994205DBCA
:101D300023682161D807EAD54B1CE7E70029D4BF07
:101D4000C1F1020201221344E0E723685A0507D4D7
:101D50002369424631462846B84701302CD164E712
:101D6000BBF1650F40F2E080D4E9120100220023AC
:101D7000FFF76CF9002834D0374A01233146284652
:101D8000B84701303FF451AFDDE909239A4202DB45
:101D90002368D80710D518EE103A52463146284627
:101DA000B84701303FF441AF4FF0000804F11A0981
:101DB0000A9B013B434509DC23689B0700F1058131
:101DC000E0680B9B9842B8BF184630E701234A46AB
:101DD00031462846B84701303FF427AF08F10108E3
:101DE000E6E7099B002B39DC1B4A012331462846D4
:101DF000B84701303FF419AFDDE90923134302D19D
:101E00002368D907D8D518EE103A524631462846ED
:101E1000B84701303FF409AF4FF0000904F11A0A46
:101E2000099B5B424B4501DC0A9B92E7012352462A
:101E300031462846B84701303FF4F7AE09F10109B1
:101E4000EEE700BFFFFFEF7F50B3040054B3040080
:101E50005CB3040058B3040060B304000A9AA36D95
:101E60009A42A8BF1A46002A914637DC4FF0000B71
:101E700029EAE97904F11A02A36D0593A3EB09039A
:101E80005B4533DCDDE909239A423BDB2368DA0753
:101E900038D40A9A059B0999D31AA2EB01099945EE
:101EA000A8BF9946B9F1000F35DC4FF0000829EAC8
:101EB000E97904F11A0ADDE909239B1AA3EB090366
:101EC00043457FF779AF0123524631462846B8474C
:101ED00001303FF4AAAE08F10108ECE713463146A1
:101EE00042462846B8470130C0D19EE6012331461C
:101EF00028460592B84701303FF497AE059A0BF19A
:101F0000010BB9E718EE103A524631462846B84759
:101F10000130BED189E6059A4B46424431462846F7
:101F2000B8470130C1D180E60A9A012A01DCDB07FB
:101F300038D50123424631462846B84701303FF4A0
:101F400074AE18EE103A524631462846B847013072
:101F50003FF46BAED4E9120100220023FFF776F8BC
:101F6000D8B90A9B08F10102013B31462846B8471F
:101F700001300ED159E60123524631462846B84772
:101F800001303FF452AE08F101080A9B013B434582
:101F9000F1DC4B4604F15002DCE64FF0000804F19E
:101FA0001A0AF2E701234246DFE701234A46314697
:101FB0002846B84701303FF438AE08F10108E3681D
:101FC0000B995B1A4345F0DCFAE64FF0000804F188
:101FD0001909F4E72DE9F047164699468A680B6916
:101FE000DDF820809342B8BF1346336091F8432058
:101FF00007460C460AB1013333602368990642BF95
:10200000336802333360256815F0060506D104F104
:10201000190AE36832689B1AAB4226DC94F8432025
:10202000131E226818BF012392062BD404F1430229
:1020300049463846C04701301ED02368E5683268FB
:1020400003F00603042B08BFAD1AA36822690CBF76
:1020500025EAE57500259342C4BF9B1AED180026BA
:102060001A34B5421AD1002008E0012352464946ED
:102070003846C047013003D14FF0FF30BDE8F0874C
:102080000135C6E7E1185A1C302081F8430022448C
:1020900094F8451082F843100233C7E70123224623
:1020A00049463846C0470130E6D00136D9E700003E
:1020B0002DE9FF470C469146277E0C99782F8046E4
:1020C0009A4604F1430207D8622F0AD8002F00F085
:1020D000D880582F00F0A38004F1420684F84270A3
:1020E0003AE0A7F16303152BF6D801A050F823F0CE
:1020F000492104005D210400D9200400D9200400F6
:10210000D9200400D92004005D210400D920040056
:10211000D9200400D9200400D92004006922040039
:102120008D2104004B220400D9200400D920040092
:102130008B220400D92004008D210400D920040042
:10214000D9200400532204000B681A1D1B680A6082
:1021500004F1420684F842300123A3E025680868B0
:102160002E0600F104030AD505680B60002D03DA82
:102170002D236D4284F843305E480A2319E015F0A0
:10218000400F05680B6018BF2DB2EFE70B6825689C
:10219000181D0860280601D51D6802E06906FBD5F8
:1021A0001D8854486F2F0CBF08230A23002184F890
:1021B00043106668A660002EA2BF216821F00401CA
:1021C00021600DB9002E4DD01646B5FBF3F103FB8F
:1021D0001157C75D06F8017D2F46BB420D46F4D965
:1021E000082B0BD12368DF0708D523696168994262
:1021F000DEBF302306F8013C06F1FF36921B226158
:10220000CDF800A04B4603AA21464046FFF7E2FE68
:1022100001304CD14FF0FF3004B0BDE8F0873548B5
:1022200084F8457023680E681F0656F8045B0E603C
:1022300014D5D90744BF43F0200323601DB9236898
:1022400023F0200323601023B0E7236843F020032A
:1022500023607823284884F84530E3E75E0648BFCA
:10226000ADB2E6E71646BBE70B68266860691D1D40
:102270000D6035061B6801D5186002E07106FBD5BC
:102280001880002323611646BAE70B681A1D0A60FE
:102290001E6862680021304600F01AFF08B1801BFA
:1022A000606063682361002384F84330A8E72369F2
:1022B000324649464046D0470130ABD023689B07A1
:1022C00013D4E068039B9842B8BF1846A4E70123E3
:1022D000324649464046D04701309BD00135E3683D
:1022E00003995B1AAB42F2DCEBE7002504F1190617
:1022F000F5E700BF62B3040073B30400024B0A4663
:102300000146186801F04DBAB461002038B5064D99
:102310000023044608462B60FDF74CF8431C02D10D
:102320002B6803B1236038BD90E100200EB400B5E6
:102330009CB01DAB029006906FF0004109480791D8
:102340000491094953F8042B05910068019302A9EF
:1023500001F0A8FA029B00221A701CB05DF804EB91
:1023600003B07047B46100200802FFFF034611F874
:10237000012B03F8012B002AF9D17047034613F80B
:10238000012B002AFBD1181A0138704710B501390A
:10239000034632B111F8014F03F8014B013A002C0A
:1023A000F7D11A440021934200D110BD03F8011B5C
:1023B000F9E70000034BC35C03F00303022B08BFE3
:1023C0002038704785B304002DE9F74F03690C6985
:1023D000A3420746C0F28180013C01F1140800F1DC
:1023E000140505EB8403019358F8243055F8242094
:1023F00001339A424FEA840B08EB8409B2FBF3F6EF
:1024000031D34FF0000E4046AC46F24650F8042B54
:1024100093B206FB03E34FEA134E9BB2AAEB03030E
:10242000120CDCF800A006FB02E213FA8AF34FEA72
:10243000124E1FFA82FADCF80020CAEB124202EBBD
:1024400023429BB243EA024381454CF8043B4FEAE6
:10245000224ADBD255F80B302BB9019B043B9D423D
:102460001A462ED33C61384601F0B9F8002824DB27
:10247000013628464FF0000C58F8042BD0F800E045
:1024800093B2ACEB0303120C13FA8EF3C2EB1E42B1
:1024900002EB23429BB243EA0243C14540F8043BAE
:1024A0004FEA224CE8D255F8242005EB840322B9E8
:1024B000043B9D421A460AD33C61304603B0BDE856
:1024C000F08F1268043B002ACCD1013CC7E71268A8
:1024D000043B002AF0D1013CEBE70020EEE70000CE
:1024E0002DE9F04F2DED028B57EC106B95B0456A3E
:1024F000DDF880800591CDE90267044609920F93CB
:102500003DB91020FAF76CFCC0E901556062056026
:10251000C560636A196851B15A684A6001239340E3
:102520008B60204600F064FE636A00221A603B1E46
:10253000B9BF23F0004303930023C8F80030DDF84F
:102540000C90B74BBCBF0122C8F8002033EA090346
:102550001BD10F9A42F20F731360C9F31303334375
:1025600000F07585219B63B9AE4B25E0AE4B00931F
:102570000833219A1360009815B0BDEC028BBDE8BA
:10258000F08FA84B00930333F3E79DED027B00220D
:1025900051EC170B00238DED0A7BFEF757FD8046AB
:1025A00060B10F9A01231360219B002B00F04C8532
:1025B0009E4B219A1360013B0093DCE79DED0A0BD3
:1025C00012AA13A9204601F09CF8C9F30A558246C5
:1025D000002D7ED00B9BCDF84080C3F31303DDE9C3
:1025E0000A6743F07F5747F44017A5F2FF35904B39
:1025F000002230463946FEF709F983A3D3E90023C8
:10260000FEF7BCFA82A3D3E90023FEF701F90646E0
:1026100028460F46FEF748FA7FA3D3E90023FEF7CA
:10262000ADFA02460B4630463946FEF7F1F806464B
:102630000F46FEF753FD00228146002330463946FF
:10264000FEF70EFD48B14846FEF72EFA32463B46ED
:10265000FEF7FCFC08B909F1FF39B9F1160F56D89D
:10266000744B03EBC903D3E90023DDE90A01FEF74C
:10267000F7FC00284DD009F1FF3900230E93129B7F
:102680005D1B6B1E049343BF0023C5F10108049337
:102690004FF00008B9F1000F3DDB049BCDF83490FA
:1026A0004B44049300230693059B092B00F29A8068
:1026B000052BC4BF043B0593059BA3F10203CCBFCC
:1026C00000250125032B00F29980DFE803F02C7D23
:1026D0007B89DDE912531D4405F23243202BC1BF33
:1026E000C3F1400305F2124009FA03F326FA00F0A1
:1026F000DABFC3F1200306FA03F01843FEF7C4F96A
:1027000001230646A1F1F877013D10936FE70123FD
:10271000B4E70E90B3E7C9F1000306930023A8EBDA
:1027200009080D93C0E700230893099B002B00F3D1
:1027300085804FF0010BCDF804B05B46CDF824B096
:10274000666A00227260042202F1140098427168E5
:102750007AD9204600F018FD636A30601B68009348
:10276000019B0E2B00F2F580002D00F0F280B9F1F4
:10277000000F7DDD2F4A09F00F0302EBC30393ED39
:10278000007B19F4807F4FEA2917B0EE478AF0EEFC
:10279000678A5DD0284BDDE90A01D3E90823FEF7FB
:1027A00017FBCDE9020107F00F070325224E002F8A
:1027B00050D1DDE9020153EC182BFEF709FBCDE9FE
:1027C00002016FE00123AFE700230893099B09EBA7
:1027D000030B0BF10103012B0193B8BF0123AFE7FA
:1027E0000123F2E701250023059308954FF0FF3BF5
:1027F0000022CDF804B012230992A1E70123089327
:10280000F4E700BFAFF3008061436F63A787D23F57
:10281000B3C8608B288AC63FFB799F501344D33FCF
:102820000000F07F8EB4040085B4040061B304009E
:102830000000F83F28B5040000B50400DDF824B01E
:10284000CDF804B05B467BE70131716052007BE755
:102850000225ABE7F90708D551EC180BD6E90023A0
:10286000FEF78CF941EC180B01357F1008369EE716
:1028700000F0AB80C9F10006AA4BAB4F06F00F0287
:1028800003EBC203D3E90023DDE90A01FEF776F981
:10289000CDE90201361100230225002E40F08A8086
:1028A000002B8CD10E9B002B00F09180DDE902679C
:1028B0009E4B002230463946FEF7D2FB002800F03E
:1028C0008680019B002B00F08280BBF1000F3CDD75
:1028D00009F1FF3307930022954B30463946FEF746
:1028E0004DF9CDE902010135CDF830B0DDE90267DF
:1028F0002846FEF7D9F832463B46FEF73FF98D4BA6
:102900000022FDF785FFA1F15073CDE90201039389
:102910000C9B002B60D1884B002230463946FDF7D6
:1029200075FFDDE9022306460F46FEF7B7FB0028D8
:1029300040F09982DDE90221304601F10043394639
:10294000FEF78EFB002840F08B82DDE90A23CDE9FB
:102950000223139B002BC0F25B81B9F10E0F00F331
:102960005781704B03EBC90393ED007B099BB0EEDD
:10297000478AF0EE678A002B80F2E280019B002BF1
:1029800000F3DE8040F06C826B4B51EC170B0022A1
:10299000FEF7F4F8DDE90223FEF776FB019E3746E9
:1029A000002840F04282009D312305F8013B09F1E7
:1029B00001093EE2F20705D5D7E90023FEF7DEF86C
:1029C000013501237610083767E702256AE7019B86
:1029D000CDF81C900C9389E700990C980C9A514BF8
:1029E0009DED027B014402910899B0EE478AF0EE1A
:1029F000678A03EBC20353E90223002945D04F49FC
:102A00000020FEF7E5F953EC182BFDF7FFFE009DC3
:102A100041EC180B39463046FEF760FB0C90FEF790
:102A200043F802460B4630463946FDF7EFFE0C9B55
:102A3000303305F8013B53EC182B06460F46FEF7E2
:102A40000FFB002865D132463B4638490020FDF790
:102A5000DDFE53EC182BFEF703FB002840F0B88096
:102A6000029B9D423FF471AF314B51EC180B002299
:102A7000FEF784F82E4B41EC180B00223046394605
:102A8000FEF77CF806460F46C4E751EC170BFEF73D
:102A900075F8029B009D0C9341EC180B39463046AB
:102AA000FEF71CFB1190FDF7FFFF02460B46304678
:102AB0003946FDF7ABFE119B303305F8013B029B15
:102AC0009D4206460F464FF0000225D11B4B51ECAC
:102AD000180BFDF79DFE02460B4630463946FEF7C1
:102AE000DDFA002874D153EC182B14490020FDF7AF
:102AF0008DFE02460B4630463946FEF7B1FA0028F5
:102B00003FF423AF0C9D6B1E0C9315F8013C302B4A
:102B1000F8D0DDF81C9049E0054BFEF72FF806468B
:102B20000F46BBE728B5040000B504000000F03FE5
:102B30000000244000001C40000014400000E03F62
:102B4000DDE90267009D53EC182B30463946FEF74D
:102B50003FF9FEF7C3FA8046FDF7A6FF53EC182BAA
:102B6000FEF70CF802460B463046394608F13006AF
:102B7000FDF74CFE05F8016B009E019FAE1BB742AE
:102B800002460B4637D1FDF743FE53EC182B0646A1
:102B90000F46FEF783FAC8B953EC182B3046394676
:102BA000FEF754FA10B118F0010F0FD1204651462C
:102BB00000F01EFB00232B700F9B09F10100186031
:102BC000219B002B3FF4D7AC1D60D4E4CDF81C90C2
:102BD0002B461D4613F8012D392A08D1009A9A4236
:102BE000F7D1079A00990132079230220A701A78B9
:102BF00001321A708DE79E4B0022FDF7BFFF0022C5
:102C0000002306460F46FEF721FA00289BD0CDE7A9
:102C1000089A002A00F0C680059A012A00F3AA80CB
:102C2000109A002A00F0A28003F23343069E454624
:102C3000049A01211A4420469844049200F07DFB36
:102C40000746002D0BDD049B002B08DDAB42049AE8
:102C5000A8BF2B46A8EB0308ED1AD31A0493069BD2
:102C6000FBB1089B002B00F0A180002E11DD39463E
:102C70003246204600F006FC5246014607462046F2
:102C800000F064FB51460790204600F0B1FA079B24
:102C90009A46069B9A1B04D05146204600F0F2FB50
:102CA00082460121204600F048FB0D9B002B064682
:102CB0007EDD1A460146204600F0E4FB059B012B11
:102CC000064678DD00230693336906EB8303186913
:102CD00000F0E3FAC0F12000049B184410F01F003C
:102CE00000F08880C0F12003042B40F38180C0F104
:102CF0001C00049B0344804405440493B8F1000F76
:102D000005DD51464246204600F00AFC8246049BFF
:102D1000002B05DD31461A46204600F001FC064630
:102D20000E9B002B68D03146504600F058FC00281E
:102D300062DA002351460A22204600F070FA089B0E
:102D400009F1FF398246002B00F0888139460023C3
:102D50000A22204600F063FABBF1000F074600F399
:102D60008F80059B022B40F38B804DE0129BC3F1BB
:102D700036035BE7019B5E1E069BB342BFBF069B0B
:102D80000696F21A0D9BB6BF9B189E1B0D93019BD6
:102D9000B8BF0026002BB5BFA8EB0305019B00239D
:102DA000454645E7069E089F45464AE7069A73E76B
:102DB000059B012B18DC029BB3B9039BC3F31303E0
:102DC000A3B9039B23F000431B0D1B052BB1049BF0
:102DD0000133049308F10108012306930D9B002B96
:102DE0007FF472AF012077E70023F6E7029BF4E758
:102DF00084D018461C307CE7019B002B3ADC059BF5
:102E0000022B37DDDDF804B0BBF1000F0DD13146E8
:102E10005B460522204600F002FA0146064650466F
:102E200000F0DDFB00283FF7BEAD099B009D6FEA77
:102E300003094FF000083146204600F0D9F9002F71
:102E40003FF4B4AEB8F1000F05D0B84503D0414609
:102E5000204600F0CDF93946204600F0C9F9A5E634
:102E600000263746E1E70C9EDDF81C9037469AE5D0
:102E700000002440089BDDF804B0002B00F0F58032
:102E8000002D05DD39462A46204600F049FB07465D
:102E9000069B002B55D07968204600F075F93A69F9
:102EA00002320546920007F10C010C30FEF7D2FC0D
:102EB00001222946204600F033FB009B0133019399
:102EC000009B5B440793029B03F00103B846069303
:102ED0000746019B3146504603F1FF3BFFF774FA6A
:102EE00003463033029041465046089300F077FB8A
:102EF0003A4604903146204600F08DFBC268089B9C
:102F0000054602BB0146504600F069FB089B02469D
:102F100029462046CDE9083200F06AF9059B099A56
:102F2000019D43EA0201069B0B43089B0DD1392BFF
:102F300027D0049A002A01DD029B31338BF8003040
:102F400079E73846B9E70122E2E70499002904DB72
:102F5000059801430698014320D1002AEEDD514631
:102F600001222046019300F0DBFA3146824600F050
:102F700036FB0028019B02DCE0D1DA07DED5392BD5
:102F8000DAD139238BF800302B461D46013B15F86A
:102F9000012C392A50D001321A704CE7002A03DD87
:102FA000392BEED00133C9E7019A079902F8013CA9
:102FB0008A422AD0514600230A22204600F02FF9E7
:102FC000B84582464FF000034FF00A0241462046C2
:102FD00007D100F024F980460746019B0133019395
:102FE00077E700F01CF93946804600230A22204684
:102FF00000F015F90746F0E7BBF1000F009ACCBFCF
:103000005D46012515444FF0000851460122204637
:10301000019300F085FA3146824600F0E0FA00287C
:10302000B2DC02D1019BDB07AED42B461D4613F860
:10303000012D302AFAD0FEE6009A9A42A5D131231A
:1030400009F101091370F6E6124BFFF7B5BA219B9F
:10305000002B7FF48BAA104BFFF7AEBABBF1000F29
:1030600003DC059B022B3FF7CFAE009D3146504657
:10307000FFF7AAF900F1300305F8013B009AAA1AFC
:103080009345B9DD514600230A22204600F0C7F8D7
:103090008246EBE760B3040085B404000048704743
:1030A000086300207047704782B001B901A942B19E
:1030B0004BB113780B601278101E18BF012002B0BC
:1030C00070471046FBE76FF00100F8E700000000D2
:1030D00001F0FF01102A2BDB10F0070F08D010F8C9
:1030E000013B013A8B422DD010F0070F42B3F6D1CD
:1030F000F0B441EA012141EA014122F007047FF0E6
:1031000000070023F0E80256083C85EA010586EA3C
:10311000010685FA47F5A3FA87F586FA47F6A5FA78
:1031200087F68EB9EED1F0BC01F0FF0102F0070284
:1031300032B110F8013B013A83EA010313B1F8D12F
:103140000020704701387047002D06BF3546033810
:10315000073815F0010F07D1013015F4807F02BF49
:10316000013015F4C03F0130F0BC0138704700BF9A
:103170000148FFF797BF00BF88E100200148FFF733
:1031800092BF00BF88E1002070B5466A04460D4634
:103190003EB91020F9F724FEC0E9016660620660BE
:1031A000C660666AF36883B1636ADB6853F825001A
:1031B000B8B9012101FA05F6721D92002046FEF70A
:1031C00079FB60B1C0E901560EE0212204212046BE
:1031D000FEF770FB636AF060DB68002BE4D100202F
:1031E00070BD026843F825200023C0E90333F7E7E8
:1031F00070B5466A05460C463EB91020F9F7F0FD59
:10320000C0E9016668620660C6603CB16B6A6268CC
:10321000DB6853F82210216043F8224070BD2DE98D
:10322000F0410E69074698460C4601F11400002350
:103230000568A9B202FB01814FEA114C2D0C02FB7B
:1032400005C589B2013301EB05419E4240F8041BDC
:103250004FEA1548ECDCB8F1000F1BD0A368B3426D
:1032600012DC616838460131FFF78EFF22690232B5
:1032700004F10C01054692000C30FEF7EBFA2146F2
:103280003846FFF7B5FF2C4604EB86030136C3F83A
:10329000148026612046BDE8F081030C1B04D3B9DD
:1032A0000004102310F07F4F04BF0002083310F019
:1032B000704F04BF0001043310F0404F04BF800082
:1032C0000233002805DB10F0804F03F1010308BF33
:1032D0002023184670470023E4E7036813F0070231
:1032E00001460BD0DA0724D4980749BF5B089B0836
:1032F00001200B605CBF0B600220704798B2B0B930
:103300001B0C102013F0FF0F04BF1B0A08301A0714
:1033100004BF1B0904309A0704BF9B080230DA0778
:1033200003D45B0800F1010005D00B607047104624
:10333000E8E7002070472020704710B50C460121B7
:10334000FFF722FF01224461026110BD2DE9F04F19
:1033500015460A692B699A42B8BF0B460C46BCBF9A
:103360002C461D462769D5F81090A368616807EBC5
:103370000906B342B8BF013185B0FFF705FF00F180
:10338000140101EB86080B46002243451DD304F1CE
:10339000140305F1140203EB870702EB8903029380
:1033A0003B1B153B23F00303043304F11505AF4227
:1033B00038BF04230193029B0392934208D8002E46
:1033C0005ADC066105B0BDE8F08F43F8042BDCE75A
:1033D000B2F800A0BAF1000F24D004F1140E89460F
:1033E0004FF0000C5EF8045BD9F800B0ABB21FFAE6
:1033F0008BFB0AFB03B34FEA154BD9F8005063442B
:103400004FEA154C0AFB0BC505EB13459BB243EA8B
:103410000543774549F8043B4FEA154CE2D8019B38
:1034200041F803C0039BB3F802900432B9F1000FD6
:1034300020D00B6804F1140C8E464FF0000ABCF843
:103440000050BEF802B009FB05B5AA449BB243EA9E
:103450000A434EF8043B5CF8043BBEF800501B0CDA
:1034600009FB035303EB1A4367454FEA134AE6D8B7
:10347000019D4B5104319EE758F8043D002BA0D12B
:10348000013E9CE72DE9F843154612F0030206467B
:103490000F4607D0214C013A002354F82220FFF7B1
:1034A000BEFE0746AD1035D0746A3CB91020F9F75E
:1034B00097FCC0E9014470620460C460D6F82480BF
:1034C000D8F808404CB940F271213046FFF735FF7B
:1034D0000023C8F80800044603604FF00009EB071A
:1034E0000AD5394622463046FFF730FF3946804636
:1034F0003046FFF77DFE47466D100BD0206838B987
:10350000224621463046FFF721FF2060C0F8009098
:103510000446E4E73846BDE8F88300BFF0B5040090
:103520002DE9F0470C464968236903EB6218A3684C
:10353000074691464FEA621A08F10106B3423FDBA3
:103540003846FFF721FE0023054600F1140100F183
:1035500010021846534536DB20692AEAEA7A04F15C
:10356000140319F01F0901EB8A0103EB800C2ED024
:10357000C9F1200E8A460022186800FA09F00243B9
:103580004AF8042B53F8042B9C4522FA0EF2F3D888
:10359000ACEB0403153B23F00303043304F11500E3
:1035A000604588BF0423CA500AB108F10206013EF3
:1035B00038462E612146FFF71BFE2846BDE8F087FE
:1035C00001315B00BAE742F8040F0133C2E7043966
:1035D00053F8042B41F8042F9C45F9D8E7E730B5A0
:1035E00002690C69121B0ED100F11403143103EBB4
:1035F000840001EB840150F8045D51F8044DA542AC
:1036000003D005D30122104630BD8342F3D3FAE73D
:103610004FF0FF32F7E72DE9F84F0C46064611460A
:1036200020461746FFF7DBFF051E08D12946304626
:10363000FFF7AAFD0123C0E90435BDE8F88FA4BF58
:103640003B46274630467968A6BF1C460025012523
:10365000FFF79AFD3E69C560256907F1140104F181
:10366000140900F1140E07F1100201EB860C09EBAE
:103670008505F246002759F8043B52F804BF1FFAAB
:1036800083F817FA8BF71B0CA7EB0808C3EB1B4357
:1036900003EB28431FFA88F81F144D4548EA0343FB
:1036A0004AF8043BE7D82B1B153B23F003030433F4
:1036B0001534A54238BF0423194473449E460D4671
:1036C00065450ED30CF10302521A22F003020339AE
:1036D0008C4538BF00221A4452F8043D7BB1066184
:1036E000ABE755F8048B17FA88F4221402EB184262
:1036F000A4B244EA02444EF8044B1714E0E7013E3A
:10370000EAE72DE9F7438946012157EC106B904613
:10371000FFF73AFDC7F30A550446C7F3130335BB59
:10372000002E019328D068460096FFF7D6FD009939
:1037300000B3019AC0F1200302FA03F30B43C24025
:1037400063610192019BA361002B14BF022201223D
:103750002261D5B1A5F233450544C9F80050C0F146
:103760003500C8F80000204603B0BDE8F08343F4FC
:103770008013D5E76161E5E701A8FFF7AEFD019B86
:103780006361012222612030E3E704EB8203A0F2AF
:103790003240C9F800001869FFF77FFDC0EB421006
:1037A000DFE7F8B5074614460E4621B9BDE8F840F4
:1037B0001146FEF7DFB822B9FEF78CF825462846F9
:1037C000F8BD00F07CF9A0420FD221463846FEF742
:1037D000D1F805460028F2D031462246FEF73AF8E5
:1037E00031463846FEF776F8E9E73546E7E72DE952
:1037F000F0478E689E4282460C4690461F4638D857
:103800008A8912F4906F32D025680969A5EB010905
:10381000656905EB450505EBD57501334B446D1026
:103820009D4238BF1D46530531D52946FEF7A2F803
:10383000064650B90C23CAF80030A38943F0400370
:10384000A3814FF0FF30BDE8F08721694A46FEF7BB
:1038500001F8A38923F4906343F08003A3812661D8
:1038600065614E44A5EB09052660A5603E46BE4253
:1038700000D93E46324620684146FDF7F9FFA3686D
:1038800022689B1B3244A36022600020DBE72A46AB
:10389000FFF787FF06460028E1D121695046FEF771
:1038A00019F8C7E72DE9F04F98468B891B069DB0A4
:1038B00007460D4614460ED50B6963B94021FEF745
:1038C00059F82860286120B90C233B604FF0FF3085
:1038D000D1E040236B610023099320238DF8293028
:1038E000CDF80C803023DFF8A8818DF82A304FF016
:1038F000010923469A4613F8012B0AB1252AF9D16A
:10390000BAEB040B0BD05B46224629463846FFF73C
:103910006EFF013000F0AA80099A5A4409929AF881
:103920000030002B00F0A28000234FF0FF32CDE9E1
:1039300005230AF1010A049307938DF853301A9373
:103940005446052214F8011B5148FFF7C1FB049AA5
:10395000D8B9D00644BF20238DF85330110744BF97
:103960002B238DF853309AF800302A2B15D0079A64
:10397000544600204FF00A0C214611F8013B303B21
:10398000092B4ED9B0B1079214E0A0EB080309FA55
:1039900003F313430493A246D2E7039B191D1B684C
:1039A0000391002BBBBF5B4242F0020207930793D7
:1039B000B8BF049223782E2B0CD163782A2B35D1F3
:1039C000039B1A1D1B680392002BB8BF4FF0FF33F7
:1039D00002340593DFF8C8A0217803225046FFF790
:1039E00077FB40B14023A0EB0A0003FA00F0049BF0
:1039F00003430134049314F8011B26488DF8281062
:103A00000622FFF765FB002838D0234B1BBB039B26
:103A1000073323F0070308330393099B33440993C7
:103A200067E70CFB02320C460120A5E700230134B6
:103A3000059319464FF00A0C204610F8012B303A36
:103A4000092A03D9002BC5D00591C3E70CFB01213E
:103A500004460123F0E703AB00932A460F4B04A969
:103A60003846FEF781F8421C0646D6D1AB895B0684
:103A70003FF52CAF09981DB0BDE8F08F03AB009364
:103A80002A46064B04A93846FEF712FBEBE700BFB7
:103A9000FCB5040006B60400691B0400EF370400FF
:103AA00002B6040049B1FF2A85BF8A2303600A7069
:103AB0004FF0FF3098BF012070470846704751F81B
:103AC000043C181F002BBCBF0B58C01870470000E7
:103AD000FEE700BFF8B500BFF8BC08BC9E467047C3
:103AE000F8B500BFF8BC08BC9E4670473A0000001D
:103AF0002E000000544845524D414C4F505449430C
:103B000053204F46464C494E450000003078000097
:103B10004D4D00004D4943524F50484F4E452043B4
:103B20004F4E4E454354494F4E204641494C555205
:103B300045000000414C50484100000042455441BE
:103B40000000000047414D4D4100000044454C54E9
:103B500041000000455053494C4F4E005A455441D6
:103B60000000000045544100544845544100000005
:103B7000202053544154555300000000504F5745E6
:103B800052000000555054494D4500004350550027
:103B900030303A30302E303000000000202020201D
:103BA0002020202020202000302E3934000000006A
:103BB000434C494D415445004348524F4D415449AF
:103BC00043530000534F4E4943530000544845525D
:103BD0004D414C0043454C53495553004B454C56C1
:103BE000494E000048554D494449545900000000D1
:103BF0004D494C4C49424152000000005B42494F44
:103C00002020205343414E5D000000005345525692
:103C10004F00000043414D424F540000475950535C
:103C20005900000043524F4F4F5700005245504536
:103C3000415420544F20594F555253454C46000093
:103C400049542753204A55535420412053484F5735
:103C50000000000053454E534F52204F46464C49FA
:103C60004E45000052454400475245454E00000075
:103C7000424C5545000000004359414E00000000F1
:103C80004D4147454E54410059454C4C4F5700005B
:103C90004B455900485545005341545552415449EC
:103CA0004F4E00004C554D494E4F5349545900005A
:103CB000524742353635000048455800534F4E496B
:103CC0004320535045435452554D00004445434909
:103CD00042454C004D4158494D554D000C430400A0
:103CE000FC3C040020007E0018000000EC460400AC
:103CF000F43F040020007E002100000000000000CE
:103D000004000100000002100401F1000400060696
:103D10000701F20009000F0F1101F200260005143F
:103D20000701EF0033000C100C01F1004B000710ED
:103D30000801F100590002060401F2005B000411C1
:103D40000601F100640004110600F1006D00050594
:103D50000701F10071000C0C1203F500830003054C
:103D60000400FF00850003020401FA00860002023D
:103D70000401FF008700071206FFF10097000510FD
:103D80000701F100A10004100700F100A9000510CF
:103D90000701F100B30005100701F100BD00071095
:103DA0000700F100CB0005100701F100D500051058
:103DB0000701F100DF0006100700F100EB0005101D
:103DC0000701F100F50005100701F100FF00020CEA
:103DD0000401F5000201030F0400F50008010C0CBA
:103DE0001203F4001A010D071203F70026010C0C50
:103DF0001203F400380105100601F100420113130B
:103E00001601F100700107100700F1007E01051096
:103E10000701F100880105100701F100920105106A
:103E20000701F1009C0105100601F100A601051033
:103E30000601F100B00105100701F100BA010510FB
:103E40000701F100C40102100401F100C8010510CE
:103E50000700F100D20106100701F100DE01051094
:103E60000601F100E80109100A01F100FA0107104A
:103E70000801F100080205100701F1001202051007
:103E80000701F1001C0205120701F10028020510CC
:103E90000701F100320205100701F1003C02061093
:103EA0000600F100480205100701F1005202071058
:103EB0000700F10060020A100A00F1007402071006
:103EC0000700F100820206100600F1008E020510C4
:103ED0000500F100980204110501F100A10207128A
:103EE00006FFF100B10204110500F100BA020D064F
:103EF0001604F200C4020B010B000500C602030207
:103F00000B04F200C702050C0600F500CF020510F5
:103F10000600F100D902050C0600F500E1020510CB
:103F20000600F100EB02050C0600F500F302041098
:103F300003FFF100FB02050F0600F5000503051065
:103F40000600F1000F0302100300F1001303031336
:103F500003FFF1001B0305100600F100250302100A
:103F60000300F1002903080C0900F5003503050CD6
:103F70000600F5003D03050C0600F5004503050F9E
:103F80000600F5004F03050F0600F5005903050C68
:103F90000600F5006103050C0600F5006903040F37
:103FA00003FFF2007103050C0600F5007903060C0F
:103FB0000600F5008203090C0900F5009003050CCA
:103FC0000600F5009803060F0600F500A403050C93
:103FD0000500F500AC0307140B02F100BE03021547
:103FE0000B04F100C40307140B02F100D6030E0406
:103FF0001202F90000000000050001000000031596
:104000000501EC00080006080902EC000E00151579
:104010001701EC004600081A0A01EA0060000C16BD
:104020001001EB0081000B150B01EC009E00020853
:104030000501EC00A00005180802EC00AF0005180F
:104040000800EC00BE0008070A02EC00C5001010D2
:104050001804F100E50004070500FE00E900040271
:104060000501F800EA0003030501FE00EC000A1850
:1040700008FFEC000A0108150A01EC001F010515F4
:104080000A01EC002D0108150A01EC004201081597
:104090000A01EC00570109150A00EC006F01081530
:1040A0000A01EC00840108150A01EC0099010915C8
:1040B0000A00EC00B10108150A01EC00C601081560
:1040C0000A01EC00DB0103110501F000E201041517
:1040D0000500F000ED0111101804F0000F021108A6
:1040E0001804F400200211101804F0004202071511
:1040F0000801EC0055021B191D01EC00AA020A156B
:104100000A00EC00C50208150901EC00DA020815E6
:104110000901EC00EF0208150A01EC000403071581
:104120000801EC00170307150801EC002A03081525
:104130000A01EC003F0308150A01EC0054030315C3
:104140000501EC005C0308150900EC00710309157A
:104150000901EC00890307150801EC009C030C150C
:104160000E01EC00BC030A150B01EC00D703081587
:104170000A01EC00EC0308150901EC000104081821
:104180000A01EC00190409150A01EC0031040815B4
:104190000901EC00460409150800EC005E0408154E
:1041A0000A01EC0073040A150A00EC008E040D15D8
:1041B0000D00EC00B1040A150900EC00CC0409154F
:1041C0000900EC00E40407150700EC00F7040518EB
:1041D0000702EC0006050A1808FFEC002405051884
:1041E0000700EC00330511081D06EC0044050F0222
:1041F0000F000600480504030F05EC004A050711EF
:104200000801F000590507150801EC006C050711BD
:104210000801F0007B0507150801EC008E05071169
:104220000801F0009D0505150400EC00AB0507151D
:104230000801F000BE0507150801EC00D1050315C3
:104240000401EC00D905051904FFEC00E905071588
:104250000801EC00FC0503150401EC0004060B1139
:104260000C01F0001C0607110801F0002B060711D5
:104270000801F0003A0607150801F0004D06071581
:104280000801F000600607110801F0006F06071131
:104290000801F0007E0605140400ED008B060711EE
:1042A0000801F0009A0608110800F000AB060D1195
:1042B0000D00F000C70607110800F000D60608152B
:1042C0000800F000EB0606110700F000F8060A1BD4
:1042D0000F02EC001A07031D0F06EB0025070A1B4F
:1042E0000F03EC00470713041803F60010800000CA
:1042F0001000000000040000207C0000008300008B
:104300000080000008820000307C0000FFFFFFCF2B
:10431000CF3CF3CF30019C06300C601983FFE7FFE0
:10432000D19806300C61FFFBFFE0C6019806301CF7
:10433000C000211DFDEF7B630C6DEF7BFB8840709F
:10434000CD88D98D90D90DB0DA0DAE75B05B0DB0BA
:104350009B09B19B11B30E71F366CD9F1C76EDFBEB
:10436000F6EDDBBFBFFFF03666CCCCCCCCC66630FA
:10437000C666333333333666C027FEE50006006079
:10438000060060060FFFFFF0600600600600606F29
:104390006CFCF0060C1020C1020C1020C1020C189D
:1043A00020C18077F7BDEF7BDEF7BDEFEE33FF3343
:1043B000333333333377F7BDEC663399CC63FF7710
:1043C000F7BDEC6638F7BDEFEE1C38F1E3CD9B3658
:1043D0004D9BFFF0C18306FFF18C63FF18F7BDEF23
:1043E000EE77F7BDE3DFDEF7BDEFEEFFF0C7186154
:1043F0008638C30C71861877F7BDEF6E76F7BDEF80
:10440000EE77F7BDEF7BDFDE3DEFEEF0000F6C00E7
:104410000001B5B000100703E0F03C0F00F007C04A
:104420000F003E00F001FFFFFFC0000000007FFF13
:10443000FFE0800E007C00F003C00F00F03E0F078D
:10444000C0F0080076F7BDECC66318C6018C01FC0D
:1044500000C0606006180022000481EC50678C18D0
:1044600061870C30C1861830C30C28618C8E7310A4
:10447000F3C1000010008180E00FF0003870A166E9
:10448000CD9B366CD9F3EEFDFBF7F7F7BDEFDEDE23
:10449000F7BDEFFE77F7BDEF18C637BDEFEEF7F7C4
:1044A000BDEF7BDEF7BDEFFEFFF18C63FFC6318C05
:1044B00063FFFFF18C63FFC6318C631877F7BDEFA4
:1044C00018FFF7BDEFEDDEF7BDEFFFDEF7BDEF7BC9
:1044D000FFFFFFFF18C6318C6318F7BDEFEECF7DED
:1044E000B6DBEF3CF3EDB6DB6DF3C6318C6318C67B
:1044F000318C63FFF3F9FDFEFF7FBFDFEFD7EAF5F5
:104500007BBDDEEF77BBF7EFDFBF7EF5EBDFBF7E76
:10451000FDFBF7E777F7BDEF7BDEF7BDEFEEF7F7D3
:10452000BDEF7FF6318C631877F7BDEF7BDEF7BD0B
:10453000EFEE18C0F7F7BDEFDEDEF7BDEF7B77F7E4
:10454000BDEF8C31F7BDEFEEFFF30C30C30C30C381
:104550000C30C30CDEF7BDEF7BDEF7BDEFEEC78F8F
:10456000BF76CD9B366CD9B366C70E1CCCF33DCF5E
:104570007BDEF7EFF9FE779DE779DE779CE731CCBC
:10458000C7DDB366CD9E1C38F9F366CDB3E7CF3EE9
:10459000DE79E79E30C30C30C30CFFC67318CE73B0
:1045A00018CE73FFFFCCCCCCCCCCCCCFF0C1818368
:1045B00006040C18103060408181020604FF33337A
:1045C000333333333FF007007C077071C707701C2B
:1045D000FFE0CC77F7BDBF7BDEFFF0C6318FFF7BFE
:1045E000DEF7BDEFFF77F7BDE31BDEFEE018C63F49
:1045F000FF7BDEF7BDEFFF77F7BDFFF8DEFEE0776C
:1046000066FF6666666666FFF7BDEF7BDFFE3DFD13
:10461000C0C6318FFF7BDEF7BDEF7BFCFFFFFF6D78
:1046200086DB6DB6DB7F80C6318DEF5EF7BDEF6B4D
:104630007BFFFFFFFFFFFFDBDBDBDBDBDBDBDBDB52
:10464000DBFFF7BDEF7BDEF7B077F7BDEF7BDEFE7C
:10465000E0FFF7BDEF7BDEFFFC6300FFF7BDEF7B04
:10466000DEFFF18C60FFF7BDEF78C6318077F7BDD4
:10467000B0DBDEFEE0666FF66666666770DEF7BD8D
:10468000EF7BDEFFF0CF3CF379E79E79E78CDDEE40
:10469000F77BB552A95CEE773B9DCEE0DED4A7391F
:1046A000CE56F7B0CF3EDE79E79E78C30C33CE000E
:1046B000FFCE63398C673FF00E3C60C183060C3936
:1046C000E3C1C183060C18307870FFFFFFFFFFC005
:1046D000E1E0C183060C18383C79C3060C1830633E
:1046E000C7003E07FFFC1FA000000000FFFFFFFF08
:1046F000FFFFE3FECF3CF3CF3CF30038E00386003E
:104700001C7001C3800E380061C07FFFE7FFFE030D
:1047100087001C3000E3800E1C07FFFE7FFFE0389F
:104720007001C7000C3800E1C0071C0030E00387AF
:10473000000018183C7EFFE7E7E7E7F770783C1EBB
:104740000EEFE7E7E7E7FF7E3C18181870CF88D830
:104750008D98D90D90D90DB0DA0DA0FAE75F05B0AC
:104760005B0DB09B09B09B19B11B11F30E1E07E145
:10477000FE39C738E71CE3BC3F0F83F77EEFFDDF50
:10478000BBF77EE7DCFBFF3FF3FEFFFF198CE73949
:104790009CE739CE739CE31CE718C3C718E738C7FA
:1047A00039CE739CE7399CE733981818FFFF3C7E9D
:1047B000240180018001800180018001800180FF4F
:1047C000FFFFFF01800180018001800180018001E5
:1047D00080776EECC0FFFF8000C06018060300C049
:1047E0003018060180C0300C06018060300C0301D7
:1047F0008060180C03003C7EFFE7E7E7E7E7E7E7A8
:10480000E7E7E7E7E7E7E7E7FF7E3C19CFFF9CE74D
:1048100039CE739CE739CE73803C7EFFE7E7E7E74C
:10482000E70F0E1E1C3C787070F0E0FFFFFF3C7E2F
:10483000FFE7E7E7E7E707071E1C1FE7E7E7E7E70C
:10484000FF7E3C0F0787C3E1F1F8DC6E373B9DCC60
:10485000EE77FFFFFF070381C0E070FFFFFFE0E09E
:10486000E0E0E0EEFFFFE707E7E7E7E7E7FF7E3C92
:104870003C7EFFE7E7E7E7E0EEFFFFE7E7E7E7E794
:10488000E7E7FF7E3CFFFFFFE07078381C1E0F0754
:104890000383C1C0E07078381C1E0F07003C7EFF08
:1048A000E7E7E7E7E7FE3C7EE7E7E7E7E7E7E7FF7D
:1048B0007E3C3C7EFFE7E7E7E7E7E7E7E7FFFF77D8
:1048C00007E7E7E7FF7E3CFF800000003FE07770EE
:1048D00000000000007766ECC000008003C007E025
:1048E0001FC03F00FE01F801F000F8003F0007F094
:1048F000007E000FE000FC001E0001FFFFFFFFC074
:104900000000000000000003FFFFFFFF80007800B0
:104910003F0007F0007E000FE000FC001F000F804A
:104920001F807F00FC03F807E003C00100007DFF4B
:10493000BF7EFDFBF71E38F1C3870E1C3800E1C3B4
:1049400080001FE0001FFF800F807803800380E05D
:1049500000183000038C00003380F803603FB86C0F
:104960000F1E0F0381C1E070383C1C06078381C114
:10497000B07038760E070CC1E3E78C1FDFE181F1E0
:10498000F0180000018000201C000E01E00F800FD5
:10499000FFC0007FC0001F0FC3F0FC3F0FC3F0FC3F
:1049A0003F9EE739CE739FE7F9FE73BCFF3FCFE12F
:1049B000C0FCFEFFE7E7E7E7E7FEF8FEE7E7E7E72B
:1049C000E7E7E7FFFEFC3C7EFFE7E7E7E7E7E0E03D
:1049D000E0E0E0E7E7E7E7E7FF7E3CFCFEFFE7E734
:1049E000E7E7E7E7E7E7E7E7E7E7E7E7E7FFFEFC13
:1049F000FFFFFF0E1C3870FFFFFF0E1C3870E1C375
:104A0000FFFFE0FFFFFF0E1C3870FFFFFF0E1C389A
:104A100070E1C3870E003C7EFFE7E7E7E7E0E0E0F8
:104A2000EFEFEFE7E7E7E7E7FF7F7BE7E7E7E7E7BA
:104A3000E7E7E7FFFFFFE7E7E7E7E7E7E7E7E7E7BE
:104A4000FFFFFFFFFFFFFFFE070707070707070737
:104A500007070707E7E7E7E7E7E7FF7E3CE3F3F948
:104A6000DCEEF773B9DCFE7E3F1FCEE773B9DEEFF5
:104A700073B9DCFE78E1C3870E1C3870E1C3870E82
:104A80001C3870E1C3FFFFE0F9FF9FF9FF9FF9FFBA
:104A90009FFDFFDFFDFFFFEFFEF7EF7EF7EF7EF7F5
:104AA000EF7EF7EF7EF7E670F9FE7F9FE7FDFF7F71
:104AB000DFB7EDFB7EDFB7EDFBFEFFBFE7F9FE7F63
:104AC0009FE7C03C7EFFE7E7E7E7E7E7E7E7E7E7E1
:104AD000E7E7E7E7E7FF7E3CFCFEFFE7E7E7E7E71E
:104AE000E7E7FFFEFCE0E0E0E0E0E0E0E03C7EFF46
:104AF000E7E7E7E7E7E7E7E7E7E7E7E7E7E7E7FF2E
:104B00007E3E070703FC7F3FDCEE773B9DCEFE7CBD
:104B10003F9CEE773B9DCEE773B9DCEE783C7EFFA1
:104B2000E7E7E7E7F7787C3C1EEFE7E7E7E7E7FF33
:104B30007E3CFFFFFFE381C0E070381C0E0703815D
:104B4000C0E070381C0E070381C0E7E7E7E7E7E73E
:104B5000E7E7E7E7E7E7E7E7E7E7E7E7FF7E3CE1E7
:104B6000F87F3FCF739CE739CE739CE779FE3F0F08
:104B7000C3F0FC3F0FC3F0FC1E00E73F39F9CFCE76
:104B80007E7377B9BDCFFE7FF3EF9F7CFBE7DF3EFF
:104B9000F1F78FBC7DE3CF1E7873C39E00F1FCF765
:104BA00039CE739FC3F0FC3F0F81F0FC3F0FC37100
:104BB000DE779CE63B8FE3C0E3F1DCCEE773B9DC44
:104BC0006C3E1F0F8381C0E070381C0E070381C04C
:104BD000FFFFF871E3870E3C70E1C78E1C38F1E3EC
:104BE000FFFFE0FFF9CE739CE739CE739CE739CE27
:104BF00073FFC018060180300C030060180600C067
:104C0000300C018060180300C030060180600C0386
:104C1000FFCE739CE739CE739CE739CE739FFF01BB
:104C2000C001F001DC01C701C1C1C071C01DC007D6
:104C3000FFFFFFFCE6307DFFBF7EFDC7BFFFDFBF8C
:104C40007EFDFBFF6EE1C3870EDFFBF7EFDFBF7E6C
:104C5000FDFBF7EFDFBFFEC07DFFBF7EFDF870E11B
:104C6000C3BF7EFDFBFF7C0E1C3876FFFBF7EFDF3A
:104C7000BF7EFDFBF7EFDFBFF6E07DFFBF7EFDFBF4
:104C8000FFFFC3BF7EFDFBFF7C7BDCEFFDCE739C93
:104C9000E739CE739CE7006FFFBF7EFDFBF7EFDFC8
:104CA000BF7FFFDB87EFDFBFF7C0E1C3870EDFFB0E
:104CB000F7EFDFBF7EFDFBF7EFDFBF7EE0FF8FFF8B
:104CC000FFFFFFFFFE39CE039CE739CE739CE73927
:104CD000CE739CFFF0E1C3870E7CFB76EDDBF7EF34
:104CE000DFBB76EDDB9F3E60FFFFFFFFFFFFFFFEB8
:104CF000ECDFFFBBF77EEFDDFBBF77EEFDDFBBF741
:104D00007EEFDDFBBF77EEE0EDFFBF7EFDFBF7EF53
:104D1000DFBF7EFDFBF7EE7DFFBF7EFDFBF7EFDF24
:104D2000BF7EFDFBFF7CEDFFBF7EFDFBF7EFDFBF2E
:104D30007EFDFBFFEDC3870E006FFFBF7EFDFBF71F
:104D4000EFDFBF7EFDFBFF6E1C3870E0EDFFBF7E26
:104D5000FDFBF7EFC3870E1C3870E07DFFBF7EFDC3
:104D6000FC3C3C3FBF7EFDFBFF7C739DFFB9CE73D7
:104D70009CE739CE739EF0EFDFBF7EFDFBF7EFDFE0
:104D8000BF7EFDFBFF6EE7E7E766666E7E7E7E7E9A
:104D90003C3C3C3C3C3C3CE73F39F9CFCE7673375A
:104DA00099F7CFBE7DF3EF9F7CFBE7DE1EF0F78720
:104DB0003C38E0EFD9B366CD9F3E7CF9F366CDBBBE
:104DC000F7EEE3F3F777777676767636363636365D
:104DD0003C1C1C1C1C7C78FFF1C738E38E71C71C7F
:104DE000638E3FFC03C1F0FC3C0E0380E0380E03F1
:104DF00080E078FC3C0FC0780E0380E0380E038022
:104E0000E03C0FC1F03CFFFFFFFFFFFFFFFFFFFF94
:104E1000FEF03E0FC0F01C0701C0701C0701C078F7
:104E20000FC0F0FC781C0701C0701C0701C0F0FC2B
:104E30003E0F001F002FFC1F83FF400F800000006B
:104E400003070A0C0D0E0E0E0D0C0A0704040608CB
:104E50000B0D0E0F0F0F0F0E0D0C0A0807060403A3
:104E600002020203040608090B0C0C0C0B0A0907CA
:104E70000503030305070A0B0B0C0C0C0B0B0A09AB
:104E800009090808080807060505050504030202C4
:104E900002000000BAD6A3C041D560D6029E5804D5
:104EA000F18900000F480F400F400F4010401038AC
:104EB00010381038103810301030103010281028EA
:104EC0001028102810201020102010181018111869
:104ED00011181110111011101108110811081100EA
:104EE0001100110011001100310031005100720059
:104EF00072009200B200B200D200F200F200120181
:104F0000320152015201720192019201B201D201A9
:104F1000F301F301130233025302530273029302AB
:104F2000B302D302D302F302130333033303530355
:104F300073039403B403D403D403F40314043404B8
:104F40005404740474049404B404D404F4041405E0
:104F5000340534055405540574057405730573054B
:104F6000730572057205720571059105910590052D
:104F700090058F058F058F058E05AE05AE05AD0535
:104F8000AD05AD05AC05AC05AB05CB05CB05CA053C
:104F9000CA05CA05C905C905C805E805E805E70544
:104FA000E705E605E605E605E505E505040604066C
:104FB0000406030603060206020601062106210670
:104FC0002006200620062006200E200E400E401649
:104FD0004016401E401E40264026402E602E603661
:104FE0006036603E603E603E60466046604E804E89
:104FF00080568056805E805E80668066806EA06E81
:10500000A076A076A07EA07EA086A086A08EC08E70
:10501000C096C096C09EC09EC0A6C0AEC0AEE0B650
:10502000E0B6E0BEE0BEE0C6E0C6E0CEE0CEE0D650
:1050300000D700DFE0DEC0DEA0DE80DE80DE60E6DE
:1050400040E620E600E6E0E5C0E5A0E580E560E5B5
:1050500040E520E500E5E0E4C0E4A0E480E460E4AD
:1050600040EC20EC00ECE0EBC0EBA0EB80EB60EB65
:1050700040EB20EB00EBE0EAC0EAA0EA80EA60EA5D
:1050800040EA20F200F2E0F1C0F1A0F180F160F11D
:1050900040F100F1E0F0C0F0A0F080F060F040F0EE
:1050A00020F000F841F8A2F8E3F845F986F9E7F9AD
:1050B00028FA8AFACBFA2CFB6DFBCFFB10FC71FCB3
:1050C000B2FC14FD55FDB6FDF7FD59FD9AFEFBFE41
:1050D0003CFF9EFF00C00140001002400020024043
:1050E00000D00240000000000000000000000000AE
:1050F0000338FDD87047000054696E79555342203B
:1051000053657269616C000000000000000000003F
:10511000B5C9020029C8020019C802000DC8020062
:1051200095C70200E1C70200B5C7020071C80200BE
:10513000F0FFFFFF0000000021CA02004164616629
:1051400072756974000000004665617468657220BC
:105150006E524635323834302053656E7365000028
:10516000303132333435363738394142434445469D
:105170000000000012010002000000409A23878016
:10518000000101020301000009020900000100A062
:10519000320000004D6173732053746F7261676554
:1051A00000000000312E30007573626400000000C2
:1051B000050F3900021810050038B60834A909A0F7
:1051C000478BFDA0768815B665000101011C10050E
:1051D00000DF60DDD88945C74C9CD2659D9E648AFE
:1051E0009F00000306B20002000103005F757362B6
:1051F000645F7164656600000000000071D5020004
:1052000005D6020031D6020079D602008DD7020001
:105210005DD8020000000000000000000000000057
:105220005DE20200000000006DE202007DE202008B
:105230000DE3020049E4020000000000000000004D
:105240000000000039DA020051DA020055DA0200EB
:105250006DDA02002DDB020061DD020000000000BB
:105260000000000000000000ADF20200C9F20200E0
:10527000CDF20200E9F2020049F402000DFC020046
:1052800000000000000000000000000031DE02000D
:10529000A5DE0200D1DE0200F9DE020021E00200FC
:1052A00025E00200000000000000000000000000F7
:1052B00071EC0200C9EC0200E5EC020009ED02000D
:1052C000E5D202002DEE0200000000000000000008
:1052D0000001010100000000003E5B4F5B3E3E6BA1
:1052E0004F6B3E1C3E7C3E1C183C7E3C181C577D80
:1052F000571C1C5E7F5E1C00183C1800FFE7C3E7CC
:10530000FF0018241800FFE7DBE7FF30483A060EDD
:105310002629792926407F050507407F05253F5A24
:105320003CE73C5A7F3E1C1C08081C1C3E7F142294
:105330007F22145F5F005F5F06097F017F0066893F
:10534000956A606060606094A2FFA29408047E0485
:105350000810207E201008082A1C08081C2A0808AB
:105360001E101010100C1E0C1E0C30383E3830066B
:105370000E3E0E06000000000000005F0000000767
:10538000000700147F147F14242A7F2A1223130895
:10539000646236495620500008070300001C224171
:1053A000000041221C002A1C7F1C2A08083E080815
:1053B00000807030000808080808000060600020C5
:1053C000100804023E5149453E00427F40007249A8
:1053D0004949462141494D331814127F102745454C
:1053E00045393C4A49493141211109073649494962
:1053F00036464949291E00001400000040340000D0
:105400000008142241141414141400412214080238
:10541000015909063E415D594E7C1211127C7F49AB
:105420004949363E414141227F4141413E7F494900
:1054300049417F090909013E414151737F0808082C
:105440007F00417F41002040413F017F08142241FD
:105450007F404040407F021C027F7F0408107F3E57
:105460004141413E7F090909063E4151215E7F09C4
:10547000192946264949493203017F01033F40402B
:10548000403F1F2040201F3F4038403F6314081416
:105490006303047804036159494D43007F4141414E
:1054A0000204081020004141417F0402010204402F
:1054B00040404040000307080020545478407F28B3
:1054C0004444383844444428384444287F385454A9
:1054D000541800087E090218A4A49C787F080404CC
:1054E0007800447D40002040403D007F102844006B
:1054F00000417F40007C047804787C0804047838FC
:1055000044444438FC1824241818242418FC7C082B
:10551000040408485454542404043F44243C4040A8
:10552000207C1C2040201C3C4030403C442810285B
:10553000444C9090907C4464544C440008364100A4
:105540000000770000004136080002010204023C1E
:105550002623263C1EA1A161123A4040207A3854ED
:105560005455592155557941225454784221555466
:10557000784020545579400C1E52721239555555B9
:1055800059395454545939555454580000457C41A4
:105590000002457D420001457C407D1211127DF0E4
:1055A000282528F07C545545002054547C547C0A0E
:1055B000097F4932494949323A4444443A324A48D7
:1055C00048303A4141217A3A42402078009DA0A0DB
:1055D0007D3D4242423D3D4040403D3C24FF24242D
:1055E000487E4943662B2FFC2F2BFF0929F620C04C
:1055F000887E090320545479410000447D4130489D
:10560000484A32384040227A007A0A0A727D0D19DF
:10561000317D2629292F28262929292630484D4041
:1056200020380808080808080808382F10C8ACBA3D
:105630002F102834FA00007B000008142A142222BC
:10564000142A14085500550055AA55AA55AAFF5505
:10565000FF55FF000000FF00101010FF001414148D
:10566000FF001010FF00FF1010F010F0141414FCD5
:10567000001414F700FF0000FF00FF1414F404FCF2
:10568000141417101F10101F101F1414141F0010D3
:105690001010F0000000001F101010101F1010104C
:1056A00010F010000000FF1010101010101010105B
:1056B000FF10000000FF140000FF00FF00001F109B
:1056C000170000FC04F414141710171414F404F455
:1056D0000000FF00F714141414141414F700F71446
:1056E0001414171410101F101F141414F414101095
:1056F000F010F000001F101F0000001F1400000039
:10570000FC140000F010F01010FF10FF141414FF30
:10571000141010101F00000000F010FFFFFFFFFF2B
:10572000F0F0F0F0F0FFFFFF0000000000FFFF0FBF
:105730000F0F0F0F3844443844FC4A4A4A347E0263
:10574000020606027E027E026355494163384444E4
:105750003C04407E201E2006027E020299A5E7A599
:10576000991C2A492A1C4C7201724C304A4D4D300A
:105770003048784830BC625A463D3E494949007E2F
:105780000101017E2A2A2A2A2A44445F44444051C6
:105790004A444040444A51400000FF0103E080FF7A
:1057A000000008086B6B083612362436060F090F06
:1057B00006000018180000001010003040FF010122
:1057C000001F01011E00191D1712003C3C3C3C004B
:1057D000000000000000000000000000354303004E
:1057E0007DC7030049D002001D32030061CD0300D4
:1057F0002132030025320300453503003532030012
:105800004932030095360300213203006132030060
:105810005D320300213303007D330300D9330300DD
:10582000F13503007D3203006934030000000000FD
:1058300000000000354303007DC7030049D002008B
:105840001D320300D54E0300A5440300914E030012
:10585000F94B03007D4A0300FD4803009536030021
:10586000D144030061320300554D0300054B030092
:105870008549030095470300F13503007D3203009D
:105880006934030061CD030061CD03000000000016
:105890000338FDD870470000000000000000000041
:1058A0007D600300B560030049D002007160030011
:1058B00075600300A5600300AD60030009018096D8
:1058C00011800A3A81550A3601082A04000000F0C6
:1058D0002B040000014021800A13800A29800A005D
:1058E0000000000000000000354303007DC70300F6
:1058F00049D002001D320300D54E0300A544030029
:10590000914E0300F94B03007D4A0300FD4803005C
:1059100095360300D144030019650300554D03007B
:10592000054B03008549030095470300F13503004B
:105930007D32030069340300B1660300CD660300C5
:105940000000000000000000354303007DC7030095
:1059500049D002001D320300D54E0300A5440300C8
:10596000914E0300F94B03007D4A0300FD480300FC
:1059700095360300D14403001D670300554D030015
:10598000054B03008549030095470300F1350300EB
:105990007D32030069340300B1660300CD66030065
:1059A0000000000000000000F56F03005D700300C0
:1059B000E16F0300424D503238300000000000001B
:1059C0000000000011720300157203000972030049
:1059D000D97503002D7203000000000000000000D4
:1059E0000D72030021720300097203008575030024
:1059F00075720300000000000000000089840300AD
:105A0000A18403006D810300918103000000000068
:105A100000000000BD840300C184030000040002F4
:105A200000060001000500030007800080048002DA
:105A3000800680018005800380074000400440020A
:105A400040064001400540034007C000C004C002BA
:105A5000C006C001C005C003C0072000200420020A
:105A600020062001200520032007A000A004A0029A
:105A7000A006A001A005A003A007600060046002CA
:105A800060066001600560036007E000E004E0027A
:105A9000E006E001E005E003E0071000100410025A
:105AA00010061001100510031007900090049002DA
:105AB000900690019005900390075000500450020A
:105AC00050065001500550035007D000D004D002BA
:105AD000D006D001D005D003D0073000300430020A
:105AE00030063001300530033007B000B004B0029A
:105AF000B006B001B005B003B007700070047002CA
:105B000070067001700570037007F000F004F00279
:105B1000F006F001F005F003F007080008040802A1
:105B20000806080108050803080788008804880299
:105B300088068801880588038807480048044802C9
:105B400048064801480548034807C800C804C80279
:105B5000C806C801C805C803C807280028042802C9
:105B600028062801280528032807A800A804A80259
:105B7000A806A801A805A803A80768006804680289
:105B800068066801680568036807E800E804E80239
:105B9000E806E801E805E803E80718001804180219
:105BA0001806180118051803180798009804980299
:105BB00098069801980598039807580058045802C9
:105BC00058065801580558035807D800D804D80279
:105BD000D806D801D805D803D807380038043802C9
:105BE00038063801380538033807B800B804B80259
:105BF000B806B801B805B803B80778007804780289
:105C000078067801780578037807F800F804F80238
:105C1000F806F801F805F803F80704000404040284
:105C200004060401040504030407840084048402B8
:105C300084068401840584038407440044044402E8
:105C400044064401440544034407C400C404C40298
:105C5000C406C401C405C403C407240024042402E8
:105C600024062401240524032407A400A404A40278
:105C7000A406A401A405A403A407640064046402A8
:105C800064066401640564036407E400E404E40258
:105C9000E406E401E405E403E40714001404140238
:105CA00014061401140514031407940094049402B8
:105CB00094069401940594039407540054045402E8
:105CC00054065401540554035407D400D404D40298
:105CD000D406D401D405D403D407340034043402E8
:105CE00034063401340534033407B400B404B40278
:105CF000B406B401B405B403B407740074047402A8
:105D000074067401740574037407F400F404F40257
:105D1000F406F401F405F403F4070C000C040C027F
:105D20000C060C010C050C030C078C008C048C0277
:105D30008C068C018C058C038C074C004C044C02A7
:105D40004C064C014C054C034C07CC00CC04CC0257
:105D5000CC06CC01CC05CC03CC072C002C042C02A7
:105D60002C062C012C052C032C07AC00AC04AC0237
:105D7000AC06AC01AC05AC03AC076C006C046C0267
:105D80006C066C016C056C036C07EC00EC04EC0217
:105D9000EC06EC01EC05EC03EC071C001C041C02F7
:105DA0001C061C011C051C031C079C009C049C0277
:105DB0009C069C019C059C039C075C005C045C02A7
:105DC0005C065C015C055C035C07DC00DC04DC0257
:105DD000DC06DC01DC05DC03DC073C003C043C02A7
:105DE0003C063C013C053C033C07BC00BC04BC0237
:105DF000BC06BC01BC05BC03BC077C007C047C0267
:105E00007C067C017C057C037C07FC00FC04FC0216
:105E1000FC06FC01FC05FC03FC0702000204020274
:105E200002060201020502030207820082048202C6
:105E300082068201820582038207420042044202F6
:105E400042064201420542034207C200C204C202A6
:105E5000C206C201C205C203C207220022042202F6
:105E600022062201220522032207A200A204A20286
:105E7000A206A201A205A203A207620062046202B6
:105E800062066201620562036207E200E204E20266
:105E9000E206E201E205E203E20712001204120246
:105EA00012061201120512031207920092049202C6
:105EB00092069201920592039207520052045202F6
:105EC00052065201520552035207D200D204D202A6
:105ED000D206D201D205D203D207320032043202F6
:105EE00032063201320532033207B200B204B20286
:105EF000B206B201B205B203B207720072047202B6
:105F000072067201720572037207F200F204F20265
:105F1000F206F201F205F203F2070A000A040A028D
:105F20000A060A010A050A030A078A008A048A0285
:105F30008A068A018A058A038A074A004A044A02B5
:105F40004A064A014A054A034A07CA00CA04CA0265
:105F5000CA06CA01CA05CA03CA072A002A042A02B5
:105F60002A062A012A052A032A07AA00AA04AA0245
:105F7000AA06AA01AA05AA03AA076A006A046A0275
:105F80006A066A016A056A036A07EA00EA04EA0225
:105F9000EA06EA01EA05EA03EA071A001A041A0205
:105FA0001A061A011A051A031A079A009A049A0285
:105FB0009A069A019A059A039A075A005A045A02B5
:105FC0005A065A015A055A035A07DA00DA04DA0265
:105FD000DA06DA01DA05DA03DA073A003A043A02B5
:105FE0003A063A013A053A033A07BA00BA04BA0245
:105FF000BA06BA01BA05BA03BA077A007A047A0275
:106000007A067A017A057A037A07FA00FA04FA0224
:10601000FA06FA01FA05FA03FA0706000604060270
:1060200006060601060506030607860086048602A4
:1060300086068601860586038607460046044602D4
:1060400046064601460546034607C600C604C60284
:10605000C606C601C605C603C607260026042602D4
:1060600026062601260526032607A600A604A60264
:10607000A606A601A605A603A60766006604660294
:1060800066066601660566036607E600E604E60244
:10609000E606E601E605E603E60716001604160224
:1060A00016061601160516031607960096049602A4
:1060B00096069601960596039607560056045602D4
:1060C00056065601560556035607D600D604D60284
:1060D000D606D601D605D603D607360036043602D4
:1060E00036063601360536033607B600B604B60264
:1060F000B606B601B605B603B60776007604760294
:1061000076067601760576037607F600F604F60243
:10611000F606F601F605F603F6070E000E040E026B
:106120000E060E010E050E030E078E008E048E0263
:106130008E068E018E058E038E074E004E044E0293
:106140004E064E014E054E034E07CE00CE04CE0243
:10615000CE06CE01CE05CE03CE072E002E042E0293
:106160002E062E012E052E032E07AE00AE04AE0223
:10617000AE06AE01AE05AE03AE076E006E046E0253
:106180006E066E016E056E036E07EE00EE04EE0203
:10619000EE06EE01EE05EE03EE071E001E041E02E3
:1061A0001E061E011E051E031E079E009E049E0263
:1061B0009E069E019E059E039E075E005E045E0293
:1061C0005E065E015E055E035E07DE00DE04DE0243
:1061D000DE06DE01DE05DE03DE073E003E043E0293
:1061E0003E063E013E053E033E07BE00BE04BE0223
:1061F000BE06BE01BE05BE03BE077E007E047E0253
:106200007E067E017E057E037E07FE00FE04FE0202
:10621000FE06FE01FE05FE03FE070100FF7F0000F3
:10622000FF7F3200FF7F6500FF7F9700FF7FC9007F
:10623000FF7FFB00FF7F2E01FE7F6001FE7F92014A
:10624000FD7FC401FC7FF701FB7F2902FA7F5B021F
:10625000F97F8D02F87FC002F77FF202F67F2403F8
:10626000F57F5603F47F8903F27FBB03F17FED03D3
:10627000EF7F1F04ED7F5204EC7F8404EA7FB604B5
:10628000E87FE804E67F1B05E47F4D05E27F7F059C
:10629000E07FB105DD7FE305DB7F1606D97F480689
:1062A000D67F7A06D37FAC06D17FDE06CE7F11077C
:1062B000CB7F4307C87F7507C57FA707C27FD90774
:1062C000BF7F0C08BC7F3E08B97F7008B57FA2086D
:1062D000B27FD408AE7F0609AB7F3809A77F6B0970
:1062E000A37F9D09A07FCF099C7F010A987F330A75
:1062F000947F650A907F970A8B7FC90A877FFB0A84
:10630000837F2D0B7E7F600B7A7F920B757FC40B92
:10631000717FF60B6C7F280C677F5A0C627F8C0CA8
:106320005D7FBE0C587FF00C537F220D4E7F540DC5
:10633000497F860D437FB80D3E7FEA0D387F1C0EE6
:10634000337F4E0E2D7F800E277FB20E227FE40E0C
:106350001C7F150F167F470F107F790F0A7FAB0F39
:10636000037FDD0FFD7E0F10F77E4110F07E73106E
:10637000EA7EA410E37ED610DD7E0811D67E3A11A7
:10638000CF7E6C11C87E9E11C17ECF11BA7E0112E4
:10639000B37E3312AC7E6512A57E96129D7EC81226
:1063A000967EFA128E7E2B13877E5D137F7E8F136F
:1063B000787EC113707EF213687E2414607E5514BB
:1063C000587E8714507EB914487EEA143F7E1C150F
:1063D000377E4D152F7E7F15267EB1151E7EE21568
:1063E000157E14160C7E4516037E7716FB7DA816C7
:1063F000F27DDA16E97D0B17E07D3C17D67D6E172E
:10640000CD7D9F17C47DD117BA7D0218B17D331899
:10641000A77D65189E7D9618947DC7188A7DF9180A
:10642000817D2A19777D5B196D7D8D19637DBE197C
:10643000587DEF194E7D201A447D511A3A7D831AFA
:106440002F7DB41A257DE51A1A7D161B0F7D471B7B
:10645000057D781BFA7CA91BEF7CDA1BE47C0C1C05
:10646000D97C3D1CCE7C6E1CC27C9F1CB77CD01C92
:10647000AC7C011DA07C311D957C621D897C931D27
:106480007E7CC41D727CF51D667C261E5A7C571EC0
:106490004E7C881E427CB81E367CE91E2A7C1A1F60
:1064A0001E7C4B1F117C7B1F057CAC1FF97BDD1F05
:1064B000EC7B0E20DF7B3E20D37B6F20C67B9F20B2
:1064C000B97BD020AC7B01219F7B3121927B622163
:1064D000857B9221787BC3216A7BF3215D7B24221B
:1064E000507B5422427B8422347BB522277BE522D9
:1064F000197B16230B7B4623FD7A7623EF7AA7239D
:10650000E17AD723D37A0724C57A3724B77A672468
:10651000A87A98249A7AC8248C7AF8247D7A282537
:106520006E7A5825607A8825517AB825427AE8250E
:10653000337A1826247A4826157A7826067AA826E9
:10654000F779D826E7790827D8793827C9796827CD
:10655000B9799727AA79C7279A79F7278A792728B7
:106560007A7956286A7986285B79B6284A79E528A7
:106570003A7915292A7945291A7974290A79A42999
:10658000F978D329E978032AD878322AC878622A98
:10659000B778912AA678C12A9578F02A85781F2B9A
:1065A00074784F2B63787E2B5178AD2B4078DC2BA1
:1065B0002F780C2C1E783B2C0C786A2CFB77992CAE
:1065C000E977C82CD877F72CC677262DB477552DC8
:1065D000A277842D9077B32D7E77E22D6C77112EE4
:1065E0005A77402E48776F2E36779E2E2377CC2E03
:1065F0001177FB2EFE762A2FEC76592FD976872F2E
:10660000C776B62FB476E52FA17613308E7642305A
:106610007B76703068769F305576CD304276FC3090
:106620002E762A311B76593108768731F475B531CB
:10663000E175E431CD751232B9754032A6756E320E
:1066400092759D327E75CB326A75F9325675273355
:10665000427555332D7583331975B1330575DF33A5
:10666000F0740D34DC743B34C7746934B3749734FC
:106670009E74C4348974F2347574203560744E3558
:106680004B747B353674A9352174D7350B740436B9
:10669000F6733236E1735F36CB738D36B673BA3626
:1066A000A073E8368B731537757342375F73703795
:1066B0004A739D373473CA371E73F737087325380A
:1066C000F2725238DC727F38C572AC38AF72D9388A
:1066D00099720639827233396C72603955728D390C
:1066E0003F72BA392872E7391172133AFA71403A97
:1066F000E3716D3ACC719A3AB571C63A9E71F33A2C
:106700008771203B70714C3B5871793B4171A53BBF
:106710002A71D23B1271FE3BFA702A3CE370573C5F
:10672000CB70833CB370AF3C9B70DC3C8370083D06
:106730006B70343D5370603D3B708C3D2370B83DB1
:106740000B70E43DF26F103EDA6F3C3EC26F683E64
:10675000A96F943E906FC03E786FEC3E5F6F173F1D
:10676000466F433F2D6F6F3F146F9A3FFB6EC63FDE
:10677000E26EF13FC96E1D40B06E4840976E7440A6
:106780007D6E9F40646ECB404A6EF640316E214173
:10679000176E4D41FE6D7841E46DA341CA6DCE4147
:1067A000B06DF941966D24427C6D4F42626D7A4224
:1067B000486DA5422E6DD042146DFB42F96C264304
:1067C000DF6C5143C46C7B43AA6CA6438F6CD143EE
:1067D000756CFB435A6C26443F6C5044246C7B44DC
:1067E000096CA544EE6BD044D36BFA44B86B2445D6
:1067F0009D6B4F45826B7945666BA3454B6BCD45D1
:10680000306BF745146B2146F86A4B46DD6A7546D6
:10681000C16A9F46A56AC946896AF3466E6A1D47E2
:10682000526A4747366A70471A6A9A47FD69C447F1
:10683000E169ED47C5691748A96940488C696A480C
:10684000706993485369BD483769E6481A690F492A
:10685000FD683949E0686249C4688B49A768B44952
:106860008A68DD496D68064A50682F4A3268584A7E
:106870001568814AF867AA4ADA67D34ABD67FB4AB6
:10688000A067244B82674D4B6467754B47679E4BEF
:106890002967C74B0B67EF4BED66174CD066404C32
:1068A000B266684C9366914C7566B94C5766E14C7C
:1068B0003966094D1B66314DFC65594DDE65814DCC
:1068C000C065A94DA165D14D8265F94D6465214E24
:1068D0004565494E2665714E0765984EE964C04E80
:1068E000CA64E84EAB640F4F8B64374F6C645E4FE5
:1068F0004D64854F2E64AD4F0F64D44FEF63FB4F53
:10690000D0632350B0634A509163715071639850C3
:106910005163BF503263E65012630D51F26234513D
:10692000D2625B51B26281519262A8517262CF51C0
:106930005262F55132621C5211624352F161695246
:10694000D1619052B061B6529061DC526F610353D5
:106950004E6129532E614F530D617553EC609B536B
:10696000CB60C153AA60E75389600D54686033540B
:106970004760595426607F540560A454E45FCA54AC
:10698000C25FF054A15F1555805F3B555E5F605557
:106990003C5F86551B5FAB55F95ED055D75EF6550B
:1069A000B65E1B56945E4056725E6556505E8A56C1
:1069B0002E5EAF560C5ED456EA5DF956C85D1E5782
:1069C000A55D4357835D6757615D8C573E5DB15749
:1069D0001C5DD557F95CFA57D75C1E58B45C435818
:1069E000915C67586F5C8C584C5CB058295CD458EB
:1069F000065CF858E35B1C59C05B40599D5B6459C9
:106A00007A5B8859575BAC59345BD059105BF459A9
:106A1000ED5A185AC95A3B5AA65A5F5A825A825A94
:106A20005F5AA65A3B5AC95A185AED5AF459105B84
:106A3000D059345BAC59575B88597A5B64599D5B7C
:106A40004059C05B1C59E35BF858065CD458295C7C
:106A5000B0584C5C8C586F5C6758915C4358B45C80
:106A60001E58D75CFA57F95CD5571C5DB1573E5D8F
:106A70008C57615D6757835D4357A55D1E57C85DA1
:106A8000F956EA5DD4560C5EAF562E5E8A56505EBD
:106A90006556725E4056945E1B56B65EF655D75EDE
:106AA000D055F95EAB551B5F86553C5F60555E5F08
:106AB0003B55805F1555A15FF054C25FCA54E45F37
:106AC000A45405607F54266059544760335468606D
:106AD0000D548960E753AA60C153CB609B53EC60AF
:106AE00075530D614F532E6129534E6103536F61EE
:106AF000DC529061B652B0619052D1616952F1613D
:106B0000435211621C523262F5515262CF5172628D
:106B1000A85192628151B2625B51D2623451F262E9
:106B20000D511263E6503263BF5051639850716348
:106B3000715091634A50B0632350D063FB4FEF63B1
:106B4000D44F0F64AD4F2E64854F4D645E4F6C641F
:106B5000374F8B640F4FAB64E84ECA64C04EE96494
:106B6000984E0765714E2665494E4565214E646510
:106B7000F94D8265D14DA165A94DC065814DDE6598
:106B8000594DFC65314D1B66094D3966E14C576620
:106B9000B94C7566914C9366684CB266404CD066B1
:106BA000174CED66EF4B0B67C74B29679E4B47674A
:106BB000754B64674D4B8267244BA067FB4ABD67EA
:106BC000D34ADA67AA4AF867814A1568584A326890
:106BD0002F4A5068064A6D68DD498A68B449A7683B
:106BE0008B49C4686249E0683949FD680F491A69F0
:106BF000E6483769BD485369934870696A488C69AB
:106C00004048A9691748C569ED47E169C447FD696E
:106C10009A471A6A7047366A4747526A1D476E6A32
:106C2000F346896AC946A56A9F46C16A7546DD6A08
:106C30004B46F86A2146146BF745306BCD454B6BDC
:106C4000A345666B7945826B4F459D6B2445B86BB8
:106C5000FA44D36BD044EE6BA544096C7B44246C9E
:106C600050443F6C26445A6CFB43756CD1438F6C87
:106C7000A643AA6C7B43C46C5143DF6C2643F96C7A
:106C8000FB42146DD0422E6DA542486D7A42626D72
:106C90004F427C6D2442966DF941B06DCE41CA6D74
:106CA000A341E46D7841FE6D4D41176E2141316E77
:106CB000F6404A6ECB40646E9F407D6E7440976E86
:106CC0004840B06E1D40C96EF13FE26EC63FFB6E9C
:106CD0009A3F146F6F3F2D6F433F466F173F5F6FB3
:106CE000EC3E786FC03E906F943EA96F683EC26FD5
:106CF0003C3EDA6F103EF26FE43D0B70B83D2370FE
:106D00008C3D3B70603D5370343D6B70083D83702B
:106D1000DC3C9B70AF3CB370833CCB70573CE37062
:106D20002A3CFA70FE3B1271D23B2A71A53B41719D
:106D3000793B58714C3B7071203B8771F33A9E71DF
:106D4000C63AB5719A3ACC716D3AE371403AFA712C
:106D5000133A1172E7392872BA393F728D39557278
:106D600060396C723339827206399972D938AF72D0
:106D7000AC38C5727F38DC725238F272253808732D
:106D8000F7371E73CA3734739D374A7370375F7392
:106D90004237757315378B73E836A073BA36B673FE
:106DA0008D36CB735F36E1733236F67304360B746F
:106DB000D7352174A93536747B354B744E356074E4
:106DC00020357574F2348974C4349E749734B37466
:106DD0006934C7743B34DC740D34F074DF330575EB
:106DE000B133197583332D75553342752733567575
:106DF000F9326A75CB327E759D3292756E32A67508
:106E00004032B9751232CD75E431E175B531F475A2
:106E10008731087659311B762A312E76FC3042763E
:106E2000CD3055769F30687670307B7642308E76E6
:106E30001330A176E52FB476B62FC776872FD97693
:106E4000592FEC762A2FFE76FB2E1177CC2E237746
:106E50009E2E36776F2E4877402E5A77112E6C77FC
:106E6000E22D7E77B32D9077842DA277552DB477C0
:106E7000262DC677F72CD877C82CE977992CFB7785
:106E80006A2C0C783B2C1E780C2C2F78DC2B40784D
:106E9000AD2B51787E2B63784F2B74781F2B857820
:106EA000F02A9578C12AA678912AB778622AC878FC
:106EB000322AD878032AE978D329F978A4290A79DB
:106EC00074291A7945292A7915293A79E5284A79C0
:106ED000B6285B7986286A7956287A7927288A79AC
:106EE000F7279A79C727AA799727B9796827C9799F
:106EF0003827D8790827E779D826F779A826067A97
:106F00007826157A4826247A1826337AE825427A94
:106F1000B825517A8825607A58256E7A28257D7A99
:106F2000F8248C7AC8249A7A9824A87A6724B77AA5
:106F30003724C57A0724D37AD723E17AA723EF7AB7
:106F40007623FD7A46230B7B1623197BE522277BCC
:106F5000B522347B8422427B5422507B24225D7BE9
:106F6000F3216A7BC321787B9221857B6221927B0E
:106F700031219F7B0121AC7BD020B97B9F20C67B38
:106F80006F20D37B3E20DF7B0E20EC7BDD1FF97B67
:106F9000AC1F057C7B1F117C4B1F1E7C1A1F2A7C9B
:106FA000E91E367CB81E427C881E4E7C571E5A7CD9
:106FB000261E667CF51D727CC41D7E7C931D897C1B
:106FC000621D957C311DA07C011DAC7CD01CB77C62
:106FD0009F1CC27C6E1CCE7C3D1CD97C0C1CE47CAE
:106FE000DA1BEF7CA91BFA7C781B057D471B0F7D04
:106FF000161B1A7DE51A257DB41A2F7D831A3A7D5A
:10700000511A447D201A4E7DEF19587DBE19637DBB
:107010008D196D7D5B19777D2A19817DF9188A7D1F
:10702000C718947D96189E7D6518A77D3318B17D8D
:107030000218BA7DD117C47D9F17CD7D6E17D67DFE
:107040003C17E07D0B17E97DDA16F27DA816FB7D73
:107050007716037E45160C7E1416157EE2151E7EED
:10706000B115267E7F152F7E4D15377E1C153F7E70
:10707000EA14487EB914507E8714587E5514607EF9
:107080002414687EF213707EC113787E8F137F7E86
:107090005D13877E2B138E7EFA12967EC8129D7E1C
:1070A0009612A57E6512AC7E3312B37E0112BA7EB3
:1070B000CF11C17E9E11C87E6C11CF7E3A11D67E53
:1070C0000811DD7ED610E37EA410EA7E7310F07EF8
:1070D0004110F77E0F10FD7EDD0F037FAB0F0A7F9F
:1070E000790F107F470F167F150F1C7FE40E227F4C
:1070F000B20E277F800E2D7F4E0E337F1C0E387F01
:10710000EA0D3E7FB80D437F860D497F540D4E7FBB
:10711000220D537FF00C587FBE0C5D7F8C0C627F7C
:107120005A0C677F280C6C7FF60B717FC40B757F40
:10713000920B7A7F600B7E7F2D0B837FFB0A877F0C
:10714000C90A8B7F970A907F650A947F330A987FDC
:10715000010A9C7FCF09A07F9D09A37F6B09A77FB0
:107160003809AB7F0609AE7FD408B27FA208B57F8D
:107170007008B97F3E08BC7F0C08BF7FD907C27F6B
:10718000A707C57F7507C87F4307CB7F1107CE7F51
:10719000DE06D17FAC06D37F7A06D67F4806D97F3C
:1071A0001606DB7FE305DD7FB105E07F7F05E27F2B
:1071B0004D05E47F1B05E67FE804E87FB604EA7F1F
:1071C0008404EC7F5204ED7F1F04EF7FED03F17F19
:1071D000BB03F27F8903F47F5603F57F2403F67F18
:1071E000F202F77FC002F87F8D02F97F5B02FA7F1F
:1071F0002902FB7FF701FC7FC401FD7F9201FE7F26
:107200006001FE7F2E01FF7FFB00FF7FC900FF7F33
:107210009700FF7F6500FF7F3200FF7F0000FF7F48
:10722000CEFFFF7F9BFFFF7F69FFFF7F37FFFF7F61
:1072300005FFFF7FD2FEFF7FA0FEFE7F6EFEFE7F7A
:107240003CFEFD7F09FEFC7FD7FDFB7FA5FDFA7F9D
:1072500073FDF97F40FDF87F0EFDF77FDCFCF67FC4
:10726000AAFCF57F77FCF47F45FCF27F13FCF17FED
:10727000E1FBEF7FAEFBED7F7CFBEC7F4AFBEA7F1F
:1072800018FBE87FE5FAE67FB3FAE47F81FAE27F54
:107290004FFAE07F1DFADD7FEAF9DB7FB8F9D97F8D
:1072A00086F9D67F54F9D37F22F9D17FEFF8CE7FCC
:1072B000BDF8CB7F8BF8C87F59F8C57F27F8C27F10
:1072C000F4F7BF7FC2F7BC7F90F7B97F5EF7B57F59
:1072D0002CF7B27FFAF6AE7FC8F6AB7F95F6A77FA4
:1072E00063F6A37F31F6A07FFFF59C7FCDF5987FF5
:1072F0009BF5947F69F5907F37F58B7F05F5877F48
:10730000D3F4837FA0F47E7F6EF47A7F3CF4757FA4
:107310000AF4717FD8F36C7FA6F3677F74F3627F02
:1073200042F35D7F10F3587FDEF2537FACF24E7F65
:107330007AF2497F48F2437F16F23E7FE4F1387FCC
:10734000B2F1337F80F12D7F4EF1277F1CF1227F38
:10735000EBF01C7FB9F0167F87F0107F55F00A7FA5
:1073600023F0037FF1EFFD7EBFEFF77E8DEFF07E20
:107370005CEFEA7E2AEFE37EF8EEDD7EC6EED67E97
:1073800094EECF7E62EEC87E31EEC17EFFEDBA7E16
:10739000CDEDB37E9BEDAC7E6AEDA57E38ED9D7E96
:1073A00006ED967ED5EC8E7EA3EC877E71EC7F7E1B
:1073B0003FEC787E0EEC707EDCEB687EABEB607EA3
:1073C00079EB587E47EB507E16EB487EE4EA3F7E31
:1073D000B3EA377E81EA2F7E4FEA267E1EEA1E7EC2
:1073E000ECE9157EBBE90C7E89E9037E58E9FB7D5B
:1073F00026E9F27DF5E8E97DC4E8E07D92E8D67DF6
:1074000061E8CD7D2FE8C47DFEE7BA7DCDE7B17D93
:107410009BE7A77D6AE79E7D39E7947D07E78A7D34
:10742000D6E6817DA5E6777D73E66D7D42E6637DD8
:1074300011E6587DE0E54E7DAFE5447D7DE53A7D82
:107440004CE52F7D1BE5257DEAE41A7DB9E40F7D2F
:1074500088E4057D57E4FA7C26E4EF7CF4E3E47CE1
:10746000C3E3D97C92E3CE7C61E3C27C30E3B77C9A
:10747000FFE2AC7CCFE2A07C9EE2957C6DE2897C51
:107480003CE27E7C0BE2727CDAE1667CA9E15A7C0C
:1074900078E14E7C48E1427C17E1367CE6E02A7CCC
:1074A000B5E01E7C85E0117C54E0057C23E0F97B8F
:1074B000F2DFEC7BC2DFDF7B91DFD37B61DFC67B5A
:1074C00030DFB97BFFDEAC7BCFDE9F7B9EDE927B25
:1074D0006EDE857B3DDE787B0DDE6A7BDCDD5D7BF1
:1074E000ACDD507B7CDD427B4BDD347B1BDD277BC1
:1074F000EADC197BBADC0B7B8ADCFD7A59DCEF7A9B
:1075000029DCE17AF9DBD37AC9DBC57A99DBB77A72
:1075100068DBA87A38DB9A7A08DB8C7AD8DA7D7A4D
:10752000A8DA6E7A78DA607A48DA517A18DA427A2A
:10753000E8D9337AB8D9247A88D9157A58D9067A0D
:1075400028D9F779F8D8E779C8D8D87998D8C979F7
:1075500069D8B97939D8AA7909D89A79D9D78A79DD
:10756000AAD77A797AD76A794AD75B791BD74A79C9
:10757000EBD63A79BBD62A798CD61A795CD60A79B9
:107580002DD6F978FDD5E978CED5D8789ED5C878AE
:107590006FD5B7783FD5A67810D59578E1D48578A2
:1075A000B1D4747882D4637853D4517824D4407899
:1075B000F4D32F78C5D31E7896D30C7867D3FB7796
:1075C00038D3E97709D3D877DAD2C677ABD2B47794
:1075D0007CD2A2774DD290771ED27E77EFD16C7796
:1075E000C0D15A7791D1487762D1367734D1237799
:1075F00005D11177D6D0FE76A7D0EC7679D0D976A2
:107600004AD0C7761BD0B476EDCFA176BECF8E76AA
:1076100090CF7B7661CF687633CF557604CF4276B4
:10762000D6CE2E76A7CE1B7679CE08764BCEF475C5
:107630001CCEE175EECDCD75C0CDB97592CDA675D8
:1076400063CD927535CD7E7507CD6A75D9CC5675EB
:10765000ABCC42757DCC2D754FCC197521CC057501
:10766000F3CBF074C5CBDC7497CBC77469CBB37420
:107670003CCB9E740ECB8974E0CA7574B2CA607438
:1076800085CA4B7457CA367429CA2174FCC90B7455
:10769000CEC9F673A1C9E17373C9CB7346C9B6737A
:1076A00018C9A073EBC88B73BEC8757390C85F739D
:1076B00063C84A7336C8347309C81E73DBC70873BE
:1076C000AEC7F27281C7DC7254C7C57227C7AF72EA
:1076D000FAC69972CDC68272A0C66C7273C6557214
:1076E00046C63F7219C62872EDC51172C0C5FA713F
:1076F00093C5E37166C5CC713AC5B5710DC59E7170
:10770000E0C48771B4C4707187C458715BC441719F
:107710002EC42A7102C41271D6C3FA70A9C3E370D1
:107720007DC3CB7051C3B37024C39B70F8C2837008
:10773000CCC26B70A0C2537074C23B7048C223703D
:107740001CC20B70F0C1F26FC4C1DA6F98C1C26F76
:107750006CC1A96F40C1906F14C1786FE9C05F6FB1
:10776000BDC0466F91C02D6F66C0146F3AC0FB6EEE
:107770000FC0E26EE3BFC96EB8BFB06E8CBF976E2C
:1077800061BF7D6E35BF646E0ABF4A6EDFBE316E6B
:10779000B3BE176E88BEFE6D5DBEE46D32BECA6DAF
:1077A00007BEB06DDCBD966DB1BD7C6D86BD626DF2
:1077B0005BBD486D30BD2E6D05BD146DDABCF96C36
:1077C000AFBCDF6C85BCC46C5ABCAA6C2FBC8F6C80
:1077D00005BC756CDABB5A6CB0BB3F6C85BB246CC6
:1077E0005BBB096C30BBEE6B06BBD36BDCBAB86B12
:1077F000B1BA9D6B87BA826B5DBA666B33BA4B6B5D
:1078000009BA306BDFB9146BB5B9F86A8BB9DD6AA8
:1078100061B9C16A37B9A56A0DB9896AE3B86E6AF8
:10782000B9B8526A90B8366A66B81A6A3CB8FD6947
:1078300013B8E169E9B7C569C0B7A96996B78C699A
:107840006DB7706943B753691AB73769F1B61A69EA
:10785000C7B6FD689EB6E06875B6C4684CB6A76842
:1078600023B68A68FAB56D68D1B55068A8B5326894
:107870007FB5156856B5F8672DB5DA6705B5BD67EC
:10788000DCB4A067B3B482678BB4646762B4476743
:1078900039B4296711B40B67E9B3ED66C0B3D0669C
:1078A00098B3B2666FB3936647B375661FB35766F6
:1078B000F7B23966CFB21B66A7B2FC657FB2DE6550
:1078C00057B2C0652FB2A16507B28265DFB16465AA
:1078D000B7B145658FB1266568B1076540B1E96408
:1078E00018B1CA64F1B0AB64C9B08B64A2B06C6467
:1078F0007BB04D6453B02E642CB00F6405B0EF63C1
:10790000DDAFD063B6AFB0638FAF916368AF716323
:1079100041AF51631AAF3263F3AE1263CCAEF26281
:10792000A5AED2627FAEB26258AE926231AE7262E2
:107930000BAE5262E4AD3262BDAD116297ADF16142
:1079400070ADD1614AADB06124AD9061FDAC6F61A5
:10795000D7AC4E61B1AC2E618BAC0D6165ACEC6007
:107960003FACCB6019ACAA60F3AB8960CDAB68606B
:10797000A7AB476081AB26605CAB056036ABE45FCC
:1079800010ABC25FEBAAA15FC5AA805FA0AA5E5F31
:107990007AAA3C5F55AA1B5F30AAF95E0AAAD75E95
:1079A000E5A9B65EC0A9945E9BA9725E76A9505EF9
:1079B00051A92E5E2CA90C5E07A9EA5DE2A8C85D5C
:1079C000BDA8A55D99A8835D74A8615D4FA83E5DC3
:1079D0002BA81C5D06A8F95CE2A7D75CBDA7B45C28
:1079E00099A7915C74A76F5C50A74C5C2CA7295C8D
:1079F00008A7065CE4A6E35BC0A6C05B9CA69D5BF3
:107A000078A67A5B54A6575B30A6345B0CA6105B55
:107A1000E8A5ED5AC5A5C95AA1A5A65A7EA5825AC0
:107A20005AA55F5A37A53B5A13A5185AF0A4F45922
:107A3000CCA4D059A9A4AC5986A4885963A464598C
:107A400040A440591DA41C59FAA3F858D7A3D458F0
:107A5000B4A3B05891A38C586FA367584CA3435854
:107A600029A31E5807A3FA57E4A2D557C2A2B157BB
:107A70009FA28C577DA267575BA2435738A21E571F
:107A800016A2F956F4A1D456D2A1AF56B0A18A5687
:107A90008EA165566CA140564AA11B5629A1F655E8
:107AA00007A1D055E5A0AB55C4A08655A2A060554E
:107AB00080A03B555FA015553EA0F0541CA0CA54B1
:107AC000FB9FA454DA9F7F54B99F5954989F335415
:107AD000779F0D54569FE753359FC153149F9B5377
:107AE000F39E7553D29E4F53B29E2953919E0353DA
:107AF000709EDC52509EB6522F9E90520F9E69523D
:107B0000EF9D4352CE9D1C52AE9DF5518E9DCF519F
:107B10006E9DA8514E9D81512E9D5B510E9D3451FD
:107B2000EE9C0D51CE9CE650AF9CBF508F9C985060
:107B30006F9C7150509C4A50309C2350119CFB4FBD
:107B4000F19BD44FD29BAD4FB39B854F949B5E4F1F
:107B5000759B374F559B0F4F369BE84E179BC04E7A
:107B6000F99A984EDA9A714EBB9A494E9C9A214ED8
:107B70007E9AF94D5F9AD14D409AA94D229A814D36
:107B8000049A594DE599314DC799094DA999E14C90
:107B90008B99B94C6D99914C4E99684C3099404CE9
:107BA0001399174CF598EF4BD798C74BB9989E4B44
:107BB0009C98754B7E984D4B6098244B4398FB4A9C
:107BC0002698D34A0898AA4AEB97814ACE97584AF2
:107BD000B0972F4A9397064A7697DD495997B4494B
:107BE0003C978B492097624903973949E6960F499C
:107BF000C996E648AD96BD489096934874966A48F3
:107C0000579640483B9617481F96ED470396C44742
:107C1000E6959A47CA957047AE95474792951D4796
:107C20007795F3465B95C9463F959F4623957546E4
:107C300008954B46EC942146D094F745B594CD4534
:107C40009A94A3457E94794563944F45489424457E
:107C50002D94FA441294D044F793A544DC937B44CA
:107C6000C1935044A69326448B93FB437193D14315
:107C70005693A6433C937B4321935143079326435A
:107C8000EC92FB42D292D042B892A5429E927A42A6
:107C900084924F426A9224425092F9413692CE41E8
:107CA0001C92A34102927841E9914D41CF9121412B
:107CB000B691F6409C91CB4083919F40699174406E
:107CC0005091484037911D401E91F13F0591C63FAC
:107CD000EC909A3FD3906F3FBA90433FA190173FEB
:107CE0008890EC3E7090C03E5790943E3E90683E27
:107CF00026903C3E0E90103EF58FE43DDD8FB83D62
:107D0000C58F8C3DAD8F603D958F343D7D8F083D97
:107D1000658FDC3C4D8FAF3C358F833C1D8F573CCE
:107D2000068F2A3CEE8EFE3BD68ED23BBF8EA53B05
:107D3000A88E793B908E4C3B798E203B628EF33A35
:107D40004B8EC63A348E9A3A1D8E6D3A068E403A64
:107D5000EF8D133AD88DE739C18DBA39AB8D8D3996
:107D6000948D60397E8D3339678D0639518DD938C0
:107D70003B8DAC38248D7F380E8D5238F88C2538E9
:107D8000E28CF737CC8CCA37B68C9D37A18C703714
:107D90008B8C4237758C1537608CE8364A8CBA3636
:107DA000358C8D361F8C5F360A8C3236F58B043657
:107DB000DF8BD735CA8BA935B58B7B35A08B4E357C
:107DC0008B8B2035778BF234628BC4344D8B973498
:107DD000398B6934248B3B34108B0D34FB8ADF33B1
:107DE000E78AB133D38A8333BE8A5533AA8A2733CD
:107DF000968AF932828ACB326E8A9D325A8A6E32E4
:107E0000478A4032338A12321F8AE4310C8AB531F4
:107E1000F8898731E5895931D2892A31BE89FC3008
:107E2000AB89CD3098899F30858970307289423016
:107E30005F8913304C89E52F3989B62F2789872F21
:107E40001489592F02892A2FEF88FB2EDD88CC2E2A
:107E5000CA889E2EB8886F2EA688402E9488112E30
:107E60008288E22D7088B32D5E88842D4C88552D34
:107E70003A88262D2888F72C1788C82C0588992C35
:107E8000F4876A2CE2873B2CD1870C2CC087DC2B33
:107E9000AF87AD2B9D877E2B8C874F2B7B871F2B2E
:107EA0006B87F02A5A87C12A4987912A3887622A24
:107EB0002887322A1787032A0787D329F686A42919
:107EC000E6867429D6864529C6861529B686E5280C
:107ED000A586B628968686288686562876862728FA
:107EE0006686F7275686C7274786972737866827E7
:107EF00028863827198608270986D826FA85A826CD
:107F0000EB857826DC854826CD851826BE85E825B4
:107F1000AF85B825A0858825928558258385282595
:107F20007485F8246685C824588598244985672473
:107F30003B8537242D8507241F85D7231185A7234B
:107F400003857623F5844623E7841623D984E52226
:107F5000CC84B522BE848422B0845422A3842422FB
:107F60009684F3218884C3217B8492216E846221CC
:107F700061843121548401214784D0203A849F2098
:107F80002D846F2021843E2014840E200784DD1F61
:107F9000FB83AC1FEF837B1FE2834B1FD6831A1F2B
:107FA000CA83E91EBE83B81EB283881EA683571EED
:107FB0009A83261E8E83F51D8283C41D7783931DAD
:107FC0006B83621D6083311D5483011D4983D01C66
:107FD0003E839F1C32836E1C27833D1C1C830C1C1C
:107FE0001183DA1B0683A91BFB82781BF182471BD6
:107FF000E682161BDB82E51AD182B41AC682831A86
:10800000BC82511AB282201AA882EF199D82BE1931
:1080100093828D1989825B197F822A197682F918D9
:108020006C82C71862829618598265184F8233187D
:10803000468202183C82D11733829F172A826E171C
:1080400020823C1717820B170E82DA160582A816BB
:10805000FD817716F4814516EB811416E281E21555
:10806000DA81B115D1817F15C9814D15C1811C15EA
:10807000B881EA14B081B914A8818714A08155147D
:10808000988124149081F2138881C11381818F1308
:1080900079815D1372812B136A81FA126381C81290
:1080A0005B819612548165124D8133124681011213
:1080B0003F81CF1138819E1131816C112A813A1193
:1080C000238108111D81D6101681A4101081731010
:1080D0000981411003810F10FD80DD0FF680AB0F89
:1080E000F080790FEA80470FE480150FDE80E40E00
:1080F000D980B20ED380800ECD804E0EC8801C0E6B
:10810000C280EA0DBD80B80DB780860DB280540DD7
:10811000AD80220DA880F00CA380BE0C9E808C0C3C
:1081200099805A0C9480280C8F80F60B8B80C40B9E
:108130008680920B8280600B7D802D0B7980FB0AFC
:108140007580C90A7080970A6C80650A6880330A56
:108150006480010A6080CF095D809D0959806B09A8
:1081600055803809528006094E80D4084B80A208F9
:108170004780700844803E0841800C083E80D90743
:108180003B80A70738807507358043073280110789
:108190002F80DE062D80AC062A807A0627804806CE
:1081A000258016062380E3052080B1051E807F050B
:1081B0001C804D051A801B051880E8041680B60443
:1081C000148084041380520411801F040F80ED0377
:1081D0000E80BB030C8089030B8056030A802403A6
:1081E0000980F2020880C00207808D0206805B02CF
:1081F000058029020480F7010380C40102809201F6
:108200000280600101802E010180FB000180C90015
:108210000080970000806500008032000080000030
:108220000080CEFF00809BFF008069FF018037FF48
:10823000018005FF0180D2FE0280A0FE02806EFE5A
:1082400003803CFE048009FE0580D7FD0680A5FD65
:10825000078073FD088040FD09800EFD0A80DCFC6C
:108260000B80AAFC0C8077FC0E8045FC0F8013FC71
:108270001180E1FB1380AEFB14807CFB16804AFB6F
:10828000188018FB1A80E5FA1C80B3FA1E8081FA68
:1082900020804FFA23801DFA2580EAF92780B8F95B
:1082A0002A8086F92D8054F92F8022F93280EFF848
:1082B0003580BDF838808BF83B8059F83E8027F830
:1082C0004180F4F74480C2F7478090F74B805EF717
:1082D0004E802CF75280FAF65580C8F6598095F6F4
:1082E0005D8063F6608031F66480FFF56880CDF5CF
:1082F0006C809BF5708069F5758037F5798005F5A0
:108300007D80D3F48280A0F486806EF48B803CF470
:108310008F800AF49480D8F39980A6F39E8074F33A
:10832000A38042F3A88010F3AD80DEF2B280ACF2FD
:10833000B7807AF2BD8048F2C28016F2C880E4F1BC
:10834000CD80B2F1D38080F1D9804EF1DE801CF176
:10835000E480EBF0EA80B9F0F08087F0F68055F029
:10836000FD8023F00381F1EF0981BFEF10818DEFD4
:1083700016815CEF1D812AEF2381F8EE2A81C6EE7B
:10838000318194EE388162EE3F8131EE4681FFED1E
:108390004D81CDED54819BED5B816AED638138EDBC
:1083A0006A8106ED7281D5EC7981A3EC818171EC53
:1083B00088813FEC90810EEC9881DCEBA081ABEBE7
:1083C000A88179EBB08147EBB88116EBC181E4EA73
:1083D000C981B3EAD18181EADA814FEAE2811EEAFA
:1083E000EB81ECE9F481BBE9FD8189E9058258E97B
:1083F0000E8226E91782F5E82082C4E82A8292E8F4
:10840000338261E83C822FE84682FEE74F82CDE767
:1084100059829BE762826AE76C8239E7768207E7D6
:108420007F82D6E68982A5E6938273E69D8242E644
:10843000A88211E6B282E0E5BC82AFE5C6827DE5A6
:10844000D1824CE5DB821BE5E682EAE4F182B9E405
:10845000FB8288E4068357E4118326E41C83F4E35B
:108460002783C3E3328392E33E8361E3498330E3AE
:108470005483FFE26083CFE26B839EE277836DE2F9
:1084800082833CE28E830BE29A83DAE1A683A9E140
:10849000B28378E1BE8348E1CA8317E1D683E6E080
:1084A000E283B5E0EF8385E0FB8354E0078423E0BB
:1084B0001484F2DF2184C2DF2D8491DF3A8461DFEE
:1084C000478430DF5484FFDE6184CFDE6E849EDE1D
:1084D0007B846EDE88843DDE96840DDEA384DCDD45
:1084E000B084ACDDBE847CDDCC844BDDD9841BDD67
:1084F000E784EADCF584BADC03858ADC118559DC83
:108500001F8529DC2D85F9DB3B85C9DB498599DB96
:10851000588568DB668538DB748508DB8385D8DAA7
:108520009285A8DAA08578DAAF8548DABE8518DAB0
:10853000CD85E8D9DC85B8D9EB8588D9FA8558D9B5
:10854000098628D91986F8D82886C8D8378698D8B1
:10855000478669D8568639D8668609D87686D9D7A7
:108560008686AAD796867AD7A5864AD7B6861BD797
:10857000C686EBD6D686BBD6E6868CD6F6865CD685
:1085800007872DD61787FDD52887CED538879ED566
:1085900049876FD55A873FD56B8710D57B87E1D444
:1085A0008C87B1D49D8782D4AF8753D4C08724D41D
:1085B000D187F4D3E287C5D3F48796D3058867D3F0
:1085C000178838D3288809D33A88DAD24C88ABD2B6
:1085D0005E887CD270884DD282881ED29488EFD17A
:1085E000A688C0D1B88891D1CA8862D1DD8834D13B
:1085F000EF8805D10289D6D01489A7D0278979D0F0
:1086000039894AD04C891BD05F89EDCF7289BECFA2
:10861000858990CF988961CFAB8933CFBE8904CF4C
:10862000D289D6CEE589A7CEF88979CE0C8A4BCEF1
:108630001F8A1CCE338AEECD478AC0CD5A8A92CD8E
:108640006E8A63CD828A35CD968A07CDAA8AD9CC27
:10865000BE8AABCCD38A7DCCE78A4FCCFB8A21CCB7
:10866000108BF3CB248BC5CB398B97CB4D8B69CB40
:10867000628B3CCB778B0ECB8B8BE0CAA08BB2CAC4
:10868000B58B85CACA8B57CADF8B29CAF58BFCC943
:108690000A8CCEC91F8CA1C9358C73C94A8C46C9B6
:1086A000608C18C9758CEBC88B8CBEC8A18C90C827
:1086B000B68C63C8CC8C36C8E28C09C8F88CDBC792
:1086C0000E8DAEC7248D81C73B8D54C7518D27C7F2
:1086D000678DFAC67E8DCDC6948DA0C6AB8D73C650
:1086E000C18D46C6D88D19C6EF8DEDC5068EC0C5A5
:1086F0001D8E93C5348E66C54B8E3AC5628E0DC5F0
:10870000798EE0C4908EB4C4A88E87C4BF8E5BC43B
:10871000D68E2EC4EE8E02C4068FD6C31D8FA9C37B
:10872000358F7DC34D8F51C3658F24C37D8FF8C2B4
:10873000958FCCC2AD8FA0C2C58F74C2DD8F48C2E9
:10874000F58F1CC20E90F0C12690C4C13E9098C116
:1087500057906CC1709040C1889014C1A190E9C03D
:10876000BA90BDC0D39091C0EC9066C005913AC05C
:108770001E910FC03791E3BF5091B8BF69918CBF74
:10878000839161BF9C9135BFB6910ABFCF91DFBE87
:10879000E991B3BE029288BE1C925DBE369232BE93
:1087A000509207BE6A92DCBD8492B1BD9E9286BD96
:1087B000B8925BBDD29230BDEC9205BD0793DABC96
:1087C0002193AFBC3C9385BC56935ABC71932FBC8C
:1087D0008B9305BCA693DABBC193B0BBDC9385BB7E
:1087E000F7935BBB129430BB2D9406BB4894DCBA64
:1087F0006394B1BA7E9487BA9A945DBAB59433BA49
:10880000D09409BAEC94DFB90895B5B923958BB922
:108810003F9561B95B9537B977950DB99295E3B8F6
:10882000AE95B9B8CA9590B8E69566B803963CB8C7
:108830001F9613B83B96E9B75796C0B7749696B78C
:1088400090966DB7AD9643B7C9961AB7E696F1B64E
:108850000397C7B620979EB63C9775B659974CB606
:10886000769723B69397FAB5B097D1B5CE97A8B5BA
:10887000EB977FB5089856B526982DB5439805B562
:108880006098DCB47E98B3B49C988BB4B99862B409
:10889000D79839B4F59811B41399E9B33099C0B3A6
:1088A0004E9998B36D996FB38B9947B3A9991FB33C
:1088B000C799F7B2E599CFB2049AA7B2229A7FB2CC
:1088C000409A57B25F9A2FB27E9A07B29C9ADFB154
:1088D000BB9AB7B1DA9A8FB1F99A68B1179B40B1D8
:1088E000369B18B1559BF1B0759BC9B0949BA2B053
:1088F000B39B7BB0D29B53B0F19B2CB0119C05B0C5
:10890000309CDDAF509CB6AF6F9C8FAF8F9C68AF33
:10891000AF9C41AFCE9C1AAFEE9CF3AE0E9DCCAE99
:108920002E9DA5AE4E9D7FAE6E9D58AE8E9D31AEF6
:10893000AE9D0BAECE9DE4ADEF9DBDAD0F9E97AD50
:108940002F9E70AD509E4AAD709E24AD919EFDACA1
:10895000B29ED7ACD29EB1ACF39E8BAC149F65ACEB
:10896000359F3FAC569F19AC779FF3AB989FCDAB2B
:10897000B99FA7ABDA9F81ABFB9F5CAB1CA036AB6A
:108980003EA010AB5FA0EBAA80A0C5AAA2A0A0AA9F
:10899000C4A07AAAE5A055AA07A130AA29A10AAACB
:1089A0004AA1E5A96CA1C0A98EA19BA9B0A176A9F5
:1089B000D2A151A9F4A12CA916A207A938A2E2A814
:1089C0005BA2BDA87DA299A89FA274A8C2A24FA82D
:1089D000E4A22BA807A306A829A3E2A74CA3BDA73E
:1089E0006FA399A791A374A7B4A350A7D7A32CA74B
:1089F000FAA308A71DA4E4A640A4C0A663A49CA64D
:108A000086A478A6A9A454A6CCA430A6F0A40CA64B
:108A100013A5E8A537A5C5A55AA5A1A57EA57EA540
:108A2000A1A55AA5C5A537A5E8A513A50CA6F0A430
:108A300030A6CCA454A6A9A478A686A49CA663A418
:108A4000C0A640A4E4A61DA408A7FAA32CA7D7A3F8
:108A500050A7B4A374A791A399A76FA3BDA74CA3D4
:108A6000E2A729A306A807A32BA8E4A24FA8C2A2A5
:108A700074A89FA299A87DA2BDA85BA2E2A838A273
:108A800007A916A22CA9F4A151A9D2A176A9B0A137
:108A90009BA98EA1C0A96CA1E5A94AA10AAA29A1F6
:108AA00030AA07A155AAE5A07AAAC4A0A0AAA2A0AC
:108AB000C5AA80A0EBAA5FA010AB3EA036AB1CA05D
:108AC0005CABFB9F81ABDA9FA7ABB99FCDAB989F07
:108AD000F3AB779F19AC569F3FAC359F65AC149FA5
:108AE0008BACF39EB1ACD29ED7ACB29EFDAC919E46
:108AF00024AD709E4AAD509E70AD2F9E97AD0F9ED7
:108B0000BDADEF9DE4ADCE9D0BAEAE9D31AE8E9D65
:108B100058AE6E9D7FAE4E9DA5AE2E9DCCAE0E9DE9
:108B2000F3AEEE9C1AAFCE9C41AFAF9C68AF8F9C6A
:108B30008FAF6F9CB6AF509CDDAF309C05B0119CE1
:108B40002CB0F19B53B0D29B7BB0B39BA2B0949B53
:108B5000C9B0759BF1B0559B18B1369B40B1179BBE
:108B600068B1F99A8FB1DA9AB7B1BB9ADFB19C9A22
:108B700007B27E9A2FB25F9A57B2409A7FB2229A7A
:108B8000A7B2049ACFB2E599F7B2C7991FB3A999D2
:108B900047B38B996FB36D9998B34E99C0B3309921
:108BA000E9B3139911B4F59839B4D79862B4B99868
:108BB0008BB49C98B3B47E98DCB4609805B54398A8
:108BC0002DB5269856B508987FB5EB97A8B5CE97E2
:108BD000D1B5B097FAB5939723B676974CB6599717
:108BE00075B63C979EB62097C7B60397F1B6E69642
:108BF0001AB7C99643B7AD966DB7909696B7749667
:108C0000C0B75796E9B73B9613B81F963CB8039682
:108C100066B8E69590B8CA95B9B8AE95E3B892959E
:108C20000DB9779537B95B9561B93F958BB92395A8
:108C3000B5B90895DFB9EC9409BAD09433BAB594B4
:108C40005DBA9A9487BA7E94B1BA6394DCBA4894B8
:108C500006BB2D9430BB12945BBBF79385BBDC93B2
:108C6000B0BBC193DABBA69305BC8B932FBC7193A9
:108C70005ABC569385BC3C93AFBC2193DABC079396
:108C800005BDEC9230BDD2925BBDB89286BD9E927E
:108C9000B1BD8492DCBD6A9207BE509232BE36925C
:108CA0005DBE1C9288BE0292B3BEE991DFBECF9139
:108CB0000ABFB69135BF9C9161BF83918CBF69910A
:108CC000B8BF5091E3BF37910FC01E913AC00591D4
:108CD00066C0EC9091C0D390BDC0BA90E9C0A1909D
:108CE00014C1889040C170906CC1579098C13E905B
:108CF000C4C12690F0C10E901CC2F58F48C2DD8F12
:108D000074C2C58FA0C2AD8FCCC2958FF8C27D8FC3
:108D100024C3658F51C34D8F7DC3358FA9C31D8F6C
:108D2000D6C3068F02C4EE8E2EC4D68E5BC4BF8E11
:108D300087C4A88EB4C4908EE0C4798E0DC5628EAF
:108D40003AC54B8E66C5348E93C51D8EC0C5068E42
:108D5000EDC5EF8D19C6D88D46C6C18D73C6AB8DD6
:108D6000A0C6948DCDC67E8DFAC6678D27C7518D5E
:108D700054C73B8D81C7248DAEC70E8DDBC7F88CE1
:108D800009C8E28C36C8CC8C63C8B68C90C8A18C5C
:108D9000BEC88B8CEBC8758C18C9608C46C94A8CD0
:108DA00073C9358CA1C91F8CCEC90A8CFCC9F58B3F
:108DB00029CADF8B57CACA8B85CAB58BB2CAA08BAA
:108DC000E0CA8B8B0ECB778B3CCB628B69CB4D8B08
:108DD00097CB398BC5CB248BF3CB108B21CCFB8A63
:108DE0004FCCE78A7DCCD38AABCCBE8AD9CCAA8AB9
:108DF00007CD968A35CD828A63CD6E8A92CD5A8A06
:108E0000C0CD478AEECD338A1CCE1F8A4BCE0C8A4A
:108E100079CEF889A7CEE589D6CED28904CFBE898E
:108E200033CFAB8961CF988990CF8589BECF7289C6
:108E3000EDCF5F891BD04C894AD0398979D02789F9
:108E4000A7D01489D6D0028905D1EF8834D1DD8826
:108E500062D1CA8891D1B888C0D1A688EFD1948850
:108E60001ED282884DD270887CD25E88ABD24C886C
:108E7000DAD23A8809D3288838D3178867D3058887
:108E800096D3F487C5D3E287F4D3D18724D4C0879F
:108E900053D4AF8782D49D87B1D48C87E1D47B87AC
:108EA00010D56B873FD55A876FD549879ED53887B0
:108EB000CED52887FDD517872DD607875CD6F686B1
:108EC0008CD6E686BBD6D686EBD6C6861BD7B686AC
:108ED0004AD7A5867AD79686AAD78686D9D77686A0
:108EE00009D8668639D8568669D8478698D837868D
:108EF000C8D82886F8D8198628D9098658D9FA8575
:108F000088D9EB85B8D9DC85E8D9CD8518DABE8556
:108F100048DAAF8578DAA085A8DA9285D8DA838531
:108F200008DB748538DB668568DB588599DB498505
:108F3000C9DB3B85F9DB2D8529DC1F8559DC1185D3
:108F40008ADC0385BADCF584EADCE7841BDDD9849E
:108F50004BDDCC847CDDBE84ACDDB084DCDDA38461
:108F60000DDE96843DDE88846EDE7B849EDE6E841C
:108F7000CFDE6184FFDE548430DF478461DF3A84D2
:108F800091DF2D84C2DF2184F2DF148423E0078483
:108F900054E0FB8385E0EF83B5E0E283E6E0D6832F
:108FA00017E1CA8348E1BE8378E1B283A9E1A683D1
:108FB000DAE19A830BE28E833CE282836DE277836F
:108FC0009EE26B83CFE26083FFE2548330E3498308
:108FD00061E33E8392E33283C3E32783F4E31C839C
:108FE00026E4118357E4068388E4FB82B9E4F18226
:108FF000EAE4E6821BE5DB824CE5D1827DE5C682B0
:10900000AFE5BC82E0E5B28211E6A88242E69D822D
:1090100073E69382A5E68982D6E67F8207E77682A9
:1090200039E76C826AE762829BE75982CDE74F821B
:10903000FEE746822FE83C8261E8338292E82A828A
:10904000C4E82082F5E8178226E90E8258E90582F5
:1090500089E9FD81BBE9F481ECE9EB811EEAE2815B
:109060004FEADA8181EAD181B3EAC981E4EAC181B8
:1090700016EBB88147EBB08179EBA881ABEBA0810F
:10908000DCEB98810EEC90813FEC888171EC818162
:10909000A3EC7981D5EC728106ED6A8138ED6381AC
:1090A0006AED5B819BED5481CDED4D81FFED4681F5
:1090B00031EE3F8162EE388194EE3181C6EE2A8135
:1090C000F8EE23812AEF1D815CEF16818DEF108170
:1090D000BFEF0981F1EF038123F0FD8055F0F680A9
:1090E00087F0F080B9F0EA80EBF0E4801CF1DE80DC
:1090F0004EF1D98080F1D380B2F1CD80E4F1C88007
:1091000016F2C28048F2BD807AF2B780ACF2B2802B
:10911000DEF2AD8010F3A88042F3A38074F39E804A
:10912000A6F39980D8F394800AF48F803CF48B8066
:109130006EF48680A0F48280D3F47D8005F579807A
:1091400037F5758069F570809BF56C80CDF568808A
:10915000FFF5648031F6608063F65D8095F6598096
:10916000C8F65580FAF652802CF74E805EF74B8099
:1091700090F74780C2F74480F4F7418027F83E809B
:1091800059F83B808BF83880BDF83580EFF8328095
:1091900022F92F8054F92D8086F92A80B8F927808A
:1091A000EAF925801DFA23804FFA208081FA1E807B
:1091B000B3FA1C80E5FA1A8018FB18804AFB168067
:1091C0007CFB1480AEFB1380E1FB118013FC0F804D
:1091D00045FC0E8077FC0C80AAFC0B80DCFC0A802E
:1091E0000EFD098040FD088073FD0780A5FD068007
:1091F000D7FD058009FE04803CFE03806EFE0280E0
:10920000A0FE0280D2FE018005FF018037FF0180B1
:1092100069FF00809BFF0080CEFF008000000000FF
:1092200001000200040007000B000F0013001900EA
:109230001E0025002C0034003C0045004F00590062
:1092400064006F007B0088009500A300B100C0009F
:10925000D000E000F1000301150128013B014F019E
:10926000630179018E01A501BC01D301EB01040268
:109270001E02380252026D028902A502C202E002F9
:10928000FE021D033C035C037C039D03BF03E1035B
:10929000040427044B0470049504BB04E10408058E
:1092A0002F0557058005A905D305FD05280653069A
:1092B0007F06AB06D8060607340763079207C20786
:1092C000F207230854088608B808EB081F09530959
:1092D0008709BD09F209280A5F0A960ACE0A060B19
:1092E0003F0B780BB20BEC0B270C620C9E0CDA0CCC
:1092F000170D540D920DD00D0F0E4E0E8D0ECD0E7E
:109300000E0F4F0F910FD30F151058109C10DF1038
:1093100024116811AE11F31139128012C7120E1305
:1093200056139F13E71330147A14C4140E155915ED
:10933000A415F0153C168916D51623177017BE17FD
:109340000D185C18AB18FA184A199B19EB193C1A3E
:109350008E1AE01A321B841BD71B2A1C7E1CD21CBF
:10936000261D7B1DCF1D251E7A1ED01E261F7D1F8C
:10937000D41F2B208220DA2032218A21E3213C22B3
:109380009522EF224923A323FD235824B3240E253D
:109390006925C52521267D26D92636279327F0273E
:1093A0004D28AB2809296729C529232A822AE12AC1
:1093B000402B9F2BFF2B5F2CBE2C1E2D7F2DDF2DD6
:1093C000402EA02E012F622FC42F25308730E83089
:1093D0004A31AC310E327132D33236339833FB33EB
:1093E0005E34C13424358735EB354E36B236153709
:1093F0007937DD374138A43808396C39D139353AF5
:10940000993AFD3A623BC63B2A3C8F3CF33C583DBF
:10941000BD3D213E863EEA3E4F3FB43F18407D4071
:10942000E1404641AB410F427442D8423D43A14323
:1094300006446A44CF4433459745FB455F46C446DE
:1094400028478C47EF475348B7481B497E49E249B4
:10945000454AA84A0B4B6F4BD14B344C974CFA4CB6
:109460005C4DBE4D214E834EE54E464FA84F0A50EF
:109470006B50CC502D518E51EF514F52AF52105373
:109480007053CF532F548E54EE544D55AB550A564E
:109490006856C65624578257DF573D589A58F75892
:1094A0005359AF590B5A675AC35A1E5B795BD45B49
:1094B0002E5C885CE25C3C5D955DEE5D475EA05E87
:1094C000F85E505FA75FFF5F5660AC600361596153
:1094D000AF6104625962AE6202635663AA63FD63C0
:1094E0005064A364F56447659965EA653B668C66DC
:1094F000DC662B677B67CA6718686768B5680269AE
:109500004F699C69E869346A7F6ACA6A156B5F6B48
:10951000A96BF26B3B6C846CCC6C136D5B6DA16DB5
:10952000E86D2E6E736EB86EFC6E416F846FC76F00
:109530000A704C708E70CF70107151719171D07132
:109540000F724D728B72C972067342737E73BA7357
:10955000F5732F746974A374DC7414754C7583757A
:10956000BA75F17527765C769176C576F9762C77A3
:109570005F779177C377F477247854788478B378D9
:10958000E1780F793C7969799579C179EC79167A26
:10959000407A6A7A937ABB7AE37A0A7B307B567B8D
:1095A0007C7BA07BC57BE87B0B7C2E7C507C717C1C
:1095B000927CB27CD27CF17C0F7D2D7D4A7D677DD3
:1095C000837D9E7DB97DD37DED7D067E1F7E377EBA
:1095D0004E7E657E7B7E907EA57EB97ECD7EE07ED2
:1095E000F27E047F157F267F367F457F547F627F22
:1095F000707F7D7F897F957FA07FAA7FB47FBE7FAC
:10960000C67FCE7FD67FDC7FE37FE87FED7FF17F73
:10961000F57FF87FFB7FFD7FFE7FFE7FFE7FFE7F75
:10962000FD7FFB7FF87FF57FF17FED7FE87FE37FB4
:10963000DC7FD67FCE7FC67FBE7FB47FAA7FA07F30
:10964000957F897F7D7F707F627F547F457F367FE6
:10965000267F157F047FF27EE07ECD7EB97EA57EDB
:10966000907E7B7E657E4E7E377E1F7E067EED7D04
:10967000D37DB97D9E7D837D677D4A7D2D7D0F7D68
:10968000F17CD27CB27C927C717C507C2E7C0B7CF9
:10969000E87BC57BA07B7C7B567B307B0A7BE37AB7
:1096A000BB7A937A6A7A407A167AEC79C17995799D
:1096B00069793C790F79E178B378847854782478A3
:1096C000F477C37791775F772C77F976C5769176C3
:1096D0005C762776F175BA7583754C751475DC74F4
:1096E000A37469742F74F573BA737E73427306732F
:1096F000C9728B724D720F72D0719171517110716C
:10970000CF708E704C700A70C76F846F416FFC6EA3
:10971000B86E736E2E6EE86DA16D5B6D136DCC6CC3
:10972000846C3B6CF26BA96B5F6B156BCA6A7F6ACA
:10973000346AE8699C694F690269B56867681868A6
:10974000CA677B672B67DC668C663B66EA65996552
:109750004765F564A3645064FD63AA6356630263BE
:10976000AE6259620462AF6159610361AC605660D8
:10977000FF5FA75F505FF85EA05E475EEE5D955DA0
:109780003C5DE25C885C2E5CD45B795B1E5BC35AFB
:10979000675A0B5AAF595359F7589A583D58DF57E3
:1097A00082572457C65668560A56AB554D55EE5447
:1097B0008E542F54CF5370531053AF524F52EF511A
:1097C0008E512D51CC506B500A50A84F464FE54E4C
:1097D000834E214EBE4D5C4DFA4C974C344CD14BD0
:1097E0006F4B0B4BA84A454AE2497E491B49B74893
:1097F0005348EF478C472847C4465F46FB4597458B
:109800003345CF446A440644A1433D43D8427442A1
:109810000F42AB414641E1407D401840B43F4F3FCD
:10982000EA3E863E213EBD3D583DF33C8F3C2A3CFE
:10983000C63B623BFD3A993A353AD1396C39083921
:10984000A4384138DD3779371537B2364E36EB3527
:1098500087352435C1345E34FB3398333633D33205
:1098600071320E32AC314A31E83087302530C42FA6
:10987000622F012FA02E402EDF2D7F2D1E2DBE2CFE
:109880005F2CFF2B9F2B402BE12A822A232AC529FC
:1098900067290929AB284D28F02793273627D92691
:1098A0007D262126C52569250E25B3245824FD23B0
:1098B000A3234923EF2295223C22E3218A2132214E
:1098C000DA2082202B20D41F7D1F261FD01E7A1E57
:1098D000251ECF1D7B1D261DD21C7E1C2A1CD71BBE
:1098E000841B321BE01A8E1A3C1AEB199B194A1979
:1098F000FA18AB185C180D18BE1770172317D51679
:1099000089163C16F015A41559150E15C4147A14B1
:109910003014E7139F1356130E13C7128012391217
:10992000F311AE1168112411DF109C10581015109E
:10993000D30F910F4F0F0E0FCD0E8D0E4E0E0F0E3B
:10994000D00D920D540D170DDA0C9E0C620C270CE5
:10995000EC0BB20B780B3F0B060BCE0A960A5F0A94
:10996000280AF209BD09870953091F09EB08B8083D
:10997000860854082308F207C207920763073407D2
:109980000607D806AB067F0653062806FD05D30555
:10999000A905800557052F050805E104BB049504BA
:1099A00070044B0427040404E103BF039D037C03FC
:1099B0005C033C031D03FE02E002C202A502890211
:1099C0006D02520238021E020402EB01D301BC01F7
:1099D000A5018E01790163014F013B0128011501A9
:1099E0000301F100E000D000C000B100A300950029
:1099F00088007B006F00640059004F0045003C0068
:109A000034002C0025001E00190013000F000B006D
:109A10000700040002000100000000000000140024
:109A20005000B4003F01F201CC02CC03F2043D0629
:109A3000AC073E09F30AC90CBF0ED4100613551526
:109A4000BE17401ADA1C8B1F4F2226250E28052B25
:109A5000092E183131345137763A9F3DCA40F443CC
:109A60001B473E4A5B4D6F50795376566659465CAC
:109A7000145FCE61746402677869D46B156E3970B7
:109A80003E722474EA758D770E796B7AA47BB77C6D
:109A9000A47D6A7E097F817FD17FF97FF97FD17FA5
:109AA000817F097F6A7EA47DB77CA47B6B7A0E7967
:109AB0008D77EA7524743E723970156ED46B7869AF
:109AC00002677464CE61145F465C665976567953BA
:109AD0006F505B4D3E4A1B47F443CA409F3D763A68
:109AE000513731341831092E052B0E2826254F22E7
:109AF0008B1FDA1C401ABE1755150613D410BF0E63
:109B0000C90CF30A3E09AC073D06F204CC03CC02B3
:109B1000F2013F01B400500014000000000088056D
:109B20002C15382CB046FF5FC673987E987EC6739E
:109B3000FF5FB046382C2C1588050000000000009F
:109B40000000000001000100020003000400060004
:109B5000070009000B000D000F0011001300160094
:109B600018001B001E002200250028002C003000D9
:109B7000340038003C00400045004A004E005300CD
:109B800059005E00630069006F0075007B00810072
:109B900087008E0095009C00A300AA00B100B800C9
:109BA000C000C800D000D800E000E800F100FA00D2
:109BB00002010B0115011E01270131013B01450185
:109BC0004F01590163016E01780183018E019901F2
:109BD000A401B001BB01C701D301DF01EB01F70113
:109BE000040210021D022A023702440252025F02DE
:109BF0006D027A0288029702A502B302C202D00265
:109C0000DF02EE02FD020D031C032B033B034B039B
:109C10005B036B037C038C039D03AD03BE03CF0387
:109C2000E003F20303041504260438044A045D0427
:109C30006F0481049404A704BA04CD04E004F3047F
:109C400007051A052E05420556056A057E0593058A
:109C5000A705BC05D105E605FB05110626063C0651
:109C6000510667067D069306AA06C006D706ED06CE
:109C700004071B0732074907610778079007A80701
:109C8000C007D807F00708082108390852086B08F0
:109C900084089D08B608D008E90803091D0937099A
:109CA00051096B098509A009BA09D509F0090B0A00
:109CB000260A410A5C0A780A940AAF0ACB0AE70A24
:109CC000030B200B3C0B590B750B920BAF0BCC0B02
:109CD000E90B060C240C410C5F0C7D0C9B0CB90CA1
:109CE000D70CF50C140D320D510D6F0D8E0DAD0D01
:109CF000CD0DEC0D0B0E2B0E4A0E6A0E8A0EAA0E1F
:109D0000CA0EEA0E0A0F2B0F4C0F6C0F8D0FAE0F01
:109D1000CF0FF00F11103310541076109810B910A7
:109D2000DB10FD102011421164118711A911CC1113
:109D3000EF111212351258127C129F12C312E61242
:109D40000A132E13521376139A13BE13E313071438
:109D50002C14501475149A14BF14E41409152F15FB
:109D600054157A159F15C515EB15111637165D1686
:109D70008316AA16D016F7161D1744176B179217DD
:109D8000B917E01707182F1856187D18A518CD1801
:109D9000F5181C1944196D199519BD19E5190E1AF4
:109DA000361A5F1A881AB11AD91A021B2C1B551BB6
:109DB0007E1BA71BD11BFA1B241C4E1C771CA11C4D
:109DC000CB1CF51C1F1D4A1D741D9E1DC91DF31DB6
:109DD0001E1E491E731E9E1EC91EF41E1F1F4A1FF3
:109DE000761FA11FCC1FF81F24204F207B20A72007
:109DF000D320FF202B2157218321AF21DB210822F3
:109E0000342261228E22BA22E722142341236E23B8
:109E10009B23C823F523222450247D24AA24D8245C
:109E20000525332561258E25BC25EA2518264626DD
:109E30007426A226D126FF262D275C278A27B9273C
:109E4000E727162844287328A228D12800292F297B
:109E50005E298D29BC29EB291A2A492A792AA82AA0
:109E6000D82A072B372B662B962BC62BF52B252CA8
:109E7000552C852CB52CE52C152D452D752DA52D96
:109E8000D52D052E362E662E962EC72EF72E282F70
:109E9000582F892FBA2FEA2F1B304C307C30AD3031
:109EA000DE300F3140317131A231D33104323532DD
:109EB00066329732C832FA322B335C338E33BF337B
:109EC000F033223453348534B634E83419354B3505
:109ED0007C35AE35E035113643367536A636D83684
:109EE0000A373C376D379F37D137033835386738F5
:109EF0009938CB38FD382F3961399339C539F7395D
:109F0000293A5B3A8D3ABF3AF13A243B563B883BBB
:109F1000BA3BEC3B1E3C513C833CB53CE73C193D15
:109F20004C3D7E3DB03DE23D153E473E793EAC3E68
:109F3000DE3E103F423F753FA73FD93F0C403E40B9
:109F40007040A240D540074139416C419E41D0410B
:109F50000242354267429942CB42FE42304362435D
:109F60009443C643F9432B445D448F44C144F444B5
:109F7000264558458A45BC45EE452046524684460E
:109F8000B646E8461A474C477E47B047E247144872
:109F900046487848A948DB480D493F497149A249DC
:109FA000D449064A374A694A9B4ACC4AFE4A2F4B53
:109FB000614B924BC44BF54B264C584C894CBA4CD8
:109FC000EC4C1D4D4E4D7F4DB04DE24D134E444E69
:109FD000754EA64ED74E074F384F694F9A4FCB4F0D
:109FE000FB4F2C505D508D50BE50EE501F514F51C5
:109FF0008051B051E051115241527152A152D1528F
:10A000000153315361539153C153F153215450546F
:10A010008054B054DF540F553E556E559D55CC5568
:10A02000FB552B565A568956B856E756165745577C
:10A030007457A257D15700582E585D588B58BA58AC
:10A04000E858165944597359A159CF59FD592B5AFB
:10A05000595A865AB45AE25A0F5B3D5B6A5B985B69
:10A06000C55BF25B205C4D5C7A5CA75CD45C015DF7
:10A070002D5D5A5D875DB35DE05D0C5E395E655EAA
:10A08000915EBD5EE95E155F415F6D5F995FC55F83
:10A09000F05F1C60476073609E60C960F4601F6180
:10A0A0004A617561A061CB61F56120624B627562A6
:10A0B0009F62CA62F4621E63486372639C63C563F5
:10A0C000EF63196442646B649564BE64E764106571
:10A0D000396562658B65B365DC6504662D6655661A
:10A0E0007D66A566CE66F5661D6745676D679467F4
:10A0F000BC67E3670A68326859688068A768CD68FA
:10A10000F4681B69416968698E69B469DA69006A33
:10A11000266A4C6A716A976ABD6AE26A076B2C6BA1
:10A12000516B766B9B6BC06BE56B096C2E6C526C44
:10A13000766C9A6CBE6CE26C066D2A6D4D6D716D1D
:10A14000946DB76DDA6DFD6D206E436E666E886E30
:10A15000AB6ECD6EEF6E126F346F566F776F996F77
:10A16000BB6FDC6FFD6F1E70407061708170A270FC
:10A17000C370E37004712471447164718471A471BB
:10A18000C471E37103722272417260727F729E72B7
:10A19000BD72DB72FA7218733673547372739073F4
:10A1A000AE73CB73E9730674237441745E747A746E
:10A1B0009774B474D074EC740975257541755D7528
:10A1C00078759475AF75CB75E67501761C76367625
:10A1D00051766C768676A076BA76D476EE76087767
:10A1E00022773B7754776E778777A077B877D177E8
:10A1F000EA7702781A7832784A7862787A789278B0
:10A20000A978C078D778EE7805791C7933794979BF
:10A21000607976798C79A279B879CD79E379F87912
:10A220000D7A227A377A4C7A617A757A8A7A9E7AAE
:10A23000B27AC67ADA7AEE7A017B157B287B3B7B91
:10A240004E7B617B737B867B987BAB7BBD7BCF7BBF
:10A25000E07BF27B047C157C267C377C487C597C37
:10A260006A7C7A7C8B7C9B7CAB7CBB7CCB7CDA7CF9
:10A27000EA7CF97C087D177D267D357D447D527D05
:10A28000607D6F7D7D7D8A7D987DA67DB37DC07D5F
:10A29000CE7DDB7DE77DF47D017E0D7E197E257E02
:10A2A000317E3D7E497E547E5F7E6A7E767E807EF4
:10A2B0008B7E967EA07EAA7EB47EBE7EC87ED27E37
:10A2C000DB7EE57EEE7EF77E007F097F117F1A7FC1
:10A2D000227F2A7F327F3A7F427F497F517F587F9A
:10A2E0005F7F667F6D7F737F7A7F807F867F8C7FC5
:10A2F000927F987F9D7FA37FA87FAD7FB27FB77F3E
:10A30000BB7FC07FC47FC87FCC7FD07FD47FD77F07
:10A31000DB7FDE7FE17FE47FE77FE97FEC7FEE7F1D
:10A32000F07FF27FF47FF67FF87FF97FFA7FFB7F83
:10A33000FC7FFD7FFE7FFE7FFE7FFE7FFE7FFE7F38
:10A34000FE7FFE7FFD7FFC7FFB7FFA7FF97FF87F3A
:10A35000F67FF47FF27FF07FEE7FEC7FE97FE77F8F
:10A36000E47FE17FDE7FDB7FD77FD47FD07FCC7F30
:10A37000C87FC47FC07FBB7FB77FB27FAD7FA87F20
:10A38000A37F9D7F987F927F8C7F867F807F7A7F5F
:10A39000737F6D7F667F5F7F587F517F497F427FEC
:10A3A0003A7F327F2A7F227F1A7F117F097F007FC9
:10A3B000F77EEE7EE57EDB7ED27EC87EBE7EB47EFC
:10A3C000AA7EA07E967E8B7E807E767E6A7E5F7E73
:10A3D000547E497E3D7E317E257E197E0D7E017E36
:10A3E000F47DE77DDB7DCE7DC07DB37DA67D987D50
:10A3F0008A7D7D7D6F7D607D527D447D357D267DAE
:10A40000177D087DF97CEA7CDA7CCB7CBB7CAB7C5D
:10A410009B7C8B7C7A7C6A7C597C487C377C267C54
:10A42000157C047CF27BE07BCF7BBD7BAB7B987B98
:10A43000867B737B617B4E7B3B7B287B157B017B23
:10A44000EE7ADA7AC67AB27A9E7A8A7A757A617AFE
:10A450004C7A377A227A0D7AF879E379CD79B8791E
:10A46000A2798C7976796079497933791C79057983
:10A47000EE78D778C078A97892787A7862784A7836
:10A4800032781A780278EA77D177B877A077877729
:10A490006E7754773B7722770877EE76D476BA7664
:10A4A000A07686766C76517636761C760176E675E1
:10A4B000CB75AF75947578755D75417525750975A2
:10A4C000EC74D074B47497747A745E7441742374A9
:10A4D0000674E973CB73AE739073727354733673EF
:10A4E0001873FA72DB72BD729E727F726072417273
:10A4F00022720372E371C471A47184716471447136
:10A5000024710471E370C370A27081706170407037
:10A510001E70FD6FDC6FBB6F996F776F566F346F76
:10A52000126FEF6ECD6EAB6E886E666E436E206EF0
:10A53000FD6DDA6DB76D946D716D4D6D2A6D066DA3
:10A54000E26CBE6C9A6C766C526C2E6C096CE56B8E
:10A55000C06B9B6B766B516B2C6B076BE26ABD6AB1
:10A56000976A716A4C6A266A006ADA69B4698E6908
:10A57000686941691B69F468CD68A7688068596893
:10A5800032680A68E367BC6794676D6745671D6753
:10A59000F566CE66A5667D6655662D660466DC6545
:10A5A000B3658B65626539651065E764BE64956463
:10A5B0006B6442641964EF63C5639C6372634863B0
:10A5C0001E63F462CA629F6275624B622062F5612B
:10A5D000CB61A06175614A611F61F460C9609E60D2
:10A5E000736047601C60F05FC55F995F6D5F415F9E
:10A5F000155FE95EBD5E915E655E395E0C5EE05D95
:10A60000B35D875D5A5D2D5D015DD45CA75C7A5CAE
:10A610004D5C205CF25BC55B985B6A5B3D5B0F5BEE
:10A62000E25AB45A865A595A2B5AFD59CF59A15950
:10A63000735944591659E858BA588B585D582E58D2
:10A640000058D157A257745745571657E756B85672
:10A6500089565A562B56FB55CC559D556E553E5531
:10A660000F55DF54B054805450542154F153C1530A
:10A670009153615331530153D152A15271524152FE
:10A680001152E051B05180514F511F51EE50BE5008
:10A690008D505D502C50FB4FCB4F9A4F694F384F28
:10A6A000074FD74EA64E754E444E134EE24DB04D59
:10A6B0007F4D4E4D1D4DEC4CBA4C894C584C264CA0
:10A6C000F54BC44B924B614B2F4BFE4ACC4A9B4AF5
:10A6D000694A374A064AD449A24971493F490D4956
:10A6E000DB48A948784846481448E247B0477E47C7
:10A6F0004C471A47E846B646844652462046EE4541
:10A70000BC458A4558452645F444C1448F445D44C0
:10A710002B44F943C643944362433043FE42CB4249
:10A720009942674235420242D0419E416C413941D3
:10A730000741D540A24070403E400C40D93FA73F62
:10A74000753F423F103FDE3EAC3E793E473E153EF0
:10A75000E23DB03D7E3D4C3D193DE73CB53C833C80
:10A76000513C1E3CEC3BBA3B883B563B243BF13A08
:10A77000BF3A8D3A5B3A293AF739C539933961398D
:10A780002F39FD38CB389938673835380338D13709
:10A790009F376D373C370A37D836A636753643367D
:10A7A0001136E035AE357C354B351935E834B634E5
:10A7B000853453342234F033BF338E335C332B3340
:10A7C000FA32C8329732663235320432D331A2318E
:10A7D000713140310F31DE30AD307C304C301B30C8
:10A7E000EA2FBA2F892F582F282FF72EC72E962EF3
:10A7F000662E362E052ED52DA52D752D452D152D04
:10A80000E52CB52C852C552C252CF52BC62B962B01
:10A81000662B372B072BD82AA82A792A492A1A2AE5
:10A82000EB29BC298D295E292F290029D128A228AE
:10A83000732844281628E727B9278A275C272D275D
:10A84000FF26D126A226742646261826EA25BC25F0
:10A850008E25612533250525D824AA247D2450245E
:10A860002224F523C8239B236E2341231423E722AC
:10A87000BA228E22612234220822DB21AF218321D9
:10A8800057212B21FF20D320A7207B204F202420DD
:10A89000F81FCC1FA11F761F4A1F1F1FF41EC91EC1
:10A8A0009E1E731E491E1E1EF31DC91D9E1D741D76
:10A8B0004A1D1F1DF51CCB1CA11C771C4E1C241C03
:10A8C000FA1BD11BA71B7E1B551B2C1B021BD91A65
:10A8D000B11A881A5F1A361A0E1AE519BD19951998
:10A8E0006D1944191C19F518CD18A5187D1856189E
:10A8F0002F180718E017B91792176B1744171D1771
:10A90000F716D016AA1683165D1637161116EB1514
:10A91000C5159F157A1554152F150915E414BF1484
:10A920009A14751450142C140714E313BE139A13BD
:10A93000761352132E130A13E612C3129F127C12BF
:10A94000581235121212EF11CC11A911871164118E
:10A9500042112011FD10DB10B91098107610541020
:10A9600033101110F00FCF0FAE0F8D0F6C0F4C0F77
:10A970002B0F0A0FEA0ECA0EAA0E8A0E6A0E4A0E94
:10A980002B0E0B0EEC0DCD0DAD0D8E0D6F0D510D73
:10A99000320D140DF50CD70CB90C9B0C7D0C5F0C13
:10A9A000410C240C060CE90BCC0BAF0B920B750B76
:10A9B000590B3C0B200B030BE70ACB0AAF0A940A96
:10A9C000780A5C0A410A260A0B0AF009D509BA0975
:10A9D000A00985096B09510937091D090309E9080F
:10A9E000D008B6089D0884086B0852083908210869
:10A9F0000808F007D807C007A8079007780761077D
:10AA0000490732071B070407ED06D706C006AA064A
:10AA100093067D06670651063C0626061106FB05D1
:10AA2000E605D105BC05A70593057E056A05560513
:10AA300042052E051A050705F304E004CD04BA0407
:10AA4000A704940481046F045D044A0438042604B6
:10AA500015040304F203E003CF03BE03AD039D031B
:10AA60008C037C036B035B034B033B032B031C0333
:10AA70000D03FD02EE02DF02D002C202B302A50204
:10AA8000970288027A026D025F0252024402370284
:10AA90002A021D0210020402F701EB01DF01D301BB
:10AAA000C701BB01B001A40199018E0183017801A6
:10AAB0006E01630159014F0145013B01310127013D
:10AAC0001E0115010B010201FA00F100E800E0008F
:10AAD000D800D000C800C000B800B100AA00A30090
:10AAE0009C0095008E00870081007B0075006F0040
:10AAF000690063005E00590053004E004A004500A3
:10AB000040003C003800340030002C0028002500B4
:10AB100022001E001B0018001600130011000F0079
:10AB20000D000B00090007000600040003000200EE
:10AB3000010001000000000000000000000004000F
:10AB400013002C004F007C00B200F3003D01910186
:10AB5000EE015602C6024103C5035204E80488050B
:10AB60003106E2069D0760082C09010ADE0AC30BC4
:10AB7000B00CA50DA20EA70FB310C711E21204145A
:10AB80002C155C169117CD18101A581BA51CF91D11
:10AB9000511FAF2011227823E4245426C7273F29D0
:10ABA000BA2A382CBA2D3E2FC5304E32D9336735EC
:10ABB000F6368638173AAA3B3D3DD03E6440F84110
:10ABC0008B431E45B0464048D0495E4BEB4C754E1A
:10ABD000FD4F83510553855402567B57F158635AF4
:10ABE000D15B3A5D9F5EFF5F5A61B06200644B6566
:10ABF0009066CF6708693B6A676B8C6CAA6DC26E02
:10AC0000D26FDA70DB71D472C673AF7490756976E7
:10AC100039770078BF787679237AC77A627BF47BBC
:10AC20007C7CFC7C717DDD7D407E987EE87E2D7F86
:10AC3000687F9A7FC27FDF7FF37FFD7FFD7FF37F99
:10AC4000DF7FC27F9A7F687F2D7FE87E987E407E7F
:10AC5000DD7D717DFC7C7C7CF47B627BC77A237A12
:10AC60007679BF780078397769769075AF74C67356
:10AC7000D472DB71DA70D26FC26EAA6D8C6C676BA6
:10AC80003B6A0869CF6790664B650064B0625A61A1
:10AC9000FF5F9F5E3A5DD15B635AF1587B57025666
:10ACA000855405538351FD4F754EEB4C5E4BD04997
:10ACB0004048B0461E458B43F8416440D03E3D3D80
:10ACC000AA3B173A8638F6366735D9334E32C53047
:10ACD0003E2FBA2D382CBA2A3F29C7275426E42400
:10ACE00078231122AF20511FF91DA51C581B101AE3
:10ACF000CD1891175C162C150414E212C711B3106D
:10AD0000A70FA20EA50DB00CC30BDE0A010A2C0979
:10AD100060089D07E20631068805E8045204C50371
:10AD20004103C6025602EE0191013D01F300B2005B
:10AD30007C004F002C0013000400000000004F01B5
:10AD40002F05780BE713251EC5294E363D430A50C3
:10AD50002E5C2B678E70F4770F7DAA7FAA7F0F7D04
:10AD6000F4778E702B672E5C0A503D434E36C52912
:10AD7000251EE713780B2F054F010000000001008E
:10AD800004000B0013001E002C003C004F00640068
:10AD90007B009500B200D000F20015013C01640177
:10ADA0008F01BD01EC011F0253028A02C402FF029F
:10ADB0003E037E03C10306044E049704E3043205F8
:10ADC0008205D5052B068206DC0637079507F607B0
:10ADD0005808BD0823098C09F709640AD30A440BF3
:10ADE000B70B2D0CA40C1D0D980D150E940E150F00
:10ADF000980F1D10A3102C11B6114212D0125F1320
:10AE0000F11384141815AF154716E0167B171818A0
:10AE1000B6185619F7199A1A3E1BE41B8B1C331DE2
:10AE2000DD1D881E351FE21F91204121F221A52240
:10AE300058230D24C3247A253226EA26A4275F2826
:10AE40001B29D729952A532B122CD22C922D542E04
:10AE5000162FD82F9B305F312432E932AE33743451
:10AE60003A350136C836903758382039E839B13A82
:10AE70007A3B433C0C3DD53D9E3E683F3140FB4014
:10AE8000C4418E4257432044E944B2457A46424782
:10AE90000A48D2489949604A274BED4BB34C784D4C
:10AEA0003D4E014FC44F87504A510B52CC528C53E8
:10AEB0004C540A55C85585564157FD57B7587059D7
:10AEC000285AE05A965B4B5CFF5CB25D645E155F8E
:10AED000C55F73602061CB6176621F63C7636D6479
:10AEE0001265B5655766F86697673568D0686B690F
:10AEF000046A9B6A306BC46B566CE76C756D026EAE
:10AF00008D6E176F9E6F2470A7702971A9712772BB
:10AF1000A4721E7396730C748074F3746375D17588
:10AF20003D76A7760E777477D77739789878F57865
:10AF30005079A879FE79527AA47AF47A417B8C7B95
:10AF4000D47B1B7C5F7CA07CE07C1D7D577D907D4D
:10AF5000C57DF97D2A7E587E857EAE7ED67EFB7EBF
:10AF60001D7F3D7F5B7F767F8F7FA57FB97FCA7F07
:10AF7000D97FE57FEF7FF77FFC7FFE7FFE7FFC7F41
:10AF8000F77FEF7FE57FD97FCA7FB97FA57F8F7F6E
:10AF9000767F5B7F3D7F1D7FFB7ED67EAE7E857E8E
:10AFA000587E2A7EF97DC57D907D577D1D7DE07C94
:10AFB000A07C5F7C1B7CD47B8C7B417BF47AA47A65
:10AFC000527AFE79A8795079F57898783978D777D8
:10AFD00074770E77A7763D76D1756375F3748074B8
:10AFE0000C7496731E73A4722772A9712971A770CD
:10AFF00024709E6F176F8D6E026E756DE76C566CC8
:10B00000C46B306B9B6A046A6B69D068356897675C
:10B01000F8665766B56512656D64C7631F6376622F
:10B02000CB6120617360C55F155F645EB25DFF5CDC
:10B030004B5C965BE05A285A7059B758FD574157F8
:10B040008556C8550A554C548C53CC520B524A5114
:10B050008750C44F014F3D4E784DB34CED4B274BBD
:10B06000604A9949D2480A4842477A46B245E9447B
:10B07000204457438E42C441FB403140683F9E3ECE
:10B08000D53D0C3D433C7A3BB13AE839203958383C
:10B090009037C83601363A357434AE33E93224324B
:10B0A0005F319B30D82F162F542E922DD22C122C7C
:10B0B000532B952AD7291B295F28A427EA26322655
:10B0C0007A25C3240D245823A522F2214121912061
:10B0D000E21F351F881EDD1D331D8B1CE41B3E1B2C
:10B0E0009A1AF7195619B61818187B17E01647164A
:10B0F000AF1518158414F1135F13D0124212B61154
:10B100002C11A3101D10980F150F940E150E980DED
:10B110001D0DA40C2D0CB70B440BD30A640AF709C0
:10B120008C092309BD085808F60795073707DC0680
:10B1300082062B06D50582053205E30497044E04EA
:10B140000604C1037E033E03FF02C4028A025302C7
:10B150001F02EC01BD018F0164013C011501F200E9
:10B16000D000B20095007B0064004F003C002C0032
:10B170001E0013000B00040001000000000051003D
:10B180004401D7020605CB071E0BF90E4F13181802
:10B19000461DCD229D28AA2EE234373B9741F44725
:10B1A0003D4E6154515AFF5F5B65586AE96E037307
:10B1B0009B76A879227C047E487FEA7FEA7F487FDD
:10B1C000047E227CA8799B760373E96E586A5B65DE
:10B1D000FF5F515A61543D4EF4479741373BE2348B
:10B1E000AA2E9D28CD22461D18184F13F90E1E0BAE
:10B1F000CB070605D7024401510000004C495333E8
:10B200004D444C0000D0D54500D0554500900E452A
:10B2100000E0D5440000000000000000CD62020004
:10B220000591020009720300A1A603002DA50300E9
:10B2300019000000180000000A0000002B000000A8
:10B240002A00000028000000070000002200000083
:10B25000100000001A0000001B00000006000000A3
:10B2600008000000290000000400000005000000A4
:10B270001E0000001C00000002000000030000008F
:10B280001D0000001F0000000C0000000B0000006B
:10B290000F0000000D0000000E0000001300000071
:10B2A000140000001100000016000000170000004C
:10B2B000150000000900000000000000010000006F
:10B2C00020000000657870006C6F6731300000006E
:10B2D000706F770000000000000000000000E03FF9
:10B2E000000000000000E0BF0000E0FE422EE63F4C
:10B2F0000000E0FE422EE6BF763C7935EF39EA3DAC
:10B30000763C7935EF39EABD00000000000030439B
:10B3100000000000000030C3252525642E2564664A
:10B3200000000000546D725100000000546D722046
:10B33000537663006C6F6F70000000000100000026
:10B3400043616C6C6261636B00000000B8610020B7
:10B35000494E4600696E66004E414E006E616E00B9
:10B360003000303132333435363738394142434496
:10B37000454600303132333435363738396162630F
:10B38000646566000020202020202020202028281E
:10B390002828282020202020202020202020202095
:10B3A00020202020208810101010101010101010D5
:10B3B0001010101010040404040404040404041005
:10B3C0001010101010104141414141410101010193
:10B3D000010101010101010101010101010101015D
:10B3E0001010101010104242424242420202020269
:10B3F000020202020202020202020202020202022D
:10B4000010101010200000000000000000000000DC
:10B41000000000000000000000000000000000002C
:10B42000000000000000000000000000000000001C
:10B43000000000000000000000000000000000000C
:10B4400000000000000000000000000000000000FC
:10B4500000000000000000000000000000000000EC
:10B4600000000000000000000000000000000000DC
:10B4700000000000000000000000000000000000CC
:10B480000000000000496E66696E697479004E61C3
:10B490004E0000000000000000000000000000005E
:10B4A000000000000000000000000000000000009C
:10B4B000000000000000000000000000000000008C
:10B4C000000000000000000000000000000000007C
:10B4D000000000000000000000000000000000006C
:10B4E000000000000000000000000000000000005C
:10B4F000000000004300504F534958002E00000048
:10B500000080E03779C34143176E05B5B5B893465F
:10B51000F5F93FE9034F384D321D30F94877825A2B
:10B520003CBF737FDD4F1575000000000000F03F49
:10B53000000000000000244000000000000059400E
:10B540000000000000408F40000000000088C34061
:10B5500000000000006AF8400000000080842E41D6
:10B5600000000000D01263410000000084D7974122
:10B570000000000065CDCD41000000205FA0024228
:10B58000000000E876483742000000A2941A6D429D
:10B59000000040E59C30A2420000901EC4BCD64290
:10B5A00000003426F56B0C430080E03779C341433B
:10B5B00000A0D8855734764300C84E676DC1AB43B1
:10B5C000003D9160E458E143408CB5781DAF1544CF
:10B5D00050EFE2D6E41A4B4492D54D06CFF08044AA
:10B5E000F64AE1C7022DB544B49DD9794378EA44BF
:10B5F00005000000190000007D000000232D302B05
:10B600002000686C4C0065666745464700000000F6
:04B610000000000036
:08B614003CACFD7F01000000C9
:10B61C000000000023000000803E00001400000029
:10B62C007B000000B9000000F70000003333733FCB
:10B63C0009000000FA00000004000000881300005C
:10B64C005E010000340C0000D00700000800000070
:10B65C006E000000D400000008000000E8030000A9
:10B66C00E8030000C8000000D0070000A092FFFF14
:10B67C00B80B0000040000003075000088130000B7
:10B68C00DC05000026320900090000000A00000059
:10B69C0000000306B200080001000000A80008002A
:10B6AC0002000000A0001400030057494E555342FD
:10B6BC0000000000000000000000840004000700EF
:10B6CC002A004400650076006900630065004900AB
:10B6DC006E00740065007200660061006300650016
:10B6EC0047005500490044007300000050007B00E7
:10B6FC00390037003500460034003400440039006E
:10B70C002D0030004400300038002D003400330090
:10B71C00460044002D0038004200330045002D0047
:10B72C003100320037004300410038004100460030
:10B73C0046004600390044007D0000000000000077
:10B74C000400000010000C0020B00020EC5104009C
:10B75C0000000000000000000000000000000000DD
:10B76C0000000000000000000000000000000000CD
:10B77C0000000000000000000000000000000000BD
:10B78C0000000000000000000000000000000000AD
:10B79C00000000000000000000000000000000009D
:10B7AC00FF01000094E100200090D003080000008D
:10B7BC000A0000000CE1002020E1002034E1002010
:10B7CC0048E10020B861002000000000B4B404007F
:10B7DC00D4B4040094B40400000000000000000085
:10B7EC00000000000000000000000000000000004D
:10B7FC00000000000000000000000000000000003D
:10B80C00000000000000000000000000000000002C
:10B81C00000000000000000000000000000000001C
:10B82C0000000000000000004300000000000000C9
:10B83C0000000000000000000000000000000000FC
:10B84C0000000000000000004300000000000000A9
:10B85C0000000000000000000000000000000000DC
:10B86C000000000000000000430000000000000089
:10B87C0000000000000000000000000000000000BC
:10B88C000000000000000000430000000000000069
:10B89C00000000000000000000000000000000009C
:10B8AC000000000000000000430000000000000049
:10B8BC00000000000000000000000000000000007C
:10B8CC000000000000000000430000000000000029
:10B8DC00000000000000000000000000000000005C
:10B8EC000000000000000000430000000000000009
:10B8FC00000000000000000000000000000000003C
:10B90C000000000000000000A53A0400A93004006B
:10B91C000000000084B30400FCB4040001B6040071
:10B92C0001B6040001B6040001B6040001B604001F
:10B93C0001B6040001B6040001B6040001B604000F
:10B94C00FFFFFFFFFFFFFFFFFFFFFFFFFFFF0000F9
:10B95C000100415343494900000000000000000071
:10B96C0000000000000000000000000000000000CB
:10B97C000000415343494900000000000000000052
:10B98C0000000000000000000000000000000000AB
:10B99C0000000000016202003562020011910200F9
:10B9AC00C5CB0200E9310300CD64030049840300D8
:08B9BC002507040011620200DE
:040000033000F2A136
:00000001FF
